Region code,Region name,Year,GDP per capita (euro at current prices),Net disposable household income,Imports (euro),Exports (euro),"Gross value added (millions of euro), A Agriculture, forestry and fishing (01-03)","Gross value added (millions of euro), B Mining and quarrying (05-09)","Gross value added (millions of euro), C Manufacturing (10-33)","Gross value added (millions of euro), D, E Electricity, gas, steam and air conditioning and water supply; sewerage and waste management (35-39)","Gross value added (millions of euro), F Construction (41-43)","Gross value added (millions of euro), G Wholesale and retail trade; repair of motor vehicles and motorcycles (45-47)","Gross value added (millions of euro), H Transportation and storage (49-53)","Gross value added (millions of euro), I Accommodation and food service activities (55-56)","Gross value added (millions of euro), J Information and communication (58-63)","Gross value added (millions of euro), K Financial and insurance activities (64-66)","Gross value added (millions of euro), L Real estate activities","Gross value added (millions of euro), M Professional, scientific and technical activities (69-75)","Gross value added (millions of euro), N Administrative and support service activities (77-82)","Gross value added (millions of euro), O Public administration and defence; compulsory social security (84)","Gross value added (millions of euro), P Education (85)","Gross value added (millions of euro), Q Human health and social work activities (86-88)","Gross value added (millions of euro), R, S Other service activities (90-96)","Gross value added (millions of euro),  T Activities of households as employers; undifferentiated goods- and services-producing activities of households for own use (97-98)",Mean household debt,Population with a higher university level degree,Population with a lowest level tertiary or lower university level degree,Total population aged 0 - 24 years,Total population aged 25 - 39 years,Total population aged 40 - 59 years,Total population aged 60+ years,Total (population),Total population employed in Primary production sector,Total population employed in Processing sector,Total population employed in Services sector
1,Uusimaa,2000,36270.1,21447,,,255.5,40.8,15598.9,964.9,2501.6,5985.4,3248.8,609.3,3475.9,2205.2,4110.6,2677.2,1070.4,2374,1808.3,2503.3,1123.2,12.4,,,,,,,,,,,
1,Uusimaa,2001,38454.8,21341,,,235.4,43.4,16651.9,1049.8,2766.6,6491.5,3325.1,736.1,4055.9,2341.5,4309,2818.8,1202.1,2481.2,1906.9,2767.8,1154.7,7.7,,,,,,,,,,,
1,Uusimaa,2002,38552.7,22305,,,246.1,39.1,15138.7,1145.8,2449.9,6530.9,3381.9,751.4,4565.4,2108.8,4661.6,2828.2,1253.7,2506.5,1981.8,2977.4,1256.3,8.9,,,,,,,,,,,
1,Uusimaa,2003,38643.2,23552,,,235.6,34.6,15059.6,1354.2,2567,6380.4,3269.9,767.4,4293.5,1982.5,4864.7,2929.8,1366.6,2635.8,2043.4,3056,1299.9,11.4,72939.88461538461,,,,,,,,,,
1,Uusimaa,2004,40312.2,24999,,,233.9,42.8,15142.6,1343.7,2754.4,6842.6,3266.5,851.3,4858.8,2246,4920.7,3105.6,1545.6,2852.3,2125.5,3181.5,1268.6,16.7,81832.23076923077,,,,,,,,,,
1,Uusimaa,2005,41705,26015,,,221.4,34.3,16235.7,1417.9,2926.1,6995.2,3437.1,891.1,4330.3,2525.2,5283.1,3258.3,1705.4,2870.7,2276.7,3337.5,1474.7,16.9,93132.61538,,,,,,,,,,
1,Uusimaa,2006,43989.1,26950,,,207.5,46.1,17569.9,1720,3063.1,7027.3,3363.3,946.9,4375.2,2741,5538.2,3543.1,1877,3588.1,2320.3,3527.1,1636,17.5,101449.23076923077,,,,,,,,,,
1,Uusimaa,2007,47355.2,29069,,,236.6,32.2,19158.1,1788.2,3477.2,7910.3,3792.8,1052.1,4948,3256.6,5664.3,3985,2053.4,3821.1,2426.6,3720.8,1699.9,17.1,107646.57692307692,,,,,,,,,,
1,Uusimaa,2008,48910.2,29959,,,253.7,22.8,18870.2,1774.6,3590,8583.1,3661.7,1148.5,5092.6,2973,6328.6,4334.6,2611.3,4180.6,2612,3906.9,1911,23.7,109173.76923076923,,,,,,,,,,
1,Uusimaa,2009,46620.1,31137,,,217.1,77.3,14534.3,2229.6,3510.4,7800.7,3108.9,1084.9,5069.1,3030.7,6592.7,4088.6,2323.4,4417.3,2773.7,4285.2,1950.5,25.5,112624.34615384616,,,,,,,,,,
1,Uusimaa,2010,47943.9,33234,,,225.1,75.2,15811.8,2370.2,3561.6,7841.1,3447.4,1089.9,5200.9,2846.9,6673.3,4242.7,2523,4781.2,2909.4,4390.3,2040.2,28.6,116941.15384615384,170085,268622,444063,326770,417818,314623,1503274,3192,111588,549909
1,Uusimaa,2011,48614,34636,,,201.9,65.5,14785.2,2207.8,3521.6,8706.4,3544,1136.1,5455.9,2974,7052.2,4591.6,2542.9,3957.9,3025.6,4479.7,2168.3,31.8,116862.46153846152,175624,273653,447164,331049,417755,323207,1519175,3062,113543,560193
1,Uusimaa,2012,48536.8,35093,,,198,70.5,11156.4,1956.6,3865.8,9294.5,3570.8,1178.1,5703.1,3137.1,7260.5,4886.2,2668.9,3991.2,3274,4897.1,2207.1,40.2,127215.3846153846,181894,278338,450804,336391,417782,332089,1537066,3186,112512,571369
1,Uusimaa,2013,49746.8,36204,,,199.5,48.4,13413,1875.4,3924.9,9242.9,3709.4,1039.9,6005.4,3056.5,7505.5,4836.7,2747.2,4251.5,3307.8,5022.9,2286.8,46,128090.84615384616,189729,284718,453236,343239,418122,340420,1555017,3153,109822,565767
1,Uusimaa,2014,49522.7,36825,,,210.9,64.4,14165.7,2235.6,3713.6,8223.4,3707.7,1094.9,6457.9,3561,7860.3,4833.4,2742,3923.9,3454.4,5041.3,2285.6,55.8,126919.6153846154,195740,288609,455413,347864,420295,348359,1571931,3028,106897,557266
1,Uusimaa,2015,51046.2,38178,33474000000,16912000000,217.5,7.7,15675.9,2091,3993.3,8411.8,3745.8,1160.8,6835.1,3535.4,8322,4952,2863.6,4107.7,3666.6,5283.8,2329.5,57.2,128305.80769230767,201058,291433,456475,352227,423623,356694,1589019,3113,106380,555828
1,Uusimaa,2016,51914,38637,34441000000,15850000000,219.8,47,15052.8,2250.4,4547.2,8250.4,3734.9,1220.7,7101,3910.6,8530.5,5048.4,3201.1,4159.3,3462.2,5414.6,2406.4,64.6,131136.65384615384,207805,295835,457391,357604,426846,364735,1606576,2858,108222,561703
1,Uusimaa,2017,53512.8,39634,36814000000,18255000000,214.5,70,17187,2300.8,4877.4,8617.2,3912.4,1334.6,7408.4,4035.8,8873.6,5282.7,3502.8,3851.6,3459.7,5453.5,2416.2,65.4,130340.84615384616,216261,300755,457418,363742,430520,372569,1624249,2930,111935,575589
1,Uusimaa,2018,54982,41960,38838000000,18717000000,234.3,70.7,15707.5,2491.9,5306.2,8723.5,3957,1431.5,7605.5,4230.2,9677,5614.7,3817.1,4005.8,3540.7,5623,2574.7,73.5,129762.34615384616,228132,309572,456472,369411,434450,379938,1640271,2784,115391,588057
1,Uusimaa,2019,56756.6,42957,38416000000,19361000000,244.7,50.6,16927.2,2726.2,5513.9,8751.4,4194.8,1523.3,8041.6,3797.1,10053.9,5659.8,4255.7,4185.6,3745,5895.5,2998.3,76.8,129520.42307692308,236407,314090,456320,376282,438771,388184,1659557,2689,113789,584836
1,Uusimaa,2020,55424.5,43850,33873000000,16571000000,231.6,51,17002,2792.9,5817.5,9233.4,2684.9,856.8,8344.9,3853.5,10116,5935.6,3786.5,4337,3787.1,6128.8,2814.1,77.5,131815.84615384616,245295,317265,455702,381118,442293,395390,1674503,2593,113751,578326
1,Uusimaa,2021,57622.9,47883,40962000000,19341000000,244.2,30,16853.4,3061.4,5554.5,9553.2,2884.8,844.9,9226.1,4446.4,10931.6,6357.2,3861.1,4398,3950.8,6591.8,2918.8,83.7,132178.3076923077,251638,319218,455843,382903,445284,402439,1686469,2711,121167,605067
1,Uusimaa,2022,60375.8,50355,52476000000,23877000000,270.3,25,21942.5,3531.8,5605.8,9552.8,3764.5,1289.4,8829,4958,9328.1,6638.9,4071.4,4603,4117.3,6960.2,3126,92.2,125340.92307692308,257566,320718,457295,387174,450489,409029,1703987,2688,124267,628072
1,Uusimaa,2023,,,45234000000,25849000000,284.8,,,,,,,,,,,,,,,,,,,269458,326742,461928,393410,456991,417127,1729456,2703,121485,637982
1,Uusimaa,2024,,,42750000000,22418000000,,,,,,,,,,,,,,,,,,,,,,,,,,,,,
1,Uusimaa,2025,,,,,,,,,,,,,,,,,,,,,,,,,,,,,,,,,
2,Southwest Finland,2000,26094,5744,,,364.3,25.4,,,725.8,675.5,570.7,135.7,268.4,297.3,,307.1,224.1,447.1,517.3,774.7,200.4,4.9,,,,,,,,,,,
2,Southwest Finland,2001,26551.8,5876,,,348.7,28.7,,,737.1,767.2,690.9,155.8,347.1,326.3,,339.5,205.4,477,559.2,848.8,223.5,5.1,,,,,,,,,,,
2,Southwest Finland,2002,29570.2,6165,,,358.2,26.9,6858.2,247.3,767.4,808.1,695.8,154.8,401.2,281,1057.3,354.7,236.1,572.9,589.9,883.8,228.7,5.4,,,,,,,,,,,
2,Southwest Finland,2003,29065.6,6447,,,348.1,27.3,6097.3,265.7,694.5,843.4,727.4,170,353.2,246.7,1140.7,369.7,255.4,559.2,620.3,945.9,243,6.7,72501.55555555556,,,,,,,,,,
2,Southwest Finland,2004,30627.2,6780,,,342.9,29.3,6541.3,286.7,741.4,914.7,699.5,185.5,393.5,258.3,1248.6,387.6,248.3,563.1,656.2,1003.9,264.4,8.6,78301.37037037036,,,,,,,,,,
2,Southwest Finland,2005,31344.2,6968,,,327.6,30.3,6805.2,301.6,843.5,884.5,631.8,184.5,374.2,272.5,1244.9,425.7,318.1,588.5,690.4,1060.8,260.4,9.2,85237.48148148147,,,,,,,,,,
2,Southwest Finland,2006,32924.9,7426,,,234.4,31.2,7077.6,345.7,954.1,1026,694.8,195.1,411.7,292.6,1276.5,462.9,370.5,544.2,708.4,1137,281.1,9.4,93198.81481481482,,,,,,,,,,
2,Southwest Finland,2007,36024.5,7795,,,321.6,46.1,8378.3,340.2,1033.6,1065,741.3,213.1,441.7,322.8,1354.9,523.9,415.2,572.3,739,1211.5,282.4,9.8,97758.70370370372,,,,,,,,,,
2,Southwest Finland,2008,36529.7,8069,,,331.9,37.4,8413.6,348.1,1093.3,1167.4,729.6,224.4,405.9,280.6,1404.8,437.9,428.5,604.9,793.4,1312.8,329.9,10.1,101017.70370370372,,,,,,,,,,
2,Southwest Finland,2009,33380,8275,,,305.6,30.1,5910.4,185.7,974.8,1107.2,704.3,191.6,371.8,332.8,1454.9,710.2,363.7,621.4,793.9,1365.1,339.5,10.5,105135.44444444444,,,,,,,,,,
2,Southwest Finland,2010,31680,8674,,,318.1,25,4822.6,254.4,952.2,1108,703,190.7,354.8,322.1,1471.6,658.9,396.4,576.5,766.5,1411.6,363,11.8,108749.48148148147,31742,74454,128354,85478,124867,120671,459370,4705,44422,122440
2,Southwest Finland,2011,33911,9069,,,301.1,28.3,5052.5,262.2,962.2,1166.2,724.6,219.3,378.4,343.5,1611,643.6,444.5,757.8,804.9,1462.7,368.4,11.6,108504.66666666669,32689,75574,128546,85662,123607,123404,461219,4624,46264,125148
2,Southwest Finland,2012,33863.1,9186,,,290.7,22.8,4226.2,259.3,975.8,1111.3,671.7,239.7,373.8,334.1,1684.3,600.3,464.6,784.5,880.7,1552.6,368.4,13.6,114816.5925925926,33714,76827,128685,85983,122045,126252,462965,4561,44081,128377
2,Southwest Finland,2013,33902.3,9376,,,281.3,24.4,4158.7,338.4,957.4,1119.1,679.1,250.1,399.1,347.2,1680.4,634.5,450.9,779.1,899.7,1605.7,375.7,17,115635.51851851853,35092,78299,128492,87053,120570,128663,464778,4580,41286,124632
2,Southwest Finland,2014,34387.2,9500,,,305.2,31,4213.7,302,937.4,1249.8,663.6,243.8,401.6,390.5,1732.7,606.9,480,785.8,838.5,1619.6,378.6,24.1,114606.96296296296,36219,79383,128777,87566,119854,131362,467559,4318,40187,121709
2,Southwest Finland,2015,34417.8,9691,3431000000,4647000000,292.5,21.8,4407,267.3,961,1172,694.4,244.9,388.9,425.5,1837.2,577.6,483,632.7,850.3,1740.7,368.8,24.7,115761.14814814816,37127,80277,127780,87719,119078,133776,468353,4448,39710,122309
2,Southwest Finland,2016,36103,9803,3033000000,4000000000,333.9,16.8,4809.3,241.3,1080.5,1236.2,668.1,250.9,437.3,441.2,1936.3,623.7,490.3,625.6,838,1769.3,375.2,27.4,117739.18518518518,38159,81346,126829,88069,118376,135966,469240,4167,40748,122959
2,Southwest Finland,2017,38440.6,10052,4510000000,5763000000,342.6,21.6,5229.8,275.4,1180.9,1295.7,713.4,270.9,450.8,577.1,2013.3,718.1,562.8,625.3,856.9,1788.2,397.2,27.8,116988.29629629628,39489,82828,126192,88925,118537,137659,471313,4183,44394,125270
2,Southwest Finland,2018,39544.4,10380,5232000000,6370000000,350.2,26.6,5611.1,283.4,1251.6,1323.1,705.9,266.6,470.5,464.3,2136.5,744.4,584.2,650.7,897.9,1858.2,399.2,24.7,114640.62962962964,41283,84640,125026,89319,118731,139234,472310,4090,45658,130536
2,Southwest Finland,2019,40404.6,10716,5486000000,7450000000,397.7,35.5,5671.6,313.3,1317.8,1346.8,741.2,268,495.2,412.1,2127.9,823,615.3,592.1,966.3,1929.6,369.3,22.3,115111.25925925926,42610,85741,123700,90069,118551,140959,473279,3958,43009,130368
2,Southwest Finland,2020,39752,10777,4825000000,6916000000,435.8,30.5,5556.1,311.7,1301.3,1313.6,699.2,227.2,471.7,428.8,2110.4,784,630.3,603.8,979.2,1941.5,352.2,23.6,116956.74074074074,44282,86830,123019,90959,118490,143101,475569,4012,40243,129154
2,Southwest Finland,2021,41181,11540,5771000000,8039000000,422,33.8,5988.7,315.3,1259,1405.9,764.2,239.7,553.9,485.7,2121.6,796.6,595.7,638.2,1028.1,2075.4,373.5,18.8,115254.92592592593,45836,87651,122655,91590,118794,144672,477711,4055,45411,132911
2,Southwest Finland,2022,44629.6,11893,5798000000,8734000000,488,33.3,6272.5,333.5,1305,1409,845.1,312.8,664.7,661.2,2518.3,851.2,661.6,684.5,1078.7,2168.9,400.1,16.9,107602.5925925926,47370,88424,122383,92399,119186,145822,479790,3921,45950,136172
2,Southwest Finland,2023,,,4900000000,6987000000,508.6,,,,,,,,,,,,,,,,,,,49557,89614,123227,93713,119879,147657,484476,3900,44616,138113
2,Southwest Finland,2024,,,4737000000,6718000000,,,,,,,,,,,,,,,,,,,,,,,,,,,,,
2,Southwest Finland,2025,,,,,,,,,,,,,,,,,,,,,,,,,,,,,,,,,
4,Satakunta,2000,23325.3,2776,,,214.1,15.1,2768,165.4,306.9,313.7,298.8,44.2,94.9,99.4,448.2,124.3,51.7,272.5,201.5,357.4,104.8,2.3,,,,,,,,,,,
4,Satakunta,2001,25814.2,2880,,,205.9,17.9,,,270.3,358,349,53.5,124.1,108.5,,149.9,62.2,286.3,215.9,385.4,116.3,2.5,,,,,,,,,,,
4,Satakunta,2002,26215.8,2990,,,205.1,18.1,2967.3,221,269.3,445.4,321.4,55.3,129,91.3,490.6,152.9,110.4,286.5,227.8,405.1,107.1,2.8,,,,,,,,,,,
4,Satakunta,2003,26399.7,3142,,,199.3,18.1,,,273,443.5,341.9,57.2,152.3,86.8,,131.6,79.4,308.8,239.5,428.7,109.9,3.6,57869.6875,,,,,,,,,,
4,Satakunta,2004,26385.4,3288,,,205.1,19,2733.3,195.2,314.9,408.9,342.4,64.7,148,84.7,554.7,123.9,81.6,313.4,251,453.5,118.9,5.1,61632.9375,,,,,,,,,,
4,Satakunta,2005,27884.1,3344,,,193.6,18.4,2890.8,173.5,381.7,427.8,343.3,73.7,152.8,87.7,564.3,127,99.6,338,263.5,488.9,121.4,5.1,66827.75,,,,,,,,,,
4,Satakunta,2006,29245.8,3496,,,157.9,21.6,3386.1,233.8,384.7,347.7,342.4,68.8,166.7,94.4,572.2,145.1,108.4,320.3,264,505.1,133.2,5.7,71530.125,,,,,,,,,,
4,Satakunta,2007,31059.4,3770,,,204.7,25.1,3347.3,230.6,438.1,395.2,366.3,76,175.5,101.1,613.5,179.2,119.3,326.9,276.3,540.2,150.1,6,75234.0625,,,,,,,,,,
4,Satakunta,2008,32021.8,3920,,,193.3,28.1,3324,188.2,480.9,426.1,395.2,80.7,108.4,109.3,643.4,189.2,183.7,349.8,294.7,587.5,148.1,5.7,77660.5,,,,,,,,,,
4,Satakunta,2009,29956.3,3936,,,190.5,31.9,2463.5,288.9,464,392.8,378.8,79.8,101.9,95.8,647.8,168.2,177.6,354.2,294.7,593.1,164.6,4.5,80787.25,,,,,,,,,,
4,Satakunta,2010,31847,4135,,,191.6,24.3,2843.6,310,425,434.1,397.1,82.9,112.6,95.3,667.1,192.1,167.2,344.5,391.1,605.4,167,5.1,83226.75,8763,34987,59702,35564,62265,66516,224047,2118,24278,46664
4,Satakunta,2011,33724.6,4295,,,178.9,19.7,3050,300.4,427.6,440.2,414.6,83.2,92.1,99.2,710.5,168.4,186.5,413.8,397.5,634.5,178.1,6,83270.375,9059,35323,59277,35600,61011,67663,223551,2047,24342,47391
4,Satakunta,2012,34671.2,4337,,,170.7,23.4,3218.9,294.7,523.7,430,381.1,87.7,115.9,88.7,728.4,197.7,201.9,434.2,282.2,684.7,176.7,8.5,88778.625,9340,35712,58951,35670,59551,68912,223084,2035,23906,47901
4,Satakunta,2013,34143.3,4430,,,153.3,20.7,2823,370.7,467.7,450.9,371.8,70.6,111.7,82.9,765.7,177.5,212.7,445.6,322.4,707.4,171.1,10.1,89668.375,9680,36296,58501,36081,58187,69961,222730,2095,23185,47875
4,Satakunta,2014,35164,4433,,,186.7,22.5,2999.8,355.7,427.1,454.5,360.3,77.5,111.2,106.7,796.5,175.5,184.6,485.1,357.5,724,179.3,13.5,89159.125,9932,36520,58097,36201,57069,70742,222109,1968,20773,47353
4,Satakunta,2015,36178,4468,1207000000,3348000000,193.8,25.2,3074.8,393.4,432.5,471.1,357.4,85.7,114.8,113.3,843.9,182.9,167.5,494.2,353.4,735.2,171.4,13.9,90052.3125,10159,36527,57089,36165,56205,71687,221146,2018,21118,46343
4,Satakunta,2016,34955.6,4485,1247000000,3098000000,215.9,22.2,2649.3,326.7,475.1,447.5,343.6,94,120.3,103.8,865.5,184.1,198.4,414.1,347.1,733.9,164.9,15.8,92158.5,10349,36587,56100,35940,55370,72206,219616,1869,20819,45744
4,Satakunta,2017,36167.8,4617,1747000000,4149000000,226.6,20.2,2904,331,458.8,461.7,347.7,91.2,106.4,107.2,911.8,198.7,206.8,404.7,355.7,753.1,167.2,16,92590.4375,10553,36781,54992,35827,54621,72774,218214,1947,21911,46468
4,Satakunta,2018,36858.4,4638,1694000000,4246000000,239.1,11.9,2965.9,389.2,546,477,339.8,90.2,119.5,91.6,844.3,212.8,221.8,398.4,333.8,755,168.8,12.5,90904.3125,11015,37038,53950,35252,53960,73285,216447,1897,22018,46826
4,Satakunta,2019,36564.9,4678,1735000000,3982000000,265.7,21.5,2825.5,366.6,517.8,462.7,332.8,91.4,119.2,91.8,863.2,216.4,212.6,411.4,313.8,764.3,150.6,10.6,89587.6875,11184,37111,52640,35023,53241,73688,214592,1920,21231,46098
4,Satakunta,2020,37034.6,4740,1842000000,3957000000,285.1,25.7,2630.5,377.6,529.5,455.4,325.3,75,125.8,84.6,993.3,223.7,207.5,409.7,316.5,763.9,145.9,9.7,89909.5,11437,37228,51537,34934,52635,74178,213284,1866,20129,45548
4,Satakunta,2021,39248,4825,2281000000,4859000000,272.6,21.7,2916.5,402.6,534.8,477.1,357.4,78.2,123.8,96.7,999.2,240,237,461.8,334.6,810.3,150.4,7.1,89279.0625,11723,37406,50686,34782,52119,74459,212046,1885,21851,46184
4,Satakunta,2022,42468.6,5149,2963000000,6587000000,305.2,16.6,3298.2,448.5,567.9,526.6,348.2,96.4,219.1,110.3,1011.7,244.6,226.3,484,350.2,839.7,147.6,8.1,81600,11973,37423,49854,34229,51533,74697,210313,1861,21746,47045
4,Satakunta,2023,,,2629000000,4152000000,319.7,,,,,,,,,,,,,,,,,,,12382,37597,49431,33911,51257,74894,209493,1815,21347,47038
4,Satakunta,2024,,,3332000000,5926000000,,,,,,,,,,,,,,,,,,,,,,,,,,,,,
4,Satakunta,2025,,,,,,,,,,,,,,,,,,,,,,,,,,,,,,,,,
5,Kanta-Häme,2000,20656.4,1993,,,159,9.4,1239.4,93.7,201.2,212.1,116.1,37.3,74.5,75.6,324.7,84.8,59.2,270.1,161.9,252.9,81.1,1.6,,,,,,,,,,,
5,Kanta-Häme,2001,22253.3,2065,,,142.6,9.1,1406.3,139.5,209,245,120.7,45,84.7,85.2,342.5,91.9,67.4,274.9,168.7,272.4,84.2,1.8,,,,,,,,,,,
5,Kanta-Häme,2002,22360,2179,,,146.5,9.1,,,217.2,260.9,119.4,46.2,90.5,74,,99.1,71.1,278.1,183.1,290.9,85.3,1.9,,,,,,,,,,,
5,Kanta-Häme,2003,23708.2,2301,,,137.6,5.3,1383.2,119.6,228.8,271,131,50,85.6,71.1,396.9,108.7,82,296.8,194.9,312.8,97,2.7,64002.36363636364,,,,,,,,,,
5,Kanta-Häme,2004,25107.3,2429,,,134.1,6.4,1550.2,102.1,237.5,313,140,52.9,86.6,72.8,422.7,121.3,88.9,302.9,203.9,333.4,105.2,3.7,70008.36363636363,,,,,,,,,,
5,Kanta-Häme,2005,25497.5,2537,,,127.2,7.1,1478.6,104.2,278.2,318.2,136,49.5,130.8,76.9,435.1,122.1,68.4,319,206.7,359.1,100.6,4.1,77929.36363636363,,,,,,,,,,
5,Kanta-Häme,2006,26220.6,2657,,,122.1,6.8,1517.9,94.7,330.7,338.1,135.2,63.2,106.4,83.1,443.9,130.5,76.7,312.9,215.5,374.9,103.6,4.3,85265,,,,,,,,,,
5,Kanta-Häme,2007,27819.6,2824,,,142.8,11.4,1614.8,118.6,395.3,381.4,149.6,66.1,96.4,84.8,452.4,131.4,74.9,340.9,228,401.7,123.1,4.5,89251.54545454546,,,,,,,,,,
5,Kanta-Häme,2008,30068.9,2940,,,128,11.5,1683.7,148.8,469.1,438.4,181.1,50,98,99.9,544.4,152.3,95.4,328.3,244.2,447.4,120.8,5.2,92701.18181818182,,,,,,,,,,
5,Kanta-Häme,2009,26727.5,3028,,,129.8,10.6,1176.8,141.8,311.6,373.6,160.9,66.5,93.1,84.3,549.5,118.2,100.9,351.9,249.9,423.7,131.8,4.6,96841.63636363635,,,,,,,,,,
5,Kanta-Häme,2010,27403.4,3198,,,137.1,8.8,1154.6,144.4,305,384.4,163.2,71.3,96,83.2,562.4,129.5,117.4,312.9,318.5,436.6,136.6,5.2,99715.36363636365,8442,28310,48599,29031,48886,46596,173112,1126,6336,13413
5,Kanta-Häme,2011,29420.3,3325,,,131.9,9.8,1152.3,176.8,317.4,388.5,165.5,90,95,87,600.4,190.9,126.2,393.3,326.5,455.2,137.1,5.1,98210,8738,28645,48458,29067,48336,47906,173767,1062,6635,13457
5,Kanta-Häme,2012,32010.2,3395,,,123.7,8.6,1623.3,213.5,324,426.3,184.7,78.2,102.2,82.8,605.3,185.2,116.6,431.4,285.8,492.5,147,6.1,102287,9008,28924,48292,29054,47676,48970,173992,1084,6811,13891
5,Kanta-Häme,2013,31740.2,3476,,,130.2,9.5,1605.7,221.5,299.3,424.7,174.7,81.2,116.6,91.2,654.9,153,105,419,248.2,506,145.7,6.3,102823.45454545454,9340,29319,47970,29105,46973,49903,173951,1049,6327,13766
5,Kanta-Häme,2014,31335.8,3509,,,155.7,10.7,1263.5,192,304.8,440,161.8,76,122.7,96.4,686.7,200.8,120.3,449.5,252.5,512.6,142.1,8.1,101918.09090909093,9530,29504,47462,28981,46440,50935,173818,1007,5993,13258
5,Kanta-Häme,2015,31491.3,3542,722000000,1289000000,142.5,8.8,1345.7,186.3,316.5,444.2,174.4,78.5,96,94.7,714.1,237.5,115.9,346.9,277.1,536.1,138.1,8.3,101476.81818181818,9684,29526,46626,28793,45954,51818,173191,994,6099,13208
5,Kanta-Häme,2016,32119.7,3561,727000000,1367000000,155.3,8.2,1473.4,163.5,323,449.1,172.2,79.3,86.4,93.8,739.1,217.4,124.9,340.4,269.7,535.2,149.7,8.8,102713.27272727272,9824,29702,45590,28463,45560,52642,172255,939,6271,12803
5,Kanta-Häme,2017,33124.4,3669,807000000,1459000000,160.1,26.5,1562.6,166,348.3,503.7,165,72.8,83.6,92.7,742.6,228.3,129.6,357.5,233.8,535.4,147.7,8.9,101607.18181818182,10033,29811,44600,27929,45012,53514,171055,944,6607,12710
5,Kanta-Häme,2018,33256,3692,937000000,1396000000,175.1,20.8,1382.9,156.4,364.3,485,152.6,71.6,88.5,85.1,768.5,225.6,148.3,380.1,230.2,545.7,150.3,8.3,99918.54545454546,10327,29931,43507,27458,44573,54183,169721,899,6600,12721
5,Kanta-Häme,2019,34667.5,3835,972000000,1394000000,181.4,9.9,1403.6,182.1,391.9,519,156.8,81,88,80.5,794.7,227,156.5,392.4,244.1,559.3,162.6,8.7,98284.36363636365,10572,30226,42826,27131,44232,55088,169277,882,5959,12669
5,Kanta-Häme,2020,35522.7,3781,1003000000,1316000000,183.1,6.8,1491.2,172.4,395.4,496.6,155.6,66.1,104.1,83.6,840.6,223.4,167.2,421.4,244.8,577.1,166,9.4,96910,10891,30438,42142,27055,43878,55915,168990,876,5952,12548
5,Kanta-Häme,2021,37967,3925,1131000000,1829000000,189.3,7,1858.1,196,370.4,527.7,149.9,69.5,100,88.4,852.4,226.8,195,460.8,260.1,617.4,171.6,8.5,95123.27272727272,11171,30825,41468,26963,43387,56724,168542,887,6313,12892
5,Kanta-Häme,2022,38841.6,3988,1096000000,1913000000,204.7,6.9,1757.5,213.3,349.9,531,167.9,84.9,98.4,115.8,894,242.7,220.8,439.9,273.1,657.3,177.4,8.2,88439.81818181818,11450,30921,40742,26717,42974,57368,167801,903,6276,12998
5,Kanta-Häme,2023,,,1094000000,1791000000,219.7,,,,,,,,,,,,,,,,,,,11844,31125,40443,26613,42783,57804,167643,909,5698,12858
5,Kanta-Häme,2024,,,1175000000,1832000000,,,,,,,,,,,,,,,,,,,,,,,,,,,,,
5,Kanta-Häme,2025,,,,,,,,,,,,,,,,,,,,,,,,,,,,,,,,,
6,Pirkanmaa,2000,24923.3,5644,,,270.1,19.7,6121.9,202.2,644.5,637.7,475.9,121.2,453.5,196.2,942.2,289.3,148.5,449.4,523,735.1,217.1,3.4,,,,,,,,,,,
6,Pirkanmaa,2001,27338.9,5920,,,258.6,16.7,7059.2,238.8,622,697.4,496.8,144.8,558,215.4,1052,352.2,180.4,476.5,565.6,802.9,247.2,3.7,,,,,,,,,,,
6,Pirkanmaa,2002,28117.4,6154,,,262.5,17.3,6946.3,331.3,584.6,809.5,521.7,158.3,551.8,193.5,1096.4,355.9,243.2,495.8,603.5,847.7,259.4,4.2,,,,,,,,,,,
6,Pirkanmaa,2003,28831.7,6496,,,259,16.3,,,668.6,859,479.5,155.1,581,187.7,,346.9,218,531.3,632.7,916.4,272.1,5.1,59653.608695652176,,,,,,,,,,
6,Pirkanmaa,2004,30063.5,6860,,,248.8,12.1,6886.8,413.8,691.6,1044.2,482.4,174.7,574.8,188.3,1260.3,399.1,257.1,556.6,672,977.1,298.9,7.6,65284.34782608696,,,,,,,,,,
6,Pirkanmaa,2005,31234.4,7143,,,238,13.2,7133.4,332.1,817.6,1113.1,502.4,191.9,558.5,207.9,1273.9,429.6,292.5,614.8,727.5,1057.2,312.7,8.5,72437.78260869565,,,,,,,,,,
6,Pirkanmaa,2006,31899.4,7502,,,237.2,19.3,7522.3,334.2,898.6,1018.8,487.6,197.8,606.3,228,1363.2,438.2,335,560,728.8,1108.2,315.5,8.2,78352.04347826086,,,,,,,,,,
6,Pirkanmaa,2007,34830.6,8048,,,341.1,27.6,8534.9,361.9,984.2,1020.4,574.7,217.6,652.8,250.6,1464.7,487.1,452.3,582.4,782.2,1193.9,332.1,8.6,82731.47826086957,,,,,,,,,,
6,Pirkanmaa,2008,36086.9,8284,,,312.9,24.5,8452,451.2,1019,1302.6,574,221.9,662.1,282.1,1527.9,546.9,461.3,624.7,838.9,1311.3,343.6,9.3,85025.82608695653,,,,,,,,,,
6,Pirkanmaa,2009,32215.5,8459,,,366.5,23,5630.5,535.5,914.3,1036.9,557.4,211.3,650.4,258.9,1553.5,549.3,557.9,571.1,876.2,1331.9,383.7,10.1,87978.95652173914,,,,,,,,,,
6,Pirkanmaa,2010,33356.1,8928,,,384.4,18.7,6306.5,660.6,896.8,1023.8,567.8,218.8,656.9,252,1671.3,556.9,526.6,571.7,785.9,1425.8,398.2,11.4,90748.95652173914,36170,80180,139959,96445,129142,121658,487204,3236,46414,117199
6,Pirkanmaa,2011,35958.7,9378,,,399.4,16.5,6304.5,580.9,980.7,1176.2,562.5,222.8,754.3,270.2,1748.2,627.8,572.6,663.8,821.2,1849.4,402.4,13.5,91030.82608695651,37269,81747,140852,97193,128067,124556,490668,3196,46800,119557
6,Pirkanmaa,2012,35345.6,9566,,,395.6,14.2,5450.5,618.4,987.9,1280.4,597.6,253,781.9,265.5,1799,622.5,521.2,684.6,962.6,1634.7,415.8,15.6,96432.13043,38864,83367,141759,98194,127130,127464,494547,3163,44957,123454
6,Pirkanmaa,2013,34972.6,9801,,,418.2,12.6,5187.3,783.7,968,1075.8,511.2,240.6,831.8,253.4,1876.4,689.5,506.6,699.2,989.4,1695.5,422.5,17.8,97876.69565217392,40756,85308,142047,99895,126083,130194,498219,3198,42098,122838
6,Pirkanmaa,2014,34596.1,10011,,,319.4,19.6,4978.6,472.9,972.8,1239.7,573.5,249.3,800.3,334,1968.9,637.4,517.1,741.5,1005.9,1715.5,414.4,23.8,98377.43478260867,42264,86665,142172,100733,125696,132541,501142,2982,40023,122115
6,Pirkanmaa,2015,34608.1,10192,3159000000,4161000000,304.9,31.2,5111.2,431.8,984.9,1252.5,565.6,259.8,812.3,340.9,2068.6,678.3,531.7,676.6,888.1,1738.5,436,24.4,99616.13043,43609,87598,142224,101136,125488,135026,503874,3069,39641,121363
6,Pirkanmaa,2016,35947.5,10293,3318000000,4138000000,324.6,33.1,5178.2,405.1,1071.7,1263.4,586.1,261.9,891.3,361.8,2169.3,698.8,527.1,677.5,1034.1,1803.1,452.5,21.9,101295.69565217392,44910,88792,142154,101368,125368,137131,506021,2781,39453,122232
6,Pirkanmaa,2017,37247,10565,3497000000,4775000000,346.4,24.6,5252.2,436.9,1216.8,1314.1,619.4,297.5,1006,383.1,2213,789.6,620.5,686.5,981,1830.4,455.5,22.2,101140.91304347826,46279,90245,141833,101824,125328,139522,508507,2750,41487,126249
6,Pirkanmaa,2018,38781.9,10939,3700000000,4715000000,352,26,5311.6,499.6,1305.4,1374.9,610.9,291.7,1040.7,426.2,2290.7,889,693.9,734.8,1018.5,1892.6,466.1,20.9,100213.60869565218,48292,92609,141355,102911,125730,141291,511287,2757,42529,130805
6,Pirkanmaa,2019,39863.9,11168,3724000000,5261000000,361.8,35.8,5638.4,565.6,1300.4,1347.9,643.8,337.3,1065.4,427.6,2407.7,943.9,721.4,727,1031.7,1971.6,477,18.2,99915.30434782608,49891,94164,140446,104054,125881,143414,513795,2685,41067,129489
6,Pirkanmaa,2020,40148.2,11386,3527000000,4871000000,359.1,30.3,6101.8,573,1300.8,1461.5,648.4,250.7,1114.2,436.1,2449,886.4,669.9,745.2,1056.5,2019.9,442.5,20.2,101456.04347826086,52077,95752,140176,105241,126297,145581,517295,2604,38562,132139
6,Pirkanmaa,2021,41910.2,12142,4303000000,5927000000,384.6,33.7,6525.9,647.1,1293.2,1455.9,658.2,250.5,1254.9,500.8,2406.7,1015,712.8,807.5,1115.7,2167.9,470.9,18.2,100478.17391304349,54481,97499,140302,106966,126975,147655,521898,2629,42301,138024
6,Pirkanmaa,2022,44133.8,12811,4760000000,6985000000,437.4,21.4,5656.1,730.2,1392.2,1597.8,743.6,344.6,1356.3,642.5,2853,1163.2,788.6,868.9,1142.6,2251.8,528.1,16.9,94073.56521739133,56649,99161,140481,108912,128323,149278,526994,2620,43491,142818
6,Pirkanmaa,2023,,,4227000000,8825000000,466.5,,,,,,,,,,,,,,,,,,,59620,101666,141512,110919,129972,150898,533301,2636,41552,145390
6,Pirkanmaa,2024,,,4204000000,6540000000,,,,,,,,,,,,,,,,,,,,,,,,,,,,,
6,Pirkanmaa,2025,,,,,,,,,,,,,,,,,,,,,,,,,,,,,,,,,
7,Päijät-Häme,2000,20701.5,2455,,,143,3.7,1756.9,72.6,325.1,284.9,166.4,51.7,137.3,89.9,406.5,98.6,58.2,153.2,180.4,311.3,102.2,2.1,,,,,,,,,,,
7,Päijät-Häme,2001,22123.4,2519,,,140.4,3.6,1918.8,64.5,297.6,324.4,169.7,61.6,183.4,96.7,428.9,120.3,73.4,168.6,189.4,340.3,112,2.2,,,,,,,,,,,
7,Päijät-Häme,2002,21861.5,2639,,,145.7,3.2,1831.2,79.5,292.7,338.1,162.5,63.9,123.4,80.7,453.7,116.9,72.1,173.2,200.5,357.4,107.9,2.3,,,,,,,,,,,
7,Päijät-Häme,2003,23141.2,2771,,,127.9,3.8,1895.1,85.4,319,351.9,172.5,65,176.8,78,484.2,115,83.4,189.2,206.3,379.2,109.1,2.8,57329.2,,,,,,,,,,
7,Päijät-Häme,2004,24072.2,2915,,,129.9,5.2,1976.6,85.4,323.6,361.5,182,77.1,176.5,77.2,499.7,130.5,86.3,197.6,216.2,398.1,120.8,3.9,62840,,,,,,,,,,
7,Päijät-Häme,2005,25006.1,3005,,,125.6,2.6,1950.7,157.3,367.9,358.9,203.8,79.8,134.7,85.9,530.5,125.4,102.6,224.2,225.4,422.9,123.2,4.2,68378.9,,,,,,,,,,
7,Päijät-Häme,2006,25399.4,3144,,,131.7,2.8,2010,112.4,397.4,389.8,191,83.3,101.1,95.8,553.4,130.2,99.4,212.1,223.8,437.8,128,4.3,73205.4,,,,,,,,,,
7,Päijät-Häme,2007,26594.8,3357,,,209.7,0.7,2177.8,104,459.7,277.3,189.8,83.9,158.4,89.2,571.8,160.4,94.8,230.7,229.4,450.8,138.2,3.8,76495.7,,,,,,,,,,
7,Päijät-Häme,2008,28140.5,3467,,,190.7,4.2,2102.7,96.7,485.5,455.8,213.8,73.9,164.1,85.2,619.7,162.2,138.8,248.6,244.5,500.3,145.2,3.9,78500.7,,,,,,,,,,
7,Päijät-Häme,2009,26033,3481,,,172.3,3.7,1409.7,130.2,399.5,470.6,188.3,76,171.7,94.9,623.4,150,169.3,243.7,257.1,501.8,155.8,4,81574.1,,,,,,,,,,
7,Päijät-Häme,2010,27711.1,3692,,,185.4,3.2,1633.6,186.2,394.5,476.5,201.1,76.9,180.6,88.3,651.7,148.1,166.1,233.4,336,521,154,4.5,83722.7,8955,32568,55990,33798,57975,59085,206848,1961,21750,47758
7,Päijät-Häme,2011,29281.5,3895,,,180.7,2.4,1752.1,174.4,428.4,514.1,211.9,93.6,169.5,91.8,669.5,157.4,194.1,238.8,349,557.1,157.6,5,83183.4,9324,33094,55746,33837,56981,60673,207237,1896,21407,49188
7,Päijät-Häme,2012,30547,3928,,,179,2.2,1906.4,171.3,403.7,566.8,219.9,90.8,172.6,88.1,682.2,164.9,242.3,267.2,297.8,592.1,164.8,5.5,88761.9,9655,33520,55550,33875,55855,62125,207405,1857,20910,49840
7,Päijät-Häme,2013,29858.5,4024,,,184.4,2.5,1836,209,406.2,498.2,212.6,96.8,148.4,82.2,709.2,167.5,219,266,284.9,571.5,165.4,7.5,89862.3,10050,34083,55082,33932,54951,63318,207283,1884,19797,49821
7,Päijät-Häme,2014,30513.9,4052,,,187.3,2,1851.5,228.1,380.1,522.5,207.7,92.4,163.3,100.1,724.3,153.6,221,262.7,281.1,602.8,158.7,8.1,89536.8,10377,34396,54467,33962,54137,64505,207071,1768,18894,48141
7,Päijät-Häme,2015,30755.5,4108,1105000000,1697000000,177.5,1.5,1834.5,221.2,405.1,528.6,228.2,92.8,152.5,109.7,781.3,182.1,175.4,209.8,289.8,666.1,154.8,8.3,89900.1,10669,34358,53511,33858,53531,65562,206462,1772,18727,47637
7,Päijät-Häme,2016,31679.5,4139,1074000000,1670000000,196.6,3.9,1863.2,239.1,442.8,528.9,223.6,97.9,166.2,92.8,829.6,170.5,184.9,211.4,277.1,678,162.7,8.1,90616.7,10954,34622,52945,33867,53039,66532,206383,1653,19517,47765
7,Päijät-Häme,2017,32139.8,4278,1137000000,1818000000,186.9,4.7,2024.2,222,485.2,528.1,208.5,102.6,166.1,93.7,860.4,194.9,205.4,203.3,245.8,653,166.2,8.3,89820.3,11263,34896,52170,33846,52427,67511,205954,1626,19959,46997
7,Päijät-Häme,2018,32759.5,4326,1231000000,1946000000,204.9,6.1,2025.7,212.2,507.4,539.4,200.6,110.2,168.1,82.9,883.6,172.6,221.9,199.2,243.3,661.4,162.9,6.4,88277.3,11721,35335,51261,33626,52024,68279,205190,1620,19996,47312
7,Päijät-Häme,2019,32905.6,4465,1217000000,1897000000,188.9,7.6,1881.7,216.2,526.2,535.9,211.5,109.9,182.9,78.9,905.9,180.9,222.9,201,253.4,687.4,163.2,5.6,86672.9,12046,35456,49962,33592,51442,69144,204140,1558,19262,47137
7,Päijät-Häme,2020,32745.5,4453,1145000000,1648000000,192.1,6.9,1843.7,224,513.2,521.1,199.6,100.1,175.1,82.5,940.6,193.4,201,200.9,267.8,677,151,6.7,86841.7,12425,35715,49100,33689,51387,70158,204334,1482,18371,45481
7,Päijät-Häme,2021,34467.9,4639,1218000000,2054000000,213.6,7.9,2114.8,226.6,484.5,545.4,194.2,98.9,187,89.4,950.2,219.5,217.2,214.1,278.8,745,152.5,5.5,86057.5,12904,35945,48495,33468,51046,70713,203722,1535,19551,46853
7,Päijät-Häme,2022,37708,4670,1382000000,2378000000,230.7,5.9,2504.7,231.6,527.2,576.5,228.9,118.1,192,101.6,1037.3,259.5,225.6,226.1,294,781.5,161.4,6.3,80795.6,13225,36200,47705,33083,50443,71055,202286,1490,19658,47821
7,Päijät-Häme,2023,,,1214000000,2144000000,244.9,,,,,,,,,,,,,,,,,,,13854,36576,47258,33007,50232,71641,202138,1531,18371,48378
7,Päijät-Häme,2024,,,1121000000,2210000000,,,,,,,,,,,,,,,,,,,,,,,,,,,,,
7,Päijät-Häme,2025,,,,,,,,,,,,,,,,,,,,,,,,,,,,,,,,,
8,Kymenlaakso,2000,27357,2193,,,114.3,7.9,2899.7,75.9,284.9,265.6,465,33.7,68.1,71.6,342.7,76.8,56.1,378.1,118,282.1,82.5,1.6,,,,,,,,,,,
8,Kymenlaakso,2001,28665.5,2291,,,116.9,11.8,2779.6,80.3,286.7,317,508.7,41.9,82.7,75.6,358.4,96.3,71.6,398.6,124.7,304.2,93,1.5,,,,,,,,,,,
8,Kymenlaakso,2002,28068.5,2386,,,118.3,10.3,2381,100.1,314.5,275.7,496.9,44.3,72.3,65.2,384.6,93.1,67.7,441.9,131,318.2,93.4,1.4,,,,,,,,,,,
8,Kymenlaakso,2003,27953.3,2511,,,110.4,8.1,2238.8,97.2,236.1,277,500.4,45.7,91.6,60,405.3,96.1,75,474.6,135,335.3,97.6,1.8,52085.16666666666,,,,,,,,,,
8,Kymenlaakso,2004,30399,2623,,,113.5,7.8,2282.2,134.4,339.5,308.3,582.7,60.6,95.5,58.2,426.8,106.3,85.2,490,143.1,356.2,108.4,2.5,55376.16666666666,,,,,,,,,,
8,Kymenlaakso,2005,31270.8,2672,,,112.1,7.1,1941.3,95.8,380.5,473.3,564.9,67.8,119.2,62.4,446.1,115.7,88.2,517.1,151.7,369.6,108,2.6,61419,,,,,,,,,,
8,Kymenlaakso,2006,31359.5,2769,,,99,8.2,2166.1,143.1,373.1,411.5,505.4,69.1,71.7,70.1,459.2,118.5,95.4,464.7,166.4,386.5,114.5,2.1,67127,,,,,,,,,,
8,Kymenlaakso,2007,31679.1,2897,,,125.4,12.1,2010.7,150.9,377.7,410.5,462.9,72.2,61.5,77.4,476.9,144.1,206.5,410.7,167.7,414.5,114.6,2,70381.33333333333,,,,,,,,,,
8,Kymenlaakso,2008,30890.4,3001,,,112.6,13,1855.8,138,399.4,373.6,444.3,55.7,68.2,82.1,525.1,154.1,126.3,421.3,169.4,446,115.4,2.3,72433.33333333333,,,,,,,,,,
8,Kymenlaakso,2009,28153.3,2993,,,100.2,15.7,1172.5,185.4,364.4,342.9,385.4,61.7,66.8,73.3,526,133.1,125.5,430.8,191.9,461.3,124.1,2.5,75554.33333333333,,,,,,,,,,
8,Kymenlaakso,2010,29363.5,3147,,,107.4,20.9,1444,181.1,342.3,357.9,397.5,66.8,70.3,72.7,524.9,138.7,136.5,379.8,271.3,470.3,123.6,2.8,78817,6865,27666,44761,27598,49987,51822,174168,1631,15301,43129
8,Kymenlaakso,2011,31763.2,3252,,,104.5,15,1526.4,183.4,330.4,328.4,523.3,73.6,68.9,65.5,564.5,172.1,141.8,402.7,281,488.2,124.8,3.2,78848.66666666667,7039,27844,44329,27289,49257,52705,173580,1593,14940,44025
8,Kymenlaakso,2012,32034.9,3299,,,98.6,17.5,1295.4,234.9,308.1,360.8,563.8,79.8,132.2,62.2,578.5,151.4,127.7,459.1,206.9,539.3,128.9,4.1,84075,7178,28055,44022,27286,48120,53725,173153,1457,13566,45694
8,Kymenlaakso,2013,32115.4,3344,,,95.8,14.9,1352.3,196.4,305.7,363.7,470.3,66.7,161,54.2,598.1,147,154.5,464.2,223.4,544.5,128.2,4.8,84880.5,7434,28389,43484,27259,47156,54531,172430,1434,12957,44814
8,Kymenlaakso,2014,32837.7,3387,,,135,13.7,1334,197.4,339.5,338.2,443.8,71.6,193.5,60.8,617.9,167,148.1,477.7,229.5,549,129.1,3.1,85059,7613,28484,42676,27196,46263,55326,171461,1369,12293,43457
8,Kymenlaakso,2015,34903.2,3423,898000000,4766000000,131,11.7,1536.4,229.6,339.5,357.3,431.9,70.3,243.1,68.4,651.8,159.8,140.9,476.1,237.3,574.8,133.4,3.2,85375.33333333333,7724,28383,41867,26929,45328,56082,170206,1393,12638,42374
8,Kymenlaakso,2016,34794.8,3416,867000000,4661000000,138.9,12.9,1471.6,190.7,301.4,342.4,432.7,69.4,287.3,58.5,677.3,158.5,145.2,463.3,231.5,584.4,136.6,3.7,87124.33333333333,7931,28408,41046,26516,44649,56872,169083,1328,12493,41850
8,Kymenlaakso,2017,37371.4,3506,2002000000,3387000000,139.2,8.5,1741.4,197.9,363.3,354.7,465.5,83.5,374.3,53.5,696.9,165.4,153.8,457.9,209.1,561.2,135.5,3.8,84626.33333333333,8051,28436,39732,26059,43767,57558,167116,1269,12978,42125
8,Kymenlaakso,2018,39846.3,3548,1772000000,4020000000,142.2,9.6,1944.2,207.2,322.2,348.1,539.5,93.1,462.9,45.7,669.1,173.6,170.6,483.1,209.7,592.1,131.7,3.4,82374,8390,28584,38527,25654,43006,57930,165117,1227,13373,42532
8,Kymenlaakso,2019,41287.3,3603,1050000000,4676000000,153.6,10.8,1783.4,205.4,350,400.1,537.2,91.5,556.3,45.5,682.4,198,169.8,495.7,210.6,604.4,121.8,2.9,81306,8509,28640,37270,25184,42201,58372,163027,1165,12628,41605
8,Kymenlaakso,2020,41506.5,3596,856000000,3003000000,142.6,8.8,1708.9,194.8,358.3,375.5,563.7,79.6,490.9,50,775.8,190.6,173.1,492.4,208.9,614.2,111.6,3,81099.5,8636,28735,36264,24925,41504,58776,161469,1089,12299,40652
8,Kymenlaakso,2021,42936.9,3502,1007000000,3181000000,134.9,9.3,2066.3,209.9,346.1,376.2,579.2,70.1,364.2,54,808.7,189.4,173.2,501,221.2,646.1,113.4,2.8,78990,8861,28852,35347,24683,40828,59156,160014,1131,12934,41193
8,Kymenlaakso,2022,44126.7,3726,1111000000,3310000000,149.6,9,1852.3,264.5,333.2,390.1,519.3,82.9,405.3,58.4,884.5,204,178.3,507.4,247.5,674.7,123.2,2.7,71991.83333333333,9017,28826,34468,24303,40180,59194,158145,1108,12956,41842
8,Kymenlaakso,2023,,,1069000000,1986000000,159,,,,,,,,,,,,,,,,,,,9282,28965,33852,24077,39803,59452,157184,1112,12089,41581
8,Kymenlaakso,2024,,,1371000000,2736000000,,,,,,,,,,,,,,,,,,,,,,,,,,,,,
8,Kymenlaakso,2025,,,,,,,,,,,,,,,,,,,,,,,,,,,,,,,,,
9,South Karelia,2000,25954.6,1640,,,129.8,12.1,,,173.4,204.9,205.7,38.6,68,57.6,,52.6,27.2,129.4,138.7,198.1,66.2,1.2,,,,,,,,,,,
9,South Karelia,2001,26856.8,1702,,,126.5,13,2344.6,75.9,186.5,191.6,218.3,45.9,80.8,60.3,273.7,62.8,33.9,142.5,148.1,213.3,71.6,1.3,,,,,,,,,,,
9,South Karelia,2002,26612.6,1768,,,124.2,12.8,2190.5,90.5,158.9,198.8,219.5,43.9,81.6,52.3,289.8,60.4,35.1,150,159.5,222.9,71.8,1.4,,,,,,,,,,,
9,South Karelia,2003,27694.5,1855,,,121.5,13.1,2008.1,91.9,157.1,342.2,206.4,44.4,97.2,49.1,310,56.8,39.3,162.7,168.1,234,75.2,1.8,55527,,,,,,,,,,
9,South Karelia,2004,27903.7,1933,,,142.8,14.2,2008.9,117.7,182.2,271.8,186.8,51.6,69.7,47.7,325.6,62.7,38,185.3,176.9,242.4,82.9,2.6,59868.77777777778,,,,,,,,,,
9,South Karelia,2005,27889.7,1967,,,133.8,11.9,1773.8,116.6,199.7,260.9,201.3,54.6,78.9,48,338.5,64.4,43.8,188.7,188.2,264.8,80.2,2.9,64977.88888888889,,,,,,,,,,
9,South Karelia,2006,28703.2,2059,,,131.8,16,2056,103.7,223,205.4,182.4,56.3,65,51.3,342.6,66.1,55.2,157.7,191.7,272.4,84.9,2.5,69511,,,,,,,,,,
9,South Karelia,2007,31543.9,2189,,,160.1,13.7,2256.1,116.5,273.4,272.1,194,56.3,79,57.1,361.2,72.6,58.9,140,200.2,291.3,90.4,2.9,73839.77777777778,,,,,,,,,,
9,South Karelia,2008,31602.5,2232,,,148,13.6,1846.4,141.2,278.6,321.7,213.5,60.4,112.4,57.1,366.6,79.6,74.5,147.1,211.1,323.1,94.2,3.1,75978.22222222222,,,,,,,,,,
9,South Karelia,2009,28988.3,2239,,,123.7,13.5,1272.5,126.9,240.8,391.8,213.2,57.9,94.7,48.8,364.5,80.1,82.1,137,208.2,354.4,96.9,3.5,79997.11111111111,,,,,,,,,,
9,South Karelia,2010,31287.8,2363,,,131.1,15.6,1774.7,172.2,230.3,289.2,228.3,76.5,89.1,47,368.1,88.8,94.6,128.9,216.6,364,107,3.9,82986.55555555556,6493,20093,33847,21017,37535,39301,131700,1456,11791,31322
9,South Karelia,2011,35319.5,2456,,,132.4,14.5,1905.5,126.7,280.8,368.6,233.9,71.7,96.8,47.8,405.5,98.7,120.7,269.5,226.2,372.1,111.5,5.4,82452.44444444444,6656,20319,33595,20823,36905,40016,131339,1450,12094,32287
9,South Karelia,2012,35121.3,2494,,,128.6,20.8,1666.3,192.4,252.1,346.8,212,71,93,47.5,417,104.5,98.8,300.2,235.8,403.7,105.1,5.3,86932.88888888889,6909,20551,33400,20803,36184,40818,131205,1418,12178,32772
9,South Karelia,2013,35479,2553,,,136,18.1,1672.1,253.3,264.1,347.8,201.4,76,94.3,41,437.9,96.7,94.8,273.1,235,406.2,108.5,6.7,87653.33333333333,7181,20908,33226,21059,35364,41527,131176,1293,11806,32689
9,South Karelia,2014,37266.2,2565,,,171.7,11.2,1864.7,213.4,262.7,317.3,223.9,72.6,82.6,50.5,448.8,136.3,108.3,349.7,238.1,405.1,112.3,4.9,86664.33333333333,7430,21023,32923,21129,34839,42126,131017,1185,10361,32202
9,South Karelia,2015,36577.3,2583,377000000,1277000000,171.2,14.5,1874.6,183.2,244.2,308.1,215.7,68.3,87.5,56.2,478.8,61.1,101.6,324,237.1,416,103.6,5,85533.66666666667,7558,21083,32541,20871,34120,42725,130257,1222,10699,31713
9,South Karelia,2016,36455.6,2576,338000000,1397000000,169.1,6,1839.5,153.4,254.9,287.2,172.2,79,83.4,51.9,499.5,100.5,104,325.1,228.9,424.2,102.1,4.7,86395,7739,21237,31917,20761,33509,43171,129358,1100,10906,31135
9,South Karelia,2017,38887.9,2668,393000000,2177000000,160.9,5.1,2150.5,154.9,262.9,354.6,175.9,81.6,84.9,56.8,513.6,104.5,110.3,309.8,238.1,424.6,105.9,4.8,85329.22222222222,7924,21464,31556,20638,32966,43608,128768,1082,10862,31675
9,South Karelia,2018,39219.9,2702,530000000,2490000000,166.7,6.7,2139.3,108.3,250.3,348.6,183,79.5,98.2,47.3,554.3,112.2,116.2,306.3,240.9,436.7,105.2,4.4,83518.11111111111,8288,21808,30914,20288,32462,43963,127627,1030,11002,32126
9,South Karelia,2019,38900.7,2768,508000000,2106000000,168.1,2.7,1833,160,256.3,347.1,185.4,65.2,95.2,46.3,565,108.5,123.3,330.8,243.3,449,89.4,5,82710.44444444444,8466,21880,30420,20061,31899,44273,126653,1008,10121,31461
9,South Karelia,2020,37378.9,2775,457000000,1944000000,157.1,12.4,1546.2,132.9,261.5,279.2,172.9,62.8,101.2,50.2,658.7,111.8,110.4,284.1,242.1,472.8,81.4,3,82058.66666666667,8729,22099,29959,20024,31487,44724,126194,986,9780,30867
9,South Karelia,2021,41539.3,2798,523000000,2583000000,156.9,13.6,2227.6,146.3,251.7,278.3,175.8,65.1,114.4,53.5,645.9,118.1,120.8,291.4,256.7,509.5,83.1,2.6,80030.55555555556,8918,22283,29344,19919,31045,45033,125341,943,10626,31147
9,South Karelia,2022,43646,2914,517000000,2985000000,189.8,11.4,1960.4,215.4,265.2,280.9,165.3,84.1,115.4,70,653.7,121.5,118.3,352.7,268.5,540.1,89,2.7,74224.77777777778,9080,22151,28883,19729,30560,45139,124311,913,10923,31202
9,South Karelia,2023,,,454000000,1822000000,202.4,,,,,,,,,,,,,,,,,,,9447,22308,28832,19588,30363,45263,124046,903,10268,31258
9,South Karelia,2024,,,378000000,2271000000,,,,,,,,,,,,,,,,,,,,,,,,,,,,,
9,South Karelia,2025,,,,,,,,,,,,,,,,,,,,,,,,,,,,,,,,,
10,South Savo,2000,17678.1,1775,,,311.8,8.6,684.8,37.6,158.2,157.9,111.5,35.2,61.2,56.2,279.9,42.1,30.1,187.5,166.5,275.4,80.1,2.6,,,,,,,,,,,
10,South Savo,2001,18777.3,1829,,,270.8,3.8,,,144,173.3,113.3,42,77.2,60.2,,51.4,34.5,200.1,175.5,294.1,89.1,2.8,,,,,,,,,,,
10,South Savo,2002,19360,1903,,,265.8,4.4,766.6,51.8,154.5,179.8,116.4,44.4,68.5,53.2,320.8,57.2,35.2,205.7,183.4,311.1,87.9,3.1,,,,,,,,,,,
10,South Savo,2003,20455.1,1988,,,252,4.6,796.6,53.9,167.2,219.8,125.6,49.5,66.8,51.5,320.2,62.1,39.4,214.3,190.6,327.1,92.9,4.3,56773.63636363636,,,,,,,,,,
10,South Savo,2004,21581.9,2088,,,259.4,4.3,855.3,59.9,195,257.7,128.3,39.7,65,49.5,344.3,70.8,42.7,198.2,196.2,344.1,100.5,6.3,61673.454545454544,,,,,,,,,,
10,South Savo,2005,22528.8,2128,,,258.9,3.8,913.7,53.1,209.1,250.7,122.1,45.4,63.3,50.6,346.9,81.1,46.5,224.9,203.7,366.2,95.6,7.4,66580.81818181818,,,,,,,,,,
10,South Savo,2006,23271.5,2212,,,255.8,4,948.2,72.1,228.5,266.5,114.9,57,69,56.5,360.1,81.1,51.6,200.5,198.8,374.6,97.3,7.4,70914.18181818182,,,,,,,,,,
10,South Savo,2007,25984,2379,,,368.6,6.1,1003.7,68.5,246.8,336.3,116.3,57.5,83.1,61.1,384,90.3,58.4,210.4,214.6,385.1,110.5,7.8,73110.27272727272,,,,,,,,,,
10,South Savo,2008,25908.8,2414,,,343.4,5.3,920,63.2,275.4,266.7,141.3,58.7,66.8,63.6,414.2,94.2,70.5,215.7,214,420.3,102,7.8,75200.45454545454,,,,,,,,,,
10,South Savo,2009,24348.4,2363,,,317.7,7.7,642.1,83.8,261,242.2,113.6,64.9,70.2,58.6,413.1,87.4,74.1,174.8,202.8,445.4,113,7.8,78286.63636363637,,,,,,,,,,
10,South Savo,2010,25609.5,2547,,,337.8,4.8,737.7,90.9,258.8,254.1,139.7,65.2,62.5,54.8,434.3,92.8,66.6,167.7,216.2,464.4,113.2,8.7,80975.18181818182,5932,22047,36209,19780,42371,46789,145149,2732,8845,29581
10,South Savo,2011,26989.8,2659,,,352.7,3.8,697.8,78.9,265.4,273.6,133,66,56.7,55.6,478.4,107.4,75.1,212.1,236,481,118.7,8,80061,6112,22330,35649,19798,41211,47670,144328,2702,9062,29914
10,South Savo,2012,28173.2,2673,,,347.8,4,757.1,71,258.5,265.7,162.6,66.3,52.3,52.1,486.5,109.7,89.1,233.3,214,514,119.4,9.5,87021,6291,22619,35004,19710,39945,48708,143367,2628,8856,30468
10,South Savo,2013,28566,2738,,,363,4.2,754.8,96.1,238.6,254.5,166.1,66.1,53.1,48.8,512.2,114.3,85.3,230.4,208,512,113,10.4,88848.63636363637,6500,22955,34426,19949,38836,49434,142645,2734,8412,30117
10,South Savo,2014,29834.7,2771,,,400.9,3.8,772,96.9,236.3,286.9,150.9,57.5,59.3,56,520.6,133.1,90.7,223.4,205.8,531.5,110.4,12.4,89018.45454545454,6716,23120,33930,19965,37810,50131,141836,2514,8284,29519
10,South Savo,2015,29441.1,2777,246000000,387000000,371.8,9,804.7,72.1,228.1,254.6,150.2,66.1,60.8,62.2,549.2,137.9,66.4,201.2,213.5,521.9,136.4,12.7,90049.72727272728,6813,23073,33245,19941,36707,50667,140560,2515,7899,28936
10,South Savo,2016,30397.6,2772,260000000,422000000,393.9,6.1,832.9,100.1,240.6,258.3,149.3,71.6,62.2,54.1,561.6,126.6,64.9,182.7,236.8,541.7,106.2,12.3,91229,6954,23030,32593,19666,35640,51231,139130,2232,8355,28894
10,South Savo,2017,31079.4,2851,277000000,410000000,407.5,5.8,867.2,108.7,243.1,260.2,145.8,70.8,58.7,59.6,576.9,140.8,61.9,239.6,198.1,501.5,114.9,12.4,89004.36363636363,7148,23118,31758,19556,34432,51762,137508,2330,8500,28479
10,South Savo,2018,32249.7,2873,285000000,392000000,442.3,6.3,871,114.1,251,262.1,144.8,70.4,60.1,50.1,559.3,137.4,69.4,214.9,205.8,565.4,114,11.6,87155.18181818182,7290,23031,30392,19063,33522,52097,135074,2229,8500,28492
10,South Savo,2019,32910.2,2910,290000000,374000000,444.1,6.4,829.3,118,254.9,271.8,151.5,69.2,62.1,44.8,580.2,140.9,72.8,221.4,196.6,577.7,100.9,12.1,86849.45454545454,7378,22933,29211,18680,32605,52435,132931,2186,8137,27252
10,South Savo,2020,33034.8,2828,286000000,398000000,435.8,4.4,812.6,121.1,260.2,282.5,138.2,44.1,57.6,42.3,622.9,134.5,73.8,217.7,192.9,585.4,85.9,12.6,87099.09090909091,7508,22947,28253,18515,31658,52920,131346,2133,7450,27166
10,South Savo,2021,34167.4,2772,311000000,478000000,421.6,5.3,960.6,83.3,238,271.6,142.9,70.4,57.1,45,623.5,140.8,83.6,232.3,202.8,608.7,88.8,9.8,83527.18181818182,7724,23084,27647,18465,30889,53227,130228,2219,8134,27492
10,South Savo,2022,37847.9,2964,316000000,516000000,476.7,3.4,1231.5,137.3,243.5,282.5,136.4,84.3,51,53.7,703.4,142.2,89.6,238.1,211,622.4,100.4,9.2,74755.63636363637,7900,23077,27018,18331,30222,53294,128865,2128,8203,27881
10,South Savo,2023,,,325000000,497000000,508.1,,,,,,,,,,,,,,,,,,,8085,23266,26485,18371,29824,53478,128158,2126,7813,27397
10,South Savo,2024,,,310000000,605000000,,,,,,,,,,,,,,,,,,,,,,,,,,,,,
10,South Savo,2025,,,,,,,,,,,,,,,,,,,,,,,,,,,,,,,,,
11,North Savo,2000,19493.5,2951,,,350.3,17.1,1703.4,85.8,276.1,333.7,197.2,48.4,152.4,117.6,472.4,95.7,72.9,275.4,297.8,495.7,116.8,4.2,,,,,,,,,,,
11,North Savo,2001,20881.4,3049,,,341.1,34.9,1839.8,98.4,270.3,350.7,215.3,61.2,175.9,124.3,498.1,123.5,69.1,293.3,320.1,523.7,132.5,4.6,,,,,,,,,,,
11,North Savo,2002,21324,3180,,,349.7,37.8,1740,99.5,290.9,378.4,232.9,62.6,163.9,111.9,528.1,130,73.2,314,339,525.1,133.2,5.4,,,,,,,,,,,
11,North Savo,2003,22128.3,3353,,,326.7,50.6,1736,135.3,319.5,384.6,229.5,65.6,168,107,554.9,143.4,70.5,331.7,352.8,550.5,139.9,7.4,51042.47368421053,,,,,,,,,,
11,North Savo,2004,22665.7,3538,,,331.1,43.7,1517.4,119.4,355.1,418.6,237.5,76.5,160.7,106.5,602.9,161,87.6,338.9,370.9,592.9,151.6,10.5,54836.94736842105,,,,,,,,,,
11,North Savo,2005,24076.4,3587,,,306.8,41.5,1760.2,118.5,393.2,407,251.2,79.9,152.7,110.7,618.7,188.4,107.6,352.2,388.5,638.2,155.2,12.5,59537.57894736842,,,,,,,,,,
11,North Savo,2006,24992.9,3764,,,288.6,63.7,1927.9,134.3,404.8,466.5,239.2,83.1,150.7,121.9,633.2,158.9,118,337.4,391.8,660.8,158,12.7,63524.89473684211,,,,,,,,,,
11,North Savo,2007,27091.2,4009,,,401.1,62.5,1988.3,146.1,455.2,476.2,250,88.9,184.2,132.9,682.4,175.8,136.1,384.5,409,702.4,166.9,13.4,68345.78947368421,,,,,,,,,,
11,North Savo,2008,28875,4111,,,369.1,198,2085.2,132.2,516.2,479.3,272.4,91.4,154.3,126,727.2,186.5,155,399.6,428.3,766.7,173.4,14.9,71172.73684210527,,,,,,,,,,
11,North Savo,2009,26360.8,4123,,,347.7,97.2,1324.8,134.8,470,445.9,267,91.7,144.6,126,719.3,185.2,178.8,405.5,450.7,785.5,181.5,16.3,74068.26315789473,,,,,,,,,,
11,North Savo,2010,27660.3,4318,,,373.2,89.6,1676.8,145.2,449.2,481.9,274.3,98.2,159.6,121.7,738.4,201.1,171.7,414.9,422.9,764.8,187.1,18.3,77105.36842105263,12746,38919,69176,40049,72570,69412,251207,4631,16018,57105
11,North Savo,2011,30001.1,4542,,,364.5,36.6,1904,154.3,479.3,527,281,101,162.1,131.3,799.8,235.4,190.2,486.7,434.5,799.8,188.3,18.4,77632,13174,39424,68828,40263,71288,70950,251329,4607,16611,57781
11,North Savo,2012,29968.1,4620,,,357.4,23.1,1853.1,184.7,471.9,485.9,287.7,104.2,158.2,125.7,807.3,233.2,199,423.3,515.8,841.6,188.9,22.5,82306.36842105263,13587,39923,68656,40764,69501,72536,251457,4583,16524,59812
11,North Savo,2013,30119.2,4782,,,373.1,30.2,1522.4,173.9,486.6,498,305.8,84.3,165.8,130,853.6,311.2,201.9,434.6,494.3,878.8,183.8,25.2,83552.42105263157,14123,40868,68171,41573,67888,73984,251616,4582,15295,59669
11,North Savo,2014,30842.8,4823,,,398.8,40.6,1552.4,167.9,501.7,519.2,300.6,108.4,165.5,178.8,875.5,298.8,213.4,446.6,487.6,890.4,178.9,28.4,84263.26315789473,14565,41449,67736,42021,66301,75300,251358,4227,14561,58823
11,North Savo,2015,31361.6,4859,511000000,1135000000,370,52.3,1603.3,152.3,499.8,541.8,288.5,94,166.3,177,922.9,339.5,210.2,349.6,459.2,992.8,188.5,29.2,85158.15789473684,14876,41752,67192,42289,64842,76686,251009,4204,14480,58179
11,North Savo,2016,32053.9,4928,515000000,1177000000,391,35.6,1587.9,175,512.1,554,285.7,106.9,160.9,180.6,975.8,356.2,206.4,338,489.3,1011.3,187.6,24.1,85744.47368421052,15271,42111,66181,42485,63490,77943,250099,3885,15038,58063
11,North Savo,2017,33681.4,5074,531000000,1591000000,427.7,46,1827.7,209.4,561.8,548.4,299.5,115.6,172.6,190.2,994.5,342.1,207.5,387,476.3,1010.7,194.8,24.4,84988.52631578948,15690,42550,64870,42572,62191,79120,248753,3874,15496,58478
11,North Savo,2018,35220.2,5205,526000000,1507000000,469.6,49.1,1976.2,209.3,603.1,549.2,289.9,114.5,167.9,208.3,1019.4,363.1,230.9,394.1,467.4,1041.9,199.3,24.2,82766.47368421052,16308,43043,63767,42686,61016,80118,247587,3696,15516,59231
11,North Savo,2019,36065.6,5361,565000000,1578000000,464.4,34.5,2037.6,228.8,602,570.6,302.7,128.9,178.9,207.6,1045.9,400.6,246.2,363,477.6,1052.4,182.7,24.5,82255.21052631579,16816,43396,62421,42872,59916,81265,246474,3542,15396,59171
11,North Savo,2020,35762.4,5313,564000000,1457000000,476.9,45,1888.8,234.8,627.6,571.6,294.7,81.1,174.7,195.7,1049.7,393.6,259.7,366.7,484,1070.6,175.7,25,81909.31578947368,17369,43738,61494,43001,58968,82397,245860,3582,14751,58601
11,North Savo,2021,37853.5,5309,641000000,1925000000,500.7,19.3,2146.8,281.4,633.7,563,291.8,96,176.5,222.4,1082.9,417,274.7,393.7,509.8,1134.9,187.2,25.7,79843.73684210527,18017,44393,61054,43223,58290,83256,245823,3660,16048,60068
11,North Savo,2022,42213.7,5735,655000000,2157000000,557.3,30.3,2715.3,303.3,675.1,611.4,336.6,115.7,178.2,237.1,1289.7,442.3,311.9,412.3,529.9,1173.7,199.5,21.6,71801.94736842105,18599,44641,60260,43260,57658,83869,245047,3626,16154,61287
11,North Savo,2023,,,613000000,1898000000,594.4,,,,,,,,,,,,,,,,,,,19345,45225,59912,43291,57608,84612,245423,3613,14980,61848
11,North Savo,2024,,,525000000,1755000000,,,,,,,,,,,,,,,,,,,,,,,,,,,,,
11,North Savo,2025,,,,,,,,,,,,,,,,,,,,,,,,,,,,,,,,,
12,North Karelia,2000,18953.8,1948,,,211.9,21,1364.1,48.6,139.3,203.1,134.1,32.4,90.1,59.6,298.7,43.4,30.8,213.2,214.7,278.5,73.1,2.3,,,,,,,,,,,
12,North Karelia,2001,19629,2008,,,252.1,24.5,1260.2,62,122.6,212.2,144.5,37.9,120.5,64.7,318.4,55.5,31.6,219.3,215.1,295,81.1,2.5,,,,,,,,,,,
12,North Karelia,2002,19770.6,2089,,,263.4,20.9,1186.1,64.3,133.5,211.6,137.6,38.4,98.9,55.9,337.1,56.1,31.4,219,236.1,306.2,83.9,2.5,,,,,,,,,,,
12,North Karelia,2003,21001.9,2185,,,254.7,23.5,1440.1,65.8,147.8,215.9,139.7,39.4,55.4,53.8,353.2,65,34.4,233.8,249,318.9,83.7,4,46186.69230769231,,,,,,,,,,
12,North Karelia,2004,22359,2286,,,240.8,26.3,1663.8,67,188.9,221.5,140.1,43.5,54.7,52.3,377.2,67.2,40.6,232.3,257.2,335.1,94.3,5.5,49180.92307692308,,,,,,,,,,
12,North Karelia,2005,23104.1,2350,,,247.8,26.3,1477,57.8,221.5,270.5,142.7,44.2,88,55.4,383.8,71.4,47.2,244.7,257.7,357.3,95.7,6.6,53088.769230769234,,,,,,,,,,
12,North Karelia,2006,24552.4,2442,,,218.4,26.7,1585.6,77.8,275.7,281.5,136.5,48.9,140.4,56.6,392.3,79.7,59.2,217.2,274.5,365,97.8,7,57758.61538461538,,,,,,,,,,
12,North Karelia,2007,25472.6,2604,,,292.5,44.4,1416.6,70,313.7,274.3,144.5,51.6,126.5,67.3,422.7,90.6,56.9,229.1,285.8,392.6,107.7,7.3,60576.230769230766,,,,,,,,,,
12,North Karelia,2008,25804,2670,,,273.9,38.1,1227.2,76.6,340.4,287.3,168.4,47.7,119.7,69.8,455,107.6,64.8,227.6,293.1,426.6,109.1,8.5,62185.769230769234,,,,,,,,,,
12,North Karelia,2009,23862.2,2638,,,281.7,16.2,843,65.9,302.9,273.2,145.4,50.9,104.8,58.2,453.3,91.7,72.3,215.7,295.2,435.5,117,10.2,64603.69230769231,,,,,,,,,,
12,North Karelia,2010,24923.5,2795,,,300.8,12.3,1043.3,99,293.6,275.1,161.1,55.8,103.7,58.3,482,86.9,80.6,204.1,262,462.1,121.3,11.5,67870.23076923077,7996,23875,45798,25689,48836,47847,168170,2892,13385,37038
12,North Karelia,2011,27907.5,2960,,,314.3,20.8,1289,93.1,321.5,307.1,162.2,54.1,110.4,60.9,526,100.3,88.4,283.5,275.8,482.6,123,12.6,68130.46153846153,8247,24285,45604,25868,47633,48989,168094,2839,13541,37715
12,North Karelia,2012,27776.7,2971,,,312.4,42.8,1041.3,91.8,295.2,307.1,181.5,58.1,117.6,59.3,518.3,104.3,85.6,277.5,319.1,521.5,125.3,13.2,72885.38461538461,8582,24567,45266,26148,46186,50191,167791,2852,13191,38473
12,North Karelia,2013,28679.5,3074,,,330.3,67.3,1138.2,100,284,280.1,173.6,66.7,118.5,53.4,549.7,131.3,80.4,240,306.1,538.5,118,13.7,75352.46153846153,8946,24993,44830,26567,44743,51290,167430,2740,12884,38227
12,North Karelia,2014,29585.1,3107,,,321.3,27.6,1180,142.9,316.3,333.6,169.9,59.1,118.7,78.1,555.8,121.3,88.6,254.5,317.2,548.1,107.5,16.5,75494.15384615384,9253,25341,44475,26927,43518,52372,167292,2512,12565,37970
12,North Karelia,2015,29068.8,3130,274000000,766000000,287.7,35.4,1215.5,133.6,297.5,277.3,168.7,68.2,127,77.8,592,106.3,77.9,240.8,315.9,564.3,119.7,17,76332.46153846153,9482,25636,43773,27188,42289,53476,166726,2438,12335,37160
12,North Karelia,2016,30174.8,3127,299000000,755000000,308.4,42.2,1354.4,100,294.1,307.9,168.1,58.6,129.3,76.6,611.9,118.2,82.2,239.6,308.3,577,120,16.2,77883.30769230769,9732,25874,43049,27306,41153,54393,165901,2289,12439,37230
12,North Karelia,2017,30573.3,3238,326000000,899000000,308.2,35.8,1224.6,124.3,314.2,297,165.3,80.8,125.3,84.9,634.7,127,90.6,292.2,316.7,536.9,124.2,16.4,76831.07692307692,9917,26174,41996,27476,39958,55283,164713,2246,13049,37540
12,North Karelia,2018,32994.7,3302,368000000,972000000,334.1,30.8,1563.4,86.4,323.8,314.2,156.6,82.4,132.9,84.7,687.9,136.4,104.9,299.6,333.7,556.7,120.2,14.7,74473.07692307692,10357,26549,41396,27482,39021,55845,163744,2241,13281,38161
12,North Karelia,2019,33428.7,3406,389000000,921000000,296.2,15.2,1680.3,107,326.4,294.4,171.1,86.9,132.4,90.9,704.5,144.8,87.5,257.8,342.3,617.1,110,13.3,73246,10657,26789,40533,27603,37974,56529,162639,2035,12572,37703
12,North Karelia,2020,32441.6,3384,381000000,810000000,300.3,22,1390.4,105.4,312.4,310.2,153.1,71.9,119.2,106.3,728.1,144.7,96.7,240,342.5,610.8,100.1,12.9,73030.61538461539,10987,26919,39765,27535,37221,57198,161719,2025,11845,37407
12,North Karelia,2021,35017,3349,445000000,1029000000,332.7,24.7,1799.7,124.5,306.7,312,172.2,80,115.9,106.2,719,150.9,99.3,248.7,360.1,646.5,105.9,13.5,70668.15384615384,11363,27120,39470,27511,36677,57724,161382,2111,13189,38039
12,North Karelia,2022,37992.8,3674,443000000,1207000000,378.9,18.5,2014.8,141.3,308.4,335.7,149.8,91.4,123.3,102.3,863.1,152.2,102.1,277.5,371.7,668.4,116.9,13.5,63857.69230769231,11671,27242,38905,27473,36243,57970,160591,2060,13144,38953
12,North Karelia,2023,,,429000000,993000000,406,,,,,,,,,,,,,,,,,,,12192,27475,38557,27317,36056,58329,160259,2002,12201,39558
12,North Karelia,2024,,,404000000,975000000,,,,,,,,,,,,,,,,,,,,,,,,,,,,,
12,North Karelia,2025,,,,,,,,,,,,,,,,,,,,,,,,,,,,,,,,,
13,Central Finland,2000,22274.9,3015,,,263.7,12.8,3026.6,82.2,299,311.2,176.2,65.7,235.1,95.9,500.7,138.1,58.5,335.4,324.6,413.7,118.7,2.7,,,,,,,,,,,
13,Central Finland,2001,24194.7,3127,,,262.2,15.1,3441,99.3,286.2,336.7,188.8,78.1,268.9,103.5,541.9,151.5,70.9,351.7,365.6,448.3,130.9,2.7,,,,,,,,,,,
13,Central Finland,2002,24662.2,3284,,,275.3,17.5,3272.1,78,299.2,429.7,186.7,79.1,281.3,87.5,557.6,150.8,81.5,368.7,387.6,471.3,138,3.1,,,,,,,,,,,
13,Central Finland,2003,24956.7,3450,,,258.5,19.4,2920.1,91.6,352.4,452.4,207.8,82.6,295.4,82.4,605.6,161.1,85,392.6,403,502.6,140.5,4.4,53908.681818181816,,,,,,,,,,
13,Central Finland,2004,24994,3677,,,252.5,16,2701.2,109.6,370.3,475.2,216.1,92,250.1,83.8,641.5,182.1,108.9,388.5,420.9,537.7,149.4,6.4,57936.63636363636,,,,,,,,,,
13,Central Finland,2005,25611.6,3742,,,232,14.1,2638.8,100,411.3,524.5,225.8,95.5,257.7,86.7,654.9,187.6,128.7,408,423.1,568.1,148.8,7.3,62525.31818181818,,,,,,,,,,
13,Central Finland,2006,26733.1,3937,,,248.5,16.8,2998,99.5,445.3,456,204.6,100.1,219.6,96.9,665.3,253.8,151.2,382.9,449,579.8,155.7,7.4,67526.81818181818,,,,,,,,,,
13,Central Finland,2007,29206.1,4214,,,335.3,19.7,3528.2,133.4,487.3,477.5,234.3,102.8,249.5,104.6,752.8,250.5,156.4,400.5,456,618.9,161.3,7.5,70802.22727272728,,,,,,,,,,
13,Central Finland,2008,30453.9,4363,,,318.8,17.7,3565.4,129.2,551.7,481.1,245.4,110.7,311.4,114.9,796.1,259.2,189.1,409.9,474.5,680.4,175.3,8.6,74205.72727272728,,,,,,,,,,
13,Central Finland,2009,28472.4,4404,,,276.2,18.6,2721.3,145.3,501.1,432.6,241.9,111.7,318.4,102.6,844.8,236.3,164.5,406.4,499.2,706.5,195.1,10,77927.04545454546,,,,,,,,,,
13,Central Finland,2010,27381.6,4706,,,298,20,2353.1,172.6,499.1,421.6,228.5,113.9,310.7,98.4,865.1,228.3,182.5,384.9,418,723.5,197.1,11.3,81460.86363636363,16735,42387,79650,48452,71970,69071,269143,2137,5878,14247
13,Central Finland,2011,29368.7,4871,,,300.8,25,2649.4,150.1,524.4,466.8,249.9,112.4,323.5,97.6,917.2,279.1,185.1,434.6,432,720.1,205.2,12.1,81431.36363636363,17336,43030,79671,48800,71011,70459,269941,2116,5967,14098
13,Central Finland,2012,30039.7,4927,,,285.2,21.3,2328.3,255.4,491.3,457.7,263.5,119.1,327.9,90.7,935.6,270.3,214.7,463,554.2,772.1,209.1,13.6,86084.72727272728,17935,43700,79941,49053,69868,72064,270926,2060,5746,14444
13,Central Finland,2013,29780.5,5037,,,303.7,32.8,2274.9,157.7,485.8,509.9,272.4,109,301.8,76.5,960.5,284,192.1,447.6,567.9,783.3,213.9,16.3,87131.27272727272,18570,44413,79324,49349,68700,73558,270931,2141,5558,14352
13,Central Finland,2014,30466.5,5165,,,301.5,34.3,2359.6,188.1,492.9,483.6,257.5,113.2,322.7,100,995.5,282.7,210.9,472.2,571.3,794.6,213.5,19.5,88139.86363636363,19099,44848,78917,49441,67657,74780,270795,1952,5232,14191
13,Central Finland,2015,31730.4,5202,754000000,2135000000,306.3,4.4,2582,238.1,494.6,485.4,262.7,109.5,380.1,105.7,1052.4,285,208.6,378.6,619.1,862.9,205.5,20,88679.5,19594,45082,78609,49529,66870,76216,271224,1965,5235,13615
13,Central Finland,2016,32743,5257,775000000,2159000000,320.9,26.6,2723,209.2,550.9,496.6,288,132.6,338.6,98,1106.3,284.1,208.7,370.6,623.3,882.8,213.2,18,90506.59090909093,20098,45622,78169,49653,66230,77430,271482,1819,5372,13924
13,Central Finland,2017,33816.4,5456,870000000,2394000000,329,23.2,2846.2,217,611.5,516.3,308.9,142.4,347.6,91,1154.1,310.2,215.4,383.4,602,889.9,248.7,18.2,90328.45454545454,20670,46394,77220,49770,65586,78700,271276,1831,5764,13816
13,Central Finland,2018,35405.7,5599,923000000,2923000000,359.8,23.8,3187.8,207.4,633.9,537.2,292.6,130.9,374.8,78.9,1170.5,332.2,248.8,396,603.6,921.4,236.2,19.8,88725.22727272728,21389,46994,76410,49655,65112,79605,270782,1834,5732,13650
13,Central Finland,2019,35809.8,5659,1019000000,2687000000,384.1,21,2915.6,201.8,671.7,552.2,317.4,128.6,375.5,80.5,1219.8,352.3,245.9,418.5,627.3,939.2,248.7,18.5,88047.86363636363,21968,47369,75293,49754,64506,80845,270398,1750,5728,13289
13,Central Finland,2020,35079.4,5754,1009000000,2475000000,389.7,28.1,2577.9,210.1,688.5,569.2,309.6,101,401.7,75,1199.5,360.7,218.6,408.1,633.5,959.2,231.9,19,88478.31818181818,22771,47831,74457,49798,64107,82082,270444,1718,5579,13184
13,Central Finland,2021,37388.2,5925,1281000000,2850000000,384.1,21,3225.5,199.6,657.1,574.6,369.5,110,409,88.9,1210.5,383.1,222.2,437.8,665.8,1016,253.8,18,87065.45454545454,23483,48268,73547,49874,63593,83296,270310,1766,5932,13084
13,Central Finland,2022,40650.4,6275,1233000000,2996000000,412.8,38.4,3585.2,277.3,665,629.3,344.7,158.2,436.6,106.7,1403.3,394.3,258.7,461.4,698.5,1065.6,264.5,19.3,80154.90909090909,24245,48650,72665,49949,63356,83907,269877,1740,5935,13134
13,Central Finland,2023,,,1305000000,2769000000,448.6,,,,,,,,,,,,,,,,,,,25138,49247,72113,50164,63284,84855,270416,1709,5491,13186
13,Central Finland,2024,,,1209000000,2835000000,,,,,,,,,,,,,,,,,,,,,,,,,,,,,
13,Central Finland,2025,,,,,,,,,,,,,,,,,,,,,,,,,,,,,,,,,
14,South Ostrobothnia,2000,17770.9,2255,,,305.1,22.5,1098.2,52.8,209.8,312.9,157.8,28.7,55.1,100.8,356.8,47.1,29.4,158.8,192,315.9,85.9,3.1,,,,,,,,,,,
14,South Ostrobothnia,2001,18789.6,2321,,,310.8,31.8,1249.7,44.3,198.1,309.1,159.1,33,65.2,105.5,375.1,55.2,34.5,169,202.8,327,96.2,4,,,,,,,,,,,
14,South Ostrobothnia,2002,19287.6,2522,,,291.3,39.2,1177.4,44.6,222.3,328.2,173.8,35.1,65.4,87.9,388.1,65.1,34.6,175.4,216.8,340.9,94.3,4.4,,,,,,,,,,,
14,South Ostrobothnia,2003,20298.9,2544,,,282.2,34.8,1189.9,48.8,252.4,351.5,182.8,36.1,68.3,83.1,415,64.6,40.2,189.4,227.3,366.3,96.9,6.1,59697.833333333336,,,,,,,,,,
14,South Ostrobothnia,2004,21197,2685,,,268.5,36,1312,57.5,266.9,300.3,191.7,40.1,78,80,447.2,71.8,45.9,197.2,241.1,393.9,108.9,8,63825.05555555556,,,,,,,,,,
14,South Ostrobothnia,2005,22170.7,2729,,,276,30.4,1379,65.9,300.4,320.8,196,43.7,67.8,83.7,447.1,73.6,51.1,212.9,241.4,428.1,104.7,9.2,68643.5,,,,,,,,,,
14,South Ostrobothnia,2006,23398.3,2905,,,224.2,40,1598.6,62.9,326.8,379.1,187.2,55.4,67.9,91.7,464.3,81.4,59.2,210.3,249.2,442.6,110.1,8.9,72670.88888888889,,,,,,,,,,
14,South Ostrobothnia,2007,26219.4,3123,,,313.8,41.9,1897.1,69.8,362.9,417.9,224.7,56.2,71.6,98,514.7,89.7,62.9,209.4,266.7,470.4,120.1,9.2,75734.61111111111,,,,,,,,,,
14,South Ostrobothnia,2008,27038.3,3235,,,284.8,33.2,1870.6,73.1,393.3,432.6,257.6,46.7,73.8,100.2,532.9,95.1,72.3,223.4,281.5,517.9,124.9,9.1,79119.05555555556,,,,,,,,,,
14,South Ostrobothnia,2009,25769.8,3166,,,293.5,56.2,1435.4,76.2,339,427.3,272.1,48.6,67.7,92.5,554.3,89.6,66.7,234.9,278.8,491.4,131.1,10.6,82087.61111111111,,,,,,,,,,
14,South Ostrobothnia,2010,26846.7,3305,,,332.3,63.7,1459.4,81.8,362.4,411.1,263.8,57.6,69.6,92.1,575.1,94.9,73.7,230,350.6,506.4,136.1,11.9,85548.61111111111,6702,29674,57942,31393,53851,54516,197702,4169,11365,21245
14,South Ostrobothnia,2011,28544,3501,,,319.5,55.9,1515.8,86.3,382.8,432.3,267.3,61.8,78.8,101.7,600.4,107.8,88.6,299.3,360.1,526.2,146.1,13.3,86761.55555555556,7014,30069,57796,31671,52946,55452,197865,4043,11437,21526
14,South Ostrobothnia,2012,29282.2,3537,,,319.8,41.1,1517.8,112.9,431.7,445.7,265.3,61.5,75.1,93.6,620.1,123.5,93,324.3,303.8,576.6,149.9,14,92718.83333333331,7306,30474,57719,31984,51793,56610,198106,3970,11098,22312
14,South Ostrobothnia,2013,29691.6,3700,,,331.5,22.5,1628.3,150.7,385.2,427.8,259.5,62.4,70.7,82.5,659.2,115,92.5,336.3,301.6,600.7,140.4,16.9,93892.94444444444,7562,31060,57359,32182,50824,57650,198015,3921,10472,21972
14,South Ostrobothnia,2014,30191.5,3695,,,346.4,27.5,1579.6,147.6,385.2,450.1,251.9,56.4,65.5,103.5,676.3,127.5,104.9,330,286.6,603.1,141.6,17.6,94913.33333333331,7798,31353,56762,32145,49712,58635,197254,3898,10302,21609
14,South Ostrobothnia,2015,30080.7,3705,535000000,553000000,299.3,34.7,1532.1,133.4,372.9,476.6,261.4,57.3,60.7,110.7,722.5,134,87.2,242.1,307.5,702.7,140.9,18.1,96270.44444444444,7985,31460,55943,32016,48832,59719,196510,3932,10079,20909
14,South Ostrobothnia,2016,30080.8,3718,503000000,561000000,310.1,31.9,1464.5,122.5,372.4,444.9,265.6,63.3,59.1,105.5,752.2,132.2,94.4,232.2,302.8,708.2,148.8,21.3,97925.83333333331,8189,31801,55156,31885,47923,60653,195617,3624,10360,20400
14,South Ostrobothnia,2017,31720.9,3813,551000000,612000000,321.3,26.6,1647.5,129.4,428.6,465.9,256.2,71.4,73.9,108.4,780.6,143.6,107.1,221.1,312.6,713.4,150.7,21.6,98198.44444444444,8484,31934,54310,31715,47266,61261,194552,3582,10314,20403
14,South Ostrobothnia,2018,32190.7,3839,575000000,632000000,324.1,25.3,1668.4,115.9,447.4,466.3,258.1,72.4,66,96.6,779.5,147.1,113.2,211.6,310.9,737.8,161.3,14.6,96001.72222222222,8741,32300,53156,31566,46619,61842,193183,3483,10673,20477
14,South Ostrobothnia,2019,33884.6,3947,629000000,649000000,390.4,25.1,1708.7,142.9,452.3,488.3,261.8,74.4,64.3,99.6,811,197.6,116.9,218,308.5,761.8,146.7,14.8,95703.72222222222,8965,32575,52233,31314,45976,62562,192085,3445,9559,20232
14,South Ostrobothnia,2020,34185.9,4026,696000000,636000000,405.6,27.8,1653.2,155.8,455.9,490.9,252.1,58.8,64.5,86.3,879.3,194.6,107.6,213.6,313.1,779.3,133.3,14.9,97383.61111111112,9260,32846,51244,31186,45449,63180,191059,3325,9358,20177
14,South Ostrobothnia,2021,36042.7,4251,821000000,773000000,420.6,17.4,1899.5,120.5,446.6,523.7,263.3,60,71.1,94.5,910.6,201.8,116.8,236.7,332.1,817.8,138.6,12.8,95405,9518,33180,50772,30996,45105,63722,190595,3361,10143,20052
14,South Ostrobothnia,2022,38416.9,4287,942000000,843000000,473.4,19.1,1996.8,182.2,462.9,535.3,274.5,72.4,79.6,122.1,960.3,212.2,135.6,240.3,344.5,858.8,150.2,13.3,89017.94444444444,9840,33327,50119,30721,44867,63801,189508,3278,10170,19996
14,South Ostrobothnia,2023,,,873000000,839000000,494.7,,,,,,,,,,,,,,,,,,,10180,33563,49719,30541,44835,64103,189198,3197,9841,19922
14,South Ostrobothnia,2024,,,816000000,782000000,,,,,,,,,,,,,,,,,,,,,,,,,,,,,
14,South Ostrobothnia,2025,,,,,,,,,,,,,,,,,,,,,,,,,,,,,,,,,
15,Ostrobothnia,2000,24586.3,2034,,,255.5,1.8,2290.4,61.4,209.2,221.7,170.9,33.2,114.6,92.9,299,45.4,60.4,200.1,221.1,303.6,70.8,0.6,,,,,,,,,,,
15,Ostrobothnia,2001,25674.6,2102,,,250.7,2.2,2241,68.4,215.3,261.9,186.4,39.9,149.2,101,317.6,69.2,55,215.1,219.4,311.9,80.5,0.6,,,,,,,,,,,
15,Ostrobothnia,2002,24545.7,2208,,,201.9,2.2,1843.8,94.8,213,301.2,191.1,41.2,143.9,79.8,333.9,55.2,27.9,224.5,228.5,332,80.6,0.7,,,,,,,,,,,
15,Ostrobothnia,2003,26223.3,2294,,,221,2.8,1864.4,91.3,255.6,276.9,185.9,42,147.2,77.1,362.9,145.9,50.6,235.6,240.9,346.5,80.9,1.3,69570.85714285714,,,,,,,,,,
15,Ostrobothnia,2004,27724.4,2414,,,196.3,3.7,2158.7,127.5,266.9,282.9,187.9,47.9,141.6,80.1,388.1,120.6,60.3,252.4,253.3,362.7,90,1.7,74041.42857142857,,,,,,,,,,
15,Ostrobothnia,2005,29309.3,2447,,,225,3.1,2351.4,93.9,260.7,332.6,208.2,51,113.5,83.1,386.7,172.7,66.8,267.3,261.7,380.2,95.5,2.2,79699.35714285714,,,,,,,,,,
15,Ostrobothnia,2006,30575.7,2596,,,191.5,3.7,2865.1,119.6,276.5,263.4,181.9,53,95.5,98,410.4,129.1,75,249.2,268.9,391.2,99.3,2.3,84388.85714285714,,,,,,,,,,
15,Ostrobothnia,2007,33754.3,2760,,,211.9,4.3,3202.1,125.6,296.1,314.8,206.8,51.9,173.3,122.3,438.6,161.2,79.1,244.7,277.5,414.6,109.5,2.3,88113.92857142857,,,,,,,,,,
15,Ostrobothnia,2008,35600.9,2902,,,206.1,4.1,3408,122.3,305.3,332.7,234,52.8,204.6,137.7,453.6,205.2,89.7,256.1,304.9,449.8,112.8,3.4,90549.64285714286,,,,,,,,,,
15,Ostrobothnia,2009,34415.6,2955,,,262.5,4.9,3131.3,144.3,280.3,309.3,215.8,54.5,185.4,115.5,460.4,171.1,88.2,229.8,321.4,466.7,123,5.7,94512.78571428572,,,,,,,,,,
15,Ostrobothnia,2010,37355.2,3090,,,336.9,4.4,3728.4,166.1,298.6,319.2,180.6,53.8,169.6,115,465.6,175.4,117.7,226.5,352.9,486.9,127.1,6.5,96832,9837,28166,52126,30864,43895,45317,172202,2185,19828,39277
15,Ostrobothnia,2011,37959,3289,,,382.2,3.3,3438.8,161,308.6,341.4,184.4,56.2,161.4,112.4,509.5,167.2,138.3,271.7,360.5,521.8,134,7.7,97195.85714285714,10263,28597,52564,31170,43529,46131,173394,2164,20453,40808
15,Ostrobothnia,2012,38685.5,3332,,,404.9,4.2,3457.1,152,314.8,354.7,210.1,63.3,173.6,106.6,526,181.5,151.6,289.7,277,556.1,135.3,8.7,103157.14285714286,10653,28956,52668,31408,42983,46957,174016,2128,20385,41564
15,Ostrobothnia,2013,38498.2,3468,,,382.5,3,3125.5,186.6,360.6,326.1,197,67,160.2,97.5,556.1,207.7,154.7,267.8,352.8,562.1,138.9,10.8,104960.71428571428,11203,29647,52601,32062,42486,47637,174786,2156,20040,41675
15,Ostrobothnia,2014,38482.3,3562,,,302.1,5,3062.3,210.8,354.4,383.6,189.5,67.2,208.7,120.5,585,193.8,160.2,280.6,333.1,568.5,140.7,13,106813.64285714286,11536,30137,52779,32384,41996,48357,175516,2106,19714,40800
15,Ostrobothnia,2015,38897.3,3514,1310000000,3129000000,294,6.9,3122.7,252.5,351.3,357.5,196.5,71.9,205.6,121.8,620.4,216.1,144.3,251.8,342.5,589,140.3,13.3,108741.42857142857,11807,30465,52663,32660,41715,49090,176128,2162,19306,40941
15,Ostrobothnia,2016,38584.7,3524,1382000000,3122000000,283.8,5.7,3064.2,206.4,390.5,366.7,193.7,73.5,184,117.6,646.6,219.8,132.5,247.3,330.9,592.5,137.5,13.9,110471.07142857143,12099,30661,52191,32610,41409,49625,175835,1916,19020,40686
15,Ostrobothnia,2017,39225.9,3577,1385000000,3507000000,293.8,3.8,3107.5,192.7,422.8,374.4,194.5,84.1,201.2,122.7,663.2,223.9,166.3,210.6,342.1,577.8,145.3,14.1,111207,12667,30960,51694,32379,41174,50012,175259,1964,19776,40858
15,Ostrobothnia,2018,40432.1,3644,1269000000,3508000000,285.5,5.1,3317.8,213.1,411.4,378.6,194.1,91.4,191.2,120.7,670.6,238.2,149.5,216.1,351.8,600.3,145.7,13.6,110272.14285714286,13253,31583,51263,32292,41229,50364,175148,1826,20130,41120
15,Ostrobothnia,2019,41195.8,3736,1335000000,3550000000,342,7.6,3249.3,224.2,440.4,376.3,194.9,107.6,171.2,114.3,688.4,260.8,159.1,216,364.9,607.2,140.5,14.5,110026.14285714286,13590,31812,50739,32220,41159,50793,174911,1777,19868,41163
15,Ostrobothnia,2020,40232.3,3803,1284000000,3226000000,330.2,6.3,2757.6,228.4,462.9,388.3,179.5,84.3,178.4,127.1,719.8,270.6,174.3,219.2,370.7,632.8,138.7,16.7,111421.57142857143,13961,31960,50291,32041,41271,51155,174758,1754,18723,40034
15,Ostrobothnia,2021,44224.1,4027,1938000000,3656000000,336.8,9.8,3522.2,229.7,478.8,403.2,190.7,85.6,194.4,139.9,724,276.8,212,233.4,391.2,684.7,140.1,14,109823.14285714286,14334,32079,50178,31919,41309,51452,174858,1750,20355,42363
15,Ostrobothnia,2022,46375.4,4092,2300000000,3917000000,367.6,7.4,3346.4,280.8,481.5,423.4,217.1,111.8,265.7,172.6,823.7,282.4,209.8,247.2,409.7,704.5,153.1,13.5,102033,14626,32222,50092,31877,41405,51579,174953,1674,20815,43203
15,Ostrobothnia,2023,,,2017000000,3718000000,367.9,,,,,,,,,,,,,,,,,,,15262,32778,50374,32146,41822,51815,176157,1689,20778,43654
15,Ostrobothnia,2024,,,2013000000,4526000000,,,,,,,,,,,,,,,,,,,,,,,,,,,,,
15,Ostrobothnia,2025,,,,,,,,,,,,,,,,,,,,,,,,,,,,,,,,,
16,Central Ostrobothnia,2000,19287.7,742,,,96.2,1.1,408,26.5,87.2,91.9,71.8,13.3,27.2,28.3,116.7,15.1,10.1,60,66.1,108.5,32.4,0.8,,,,,,,,,,,
16,Central Ostrobothnia,2001,20553.5,772,,,98.1,1.7,425.7,26.7,81.6,97.8,89.7,15.6,42.2,30.6,127.6,21.4,13.9,61.8,69.3,110.8,37.4,0.9,,,,,,,,,,,
16,Central Ostrobothnia,2002,19949.6,808,,,87.7,2.2,355.9,28.9,78.7,100.9,85.7,15.4,49.4,25.7,129.1,22.9,12.2,65.5,75,116.4,35.7,1,,,,,,,,,,,
16,Central Ostrobothnia,2003,21453.9,846,,,91.6,2.4,433,31.2,87.1,108.9,84.7,15.6,22,25.1,132.9,24.4,15.3,68.1,85,122.6,35.3,1.4,61875.75,,,,,,,,,,
16,Central Ostrobothnia,2004,22675,886,,,86.1,1.8,474.4,31.8,88.3,119.5,79.1,16.8,17.3,24.4,141.5,29.4,16.1,74.7,88.7,132.1,38,1.7,66707,,,,,,,,,,
16,Central Ostrobothnia,2005,23873,908,,,93,1.9,552.9,31.9,98.3,126.1,82.6,18,34,25.8,146.6,33.6,18.9,80.6,87.1,143,37.4,2.2,70699.125,,,,,,,,,,
16,Central Ostrobothnia,2006,27712.6,999,,,70.1,3.3,867.9,39.2,113,132.6,97.6,18.8,48.4,28.3,159,41,24.1,77.2,90.8,150,39.6,1.9,76449.75,,,,,,,,,,
16,Central Ostrobothnia,2007,29713.8,1054,,,91.5,3.4,960.2,50,114.8,146.8,85.2,19.5,48.2,32.4,166.8,44.1,29.6,76,94.9,161.5,46.3,2.4,80216.75,,,,,,,,,,
16,Central Ostrobothnia,2008,32043.2,1073,,,76.1,3,1019.1,49.9,129,143.6,139.8,20.1,66.8,35.4,167.7,50.1,27.2,76.9,101.8,178.3,45.8,3,82384.875,,,,,,,,,,
16,Central Ostrobothnia,2009,28868.1,1056,,,95.2,3.3,570.9,40.9,118.4,133.7,177.1,21,60.6,30,191.5,44,31.8,88,106.6,176.5,48.7,3.5,89023.625,,,,,,,,,,
16,Central Ostrobothnia,2010,30571.8,1119,,,113.9,2,668.2,48,123.6,143,147.9,22.4,64.9,32.6,188.9,47.7,37.4,88.8,133.7,183.2,50.9,4,93527.5,2560,9660,21543,11487,17566,17406,68002,1926,6334,17682
16,Central Ostrobothnia,2011,33251,1179,,,122.2,2.3,729.1,38.7,134.5,151.1,164.5,22.6,65.3,36,199.9,46.8,45.1,108.3,139.3,189.4,52.7,4.9,90844.875,2652,9816,21498,11571,17294,17774,68137,1906,6252,17988
16,Central Ostrobothnia,2012,32571.3,1196,,,126.2,2.8,644.2,37.3,139.6,148.9,145.3,21.4,62.8,33.5,210.5,48.1,43.2,114,116.1,206.1,54.3,5.4,94924.5,2783,9938,21426,11655,17008,18177,68266,1913,6280,18367
16,Central Ostrobothnia,2013,32638.1,1252,,,132.9,2.4,627.7,46,137.8,176.8,141.8,23,61.2,32,188.1,48.5,46.7,118.7,121.1,211.5,52.8,5.2,98344.75,2884,10155,21409,11760,16644,18531,68344,1728,6232,18195
16,Central Ostrobothnia,2014,34545.2,1259,,,141.4,3.1,728.2,47.6,123.1,182.4,147.5,19.8,67.2,37.6,196.6,52,52.1,116.1,120.6,219.7,51.2,6.4,98592.125,3004,10295,21296,11943,16416,18837,68492,1708,5821,17710
16,Central Ostrobothnia,2015,35158.2,1264,1517000000,1729000000,120.9,4.1,801.8,56.3,125,177.5,124.6,24,71.6,39.1,207.6,74.3,35.8,88.2,126.1,264,50.3,6.6,99712.5,3073,10438,21184,12074,16266,19149,68673,1725,5991,17938
16,Central Ostrobothnia,2016,34360.6,1269,1415000000,1806000000,112,1.6,726,52.4,137.9,187,127.7,20.2,62.3,40,217.4,60.7,34.3,83.2,124.3,264.9,52.9,5.4,102864.625,3169,10492,21134,11957,16055,19501,68647,1582,6083,17872
16,Central Ostrobothnia,2017,36677.6,1306,2100000000,1611000000,112.4,-0.5,883.5,61.2,152.9,195.7,132.3,20.1,79.7,38.5,229.8,63.2,34.6,103,115.6,249.2,54.6,5.5,103390.125,3293,10543,20878,11839,15931,19743,68391,1521,6213,18076
16,Central Ostrobothnia,2018,37691.3,1325,2387000000,1865000000,113.5,2.9,904.6,60.5,157.7,187.8,136.1,21.1,77.3,28.3,259.7,57.2,40.5,101.9,114.6,264.2,52.5,4.7,101124.125,3376,10667,20578,11676,15896,19870,68020,1503,6357,18526
16,Central Ostrobothnia,2019,37646.5,1376,1802000000,1715000000,125.2,2.5,805.8,70.6,158,203.1,133.7,21.6,70.5,28.9,267,66,44.9,101.9,116.3,265.8,53.1,3.8,98806.375,3490,10728,20250,11577,15724,20182,67733,1423,6129,18171
16,Central Ostrobothnia,2020,38099.4,1383,2029000000,1893000000,118.5,2,860.6,56.9,146.4,198.6,143.3,18.3,88.8,28.5,279.4,61.5,47.3,106.4,117.7,263.8,45.3,4.2,97057.5,3599,10854,20036,11498,15701,20324,67559,1328,6130,18270
16,Central Ostrobothnia,2021,38338,1402,2926000000,2373000000,120,1.6,767.2,56.5,143.3,202.8,133.6,19.8,103.4,34,278.2,61.2,52.1,114.9,123.9,269.5,49.1,3.9,94842.125,3716,11017,19778,11484,15645,20541,67448,1337,6442,18364
16,Central Ostrobothnia,2022,40369.2,1457,3554000000,2862000000,123,2.5,852.3,112.1,148,204.4,132,25.1,85.6,32.2,307.5,65.3,51.9,118.7,128.9,278.2,54.4,5,85908.5,3836,11077,19533,11416,15578,20729,67256,1300,6590,18994
16,Central Ostrobothnia,2023,,,2340000000,3478000000,128.7,,,,,,,,,,,,,,,,,,,3957,11224,19513,11295,15540,20780,67128,1257,6507,18807
16,Central Ostrobothnia,2024,,,1729000000,2489000000,,,,,,,,,,,,,,,,,,,,,,,,,,,,,
16,Central Ostrobothnia,2025,,,,,,,,,,,,,,,,,,,,,,,,,,,,,,,,,
17,North Ostrobothnia,2000,23714.4,4273,,,330.4,44.3,5155.1,166.9,490.1,453.4,354.2,90.3,227.9,140.9,644.6,202.4,101.5,413,491.9,641.6,140.5,6.2,,,,,,,,,,,
17,North Ostrobothnia,2001,23434.3,4360,,,336.4,53.9,4334.8,176.2,471,475.5,394.8,107.3,291.1,153.1,703,252.3,127.2,436.1,523,682.8,157.2,5.7,,,,,,,,,,,
17,North Ostrobothnia,2002,26498.6,4556,,,312.4,72.1,5987,172.5,489.2,500.9,392.7,109.2,278.1,143.1,756.5,278.2,170.7,407,558.8,729.8,168.7,6,,,,,,,,,,,
17,North Ostrobothnia,2003,27968.8,4815,,,309.2,84.4,6201.8,194.8,543.4,512,384.1,105.6,383.9,137.3,816.2,276.1,167.3,433.2,593,785.7,186.1,8.3,60777.63333333333,,,,,,,,,,
17,North Ostrobothnia,2004,29206.9,5090,,,296.4,89.4,6227.9,227.9,600.6,570.6,390.5,125.6,473.5,134.8,868.3,336,180.8,443.3,627.8,828.4,203.4,11.3,65562.96666666666,,,,,,,,,,
17,North Ostrobothnia,2005,29820.8,5292,,,297.9,105.6,6437,159.2,726.8,589.4,358.1,141.5,401.1,144.5,898.2,306.4,197.5,460.3,655.4,886.2,205.5,13.5,71745.1,,,,,,,,,,
17,North Ostrobothnia,2006,29694,5655,,,269.8,166.1,6009.6,224.7,751.9,591.9,433.5,138.4,317,159.8,943.7,334.7,205.3,438.3,661.5,920.3,214.5,14.2,77354.16666666667,,,,,,,,,,
17,North Ostrobothnia,2007,32443.9,5977,,,359.7,158.8,7409,244.9,814.5,683.2,333.2,146.5,226.8,170.5,1019.8,369.5,218.3,472.7,689.2,987,238,15,82260.4,,,,,,,,,,
17,North Ostrobothnia,2008,33475.4,6223,,,330.6,126.8,6965,292.7,910.7,725.1,421.4,158.5,322.4,161.6,1093.5,404.5,296.4,481.7,718,1083.9,249.1,18.5,84679.93333333333,,,,,,,,,,
17,North Ostrobothnia,2009,29492.1,6333,,,317.3,123.5,4720.2,240.3,747.9,651.2,455,140.9,327.6,174.2,1078.6,423,247.5,462.5,763,1165.1,262.2,20.2,88377.93333333333,,,,,,,,,,
17,North Ostrobothnia,2010,30689.3,6685,,,357.7,184.7,4887.1,337.8,810.4,726.4,450.7,154.3,317.3,168.8,1118.2,450.6,258.6,457.9,746.1,1189.9,267.2,22.7,90856.7,24178,58766,134495,75694,102744,84023,396956,4734,33462,92877
17,North Ostrobothnia,2011,31249.3,6984,,,352.6,328.7,4340.2,307.6,832.9,667.8,449.7,157.4,321.7,185.7,1210.1,463.2,281.7,554.3,755.8,1250.6,273.8,24.1,89081,24968,59666,135129,76051,101614,86687,399481,4754,33229,95974
17,North Ostrobothnia,2012,31607.1,7112,,,341.7,181.3,3875.8,263.9,791.5,744.2,531.1,166.3,344.7,190.4,1247.1,557.9,295.6,580.4,874.3,1391.7,281.7,25.4,93724.33333333331,25802,60800,135641,76581,100426,89503,402151,4716,31988,97511
17,North Ostrobothnia,2013,31787.8,7350,,,364.5,128.1,3989.9,251.5,831.1,783.7,457.6,166.5,348.3,202.8,1322.4,583.6,298.5,597.2,853.9,1366.3,277.6,29.8,96091.36666666668,26944,62099,136219,77272,99236,91952,404679,4604,31193,97805
17,North Ostrobothnia,2014,31461.1,7471,,,376.4,112.9,3756.9,304.1,818.2,841.4,459.5,161.4,323.9,225.9,1386.7,513.3,316.3,623.2,822.4,1368.9,290,35.7,96661.56666666668,27853,63093,136164,77412,98500,94389,406465,4371,30279,96628
17,North Ostrobothnia,2015,30722.1,7695,1443000000,1396000000,346.4,141.6,2866.2,327.6,884.1,794.4,478.8,164.1,350.5,229.8,1452.4,560.5,313.4,550.5,834,1422.7,309.3,36.6,98557.66666666669,28521,63928,135557,77263,97764,97160,407744,4391,31000,95866
17,North Ostrobothnia,2016,32800.4,7700,1421000000,1337000000,339,123.6,4052.6,353.2,967.4,818.4,482.9,181,377,227.7,1500.4,491.4,318.1,536.1,828.8,1432.9,316.7,30.5,100609.16666666669,29325,64770,134325,77061,97275,99674,408335,4067,31759,97411
17,North Ostrobothnia,2017,33819.4,7936,1790000000,1877000000,354.7,136.1,3955.9,420.7,1073.9,852.6,506.9,185.3,459.2,240.8,1533.6,519.9,340.3,527.6,856,1429,326.4,30.9,100311.26666666666,30268,65630,133131,76913,96782,102003,408829,4096,33722,98985
17,North Ostrobothnia,2018,34444.4,8175,2073000000,2319000000,381.2,135.6,3545.5,365.3,1195.1,874.2,526.9,191.5,448.5,237.6,1559.3,592.1,369.4,550.1,898,1501.8,336.5,30.8,98070.33333333331,31448,66915,131598,76714,96594,104004,408910,4063,34693,101868
17,North Ostrobothnia,2019,35958.2,8454,2190000000,2282000000,432.3,120.2,3828.2,482.9,1221.5,854.4,518.8,195.8,467,242.2,1614.4,657.8,404.2,564.5,936.3,1553,331,31.7,97196.06666666668,32434,67725,130262,76754,96428,106098,409542,4053,33167,100086
17,North Ostrobothnia,2020,36433.7,8577,1857000000,1621000000,451.3,86.9,4214.9,340,1261.3,889,508.2,157.7,500.7,291.6,1670.1,642,361,586.8,971.6,1577.1,307.3,40.5,97633.16666666669,33622,68481,129319,77039,96307,107963,410628,3960,32817,103269
17,North Ostrobothnia,2021,39159.1,8810,2361000000,2195000000,464,86.7,5221,439,1243.6,974.1,486.9,159.5,566.3,327.2,1697.3,656.8,385.3,644.5,1007.5,1670.4,319.3,48.2,95708.6,34816,69465,128737,77490,96310,109759,412296,4083,34851,106092
17,North Ostrobothnia,2022,41666.7,9134,2785000000,2463000000,501.7,56.9,4966.4,645.7,1373.9,1003.7,607.3,215.9,610.6,349.9,1980.4,678.3,436.7,661.3,1042.5,1756.2,324.4,43.6,86858.46666666666,36001,70206,127646,77504,96689,111170,413009,4066,35904,108912
17,North Ostrobothnia,2023,,,2163000000,2167000000,543.4,,,,,,,,,,,,,,,,,,,37490,71486,126793,77627,97302,112535,414257,4048,33940,109828
17,North Ostrobothnia,2024,,,2261000000,2137000000,,,,,,,,,,,,,,,,,,,,,,,,,,,,,
17,North Ostrobothnia,2025,,,,,,,,,,,,,,,,,,,,,,,,,,,,,,,,,
18,Kainuu,2000,17383.6,943,,,72.4,13.1,433.3,32.1,70.5,100.1,60.7,18.5,25.5,27.9,143.6,17.8,18.6,200.4,89.6,127.9,48.8,1.5,,,,,,,,,,,
18,Kainuu,2001,19189.8,967,,,93.2,14.2,484.9,40.8,62.9,119.1,67.6,21.5,30.9,30.8,156,19.8,25.3,202.5,93.4,136.6,51.4,1.2,,,,,,,,,,,
18,Kainuu,2002,19774.7,994,,,106.5,16.2,401.3,37.4,66.2,150.6,62.3,21.8,30,27.7,168.1,28,24.4,200.7,99.2,141.6,51.5,1.2,,,,,,,,,,,
18,Kainuu,2003,20063.6,1052,,,102.9,18.8,335.5,40.1,80.9,139.2,67.7,20,27.5,24.8,174.6,26.9,23.7,205.5,103.8,150.5,55.1,1.8,43473.125,,,,,,,,,,
18,Kainuu,2004,21012.3,1094,,,99.8,18.7,369.7,50.8,88.1,123.6,68.3,22.7,33,23.7,184.1,29.4,28.7,204.6,110.2,159.4,60.5,2.6,46117,,,,,,,,,,
18,Kainuu,2005,21057,1106,,,103.1,17.9,382,42.6,107.2,98.7,68.8,22.8,29,23.8,182.8,30.1,34.6,217.3,79.1,169.8,56.3,3.4,49929.25,,,,,,,,,,
18,Kainuu,2006,22930,1153,,,125.8,18.4,472.7,49.2,119.1,108.4,67.8,22.8,24.2,26.1,184.5,30.2,42.6,209,101.4,167,57.7,3.3,53530.75,,,,,,,,,,
18,Kainuu,2007,24048.5,1238,,,111,26,518.3,48.3,136.1,121.1,69.3,24.6,23.8,30.2,200.4,32.1,42.8,208.8,107.3,175.7,62.7,3.2,55557.625,,,,,,,,,,
18,Kainuu,2008,25513.2,1271,,,130.1,47.8,396.1,64.4,162.1,123.3,76.1,26.4,26.9,35.6,216.1,34.1,58.5,207.7,116.4,183.1,64.1,4.4,56929.125,,,,,,,,,,
18,Kainuu,2009,22708.5,1253,,,97.5,40.8,221.7,66.8,135.8,109.8,74.9,26.4,19.4,27.3,216,35.1,67.1,198.4,90.9,176.8,68.2,3.9,58157.75,,,,,,,,,,
18,Kainuu,2010,24902,1362,,,105.5,93.7,231.4,95.5,137.5,116.9,75.1,26.2,18.6,24.9,230.3,38.2,73.3,196.1,96.7,181.2,73.4,4.4,60068.5,2973,11425,20658,11256,23370,22914,78198,1646,5130,18925
18,Kainuu,2011,26455.1,1391,,,107.2,63,262.4,72.5,148.2,133.5,79,22.9,19.9,28.8,237.9,45.6,78.8,240.7,98.7,189.2,76.8,5.4,61997,3058,11479,20156,11267,22683,23354,77460,1629,4996,19284
18,Kainuu,2012,26707.9,1391,,,99,36,216.6,82.2,151.3,129.8,83.3,27.1,21.9,26.1,248.6,52.2,75.7,251.7,93.4,205,81.4,5.8,66526.625,3156,11506,19814,11285,21933,23881,76913,1600,4790,19563
18,Kainuu,2013,25493.1,1419,,,104.8,-107.5,327.4,66.6,128.3,132,83.6,25.8,26.4,35.7,260.7,50.4,74,255.2,85.4,204.8,82.1,6.3,67311.5,3244,11662,19418,11322,21120,24424,76284,1565,4284,18814
18,Kainuu,2014,26532.4,1431,,,127.1,-69.1,334.1,94.6,109.5,118.5,78.3,20.7,25,31.9,263.6,57.4,73.3,267.5,81.6,205.9,71.9,7.7,70272.875,3320,11739,19100,11203,20401,24908,75612,1422,4333,18065
18,Kainuu,2015,26235.2,1439,51000000,145000000,123.3,-21.8,218.6,80.3,106.8,134.3,79.6,27.5,24,31.9,278,52.3,62,255.7,101.4,179.8,68.7,7.9,72569.875,3346,11720,18532,11201,19670,25347,74750,1384,4383,18173
18,Kainuu,2016,27928,1445,74000000,211000000,118.3,-13.9,306.6,70.5,121.5,149.2,79.7,30.8,25.9,29.1,276.4,51,71.2,249,110.4,187.5,71,6.5,73235.5,3435,11756,18315,11104,19009,25724,74152,1360,4674,18376
18,Kainuu,2017,30238.2,1505,91000000,354000000,122.3,89.4,293.2,76.3,146.5,150.6,80,33.5,26.9,43,286.1,34.8,73.6,253.1,94.8,190.7,68.8,6.6,72334.625,3477,11823,17801,11029,18319,26096,73245,1305,4750,18223
18,Kainuu,2018,32054.5,1523,102000000,439000000,136.6,116.7,305.3,69.5,149.8,154.3,71.9,35.1,32.2,39.4,292.5,56.3,82.8,260.3,90.9,198,66.7,6.4,72090.25,3575,11929,17253,10916,17841,26280,72290,1329,4933,18355
18,Kainuu,2019,32771.3,1574,98000000,440000000,158.7,104.9,287,87.7,153.7,155,78.1,31,31.7,23.9,302.7,67.4,86,260.4,89.1,199.1,57.4,6.7,71611.875,3652,11894,16753,10798,17297,26612,71460,1331,4806,18035
18,Kainuu,2020,33797.5,1554,121000000,395000000,167.1,119.6,296,94.8,160.7,145.7,69.8,29.5,34.8,31.4,343.7,60.8,77.8,245.5,88.9,201.9,57.5,8.1,72321.625,3726,11979,16482,10735,16839,26781,70837,1263,5225,17977
18,Kainuu,2021,35109.9,1516,94000000,520000000,157.1,110.1,345.8,104.3,167.6,150.4,66.7,31.8,43.1,36,343.9,59.1,77.1,255.1,97,210.9,64.3,7.3,69203.625,3813,11983,16236,10824,16474,26885,70419,1277,5329,18615
18,Kainuu,2022,42125.5,1625,110000000,814000000,168,168.6,435.8,216.5,158.4,154,67.7,37.5,202.8,34.3,331.7,33.7,76.7,284,101.4,218.8,58.9,4.4,62570.75,3914,11933,15973,10669,16094,26977,69713,1210,5398,18585
18,Kainuu,2023,,,121000000,383000000,180.6,,,,,,,,,,,,,,,,,,,4058,11957,15767,10589,15940,27013,69309,1206,5267,18506
18,Kainuu,2024,,,109000000,558000000,,,,,,,,,,,,,,,,,,,,,,,,,,,,,
18,Kainuu,2025,,,,,,,,,,,,,,,,,,,,,,,,,,,,,,,,,
19,Lapland,2000,22140.9,2115,,,152.8,6.5,2136.9,127.3,204.8,220.5,172.9,82.9,82.1,70.5,347.6,87.5,45.9,358.6,235,306,102,2.6,,,,,,,,,,,
19,Lapland,2001,22450.5,2171,,,177.6,3.6,1828.5,138.9,189.5,238,191.6,94,92.1,75.1,365.7,107.9,53.4,362.9,241.8,328.3,109.3,2,,,,,,,,,,,
19,Lapland,2002,23023.6,2254,,,177.7,0.8,1712.2,142,201.8,265.9,194.7,100.1,90.9,66.5,390.6,104.1,57.4,368.7,257.5,339.7,116.4,2.2,,,,,,,,,,,
19,Lapland,2003,23545.4,2379,,,190.1,7,1562.6,152.7,243.2,259.5,200.2,100.3,85.2,60.1,406.2,113.4,62.2,374.9,269.2,361,114.1,3,42114.333333333336,,,,,,,,,,
19,Lapland,2004,24999.6,2475,,,174.4,11.1,1664.8,170.8,263.7,327.4,188.1,112.1,92.8,58,417.7,123.3,70.5,383.4,277.2,382.2,129.5,4.4,43978.09523809524,,,,,,,,,,
19,Lapland,2005,25095.5,2545,,,211.7,15.5,1493,158.2,272.8,319.1,189.6,117.3,63.6,64.1,429.8,122,80.1,404.2,289.7,408.2,114.7,5.3,47390.71428571428,,,,,,,,,,
19,Lapland,2006,28565.8,2698,,,226.6,28.3,2388.1,168.8,280.5,325.8,188.9,113.2,62.4,70.1,457.6,131.4,94.7,361.6,292.1,418.4,126.7,5.7,50821.90476190476,,,,,,,,,,
19,Lapland,2007,28257.1,2844,,,202.2,27.7,2011.7,189.4,310.4,272.4,220.8,120.3,89.4,76.2,483,138.5,109,354.7,306.9,440.9,134.3,5.8,52755.09523809524,,,,,,,,,,
19,Lapland,2008,29282.1,2924,,,257.5,39,1499.7,246.2,355.8,293.9,243.2,146.6,115.8,76.6,546.3,143.1,138.1,351.1,315.7,486.1,141.4,6.3,54975.57142857143,,,,,,,,,,
19,Lapland,2009,27032.7,2974,,,179.9,47.7,1022.3,144.5,327.5,275.9,229.9,129.5,118.7,66.6,558.1,141.2,134.3,386.8,335.6,527.5,144.2,7.3,57328.52380952381,,,,,,,,,,
19,Lapland,2010,28732.2,3165,,,193.4,106.4,1213.8,175.6,315,288.4,238.4,128.6,110.9,60.8,581.3,153.9,118.5,408.3,367.9,544.5,145.4,8.3,59555.66666666666,7567,27631,51020,27926,53869,49408,182223,2031,12064,40609
19,Lapland,2011,29718.9,3291,,,196.9,60,1205.1,153.6,346.7,309,218.5,131.1,102.3,64,622.7,171.6,135.6,447.5,375.8,560.3,142.5,8.6,59748.28571428572,7907,28031,50518,28287,52569,50688,182062,1966,12401,40549
19,Lapland,2012,31213.7,3348,,,186.1,233.4,1158.8,167.2,343,315.5,237.4,158.6,75.8,54.9,639.9,161.6,129.6,434.2,374.3,613.7,148.7,9.4,65513.19047619047,8219,28256,50034,28476,51053,51894,181457,1940,11863,41330
19,Lapland,2013,32764.5,3426,,,195.2,221.1,1382.5,225.4,318.8,325.5,247,138.1,70.4,50.3,684.1,178.2,119.5,453.2,370.9,631.1,148,10.8,67030.04761904762,8534,28657,49417,28682,49465,53119,180683,2017,11133,41312
19,Lapland,2014,33009.1,3477,,,150.7,142,1556.3,197.2,337.1,338.6,249.9,131.7,76.8,64.5,696,178.4,125.8,489.6,335.1,649,152.2,13.8,67227.66666666667,8820,28881,48555,28944,47971,54228,179698,1842,10451,40644
19,Lapland,2015,34671.4,3531,1695000000,3875000000,155.3,212,1738.4,233.5,354.8,330.7,264.9,143.9,60.8,64.2,733.2,201.1,130.7,422.4,352.4,663.9,148.2,14.1,68587.09523809524,9031,28956,47580,29060,46611,55427,178678,1842,10440,40394
19,Lapland,2016,35623.9,3538,1595000000,3553000000,158.5,225.6,1741.2,270.6,370.3,337.2,264.4,157.1,58.3,55.6,753.5,188.8,147.1,403,340.6,678.4,155.3,12.1,69663.14285714286,9267,29111,46700,29286,45249,56421,177656,1754,10845,40633
19,Lapland,2017,38040.4,3701,1754000000,3915000000,168.9,353.7,2002.5,244.8,400.5,365.1,266.7,183.4,57.7,58.6,765.9,195.3,166.6,406.9,329,671.8,171.8,12.3,69670.33333333333,9630,29412,45920,29355,44000,57297,176572,1706,11157,41275
19,Lapland,2018,38212.6,3702,1992000000,4329000000,170.5,374.3,1710,301.2,439,361.3,257.9,206.5,57,49.8,712.8,209,186.1,408.7,322.7,698.4,176.7,14.5,68886.28571428571,10076,29792,45119,29546,43055,57967,175687,1688,11694,41730
19,Lapland,2019,38188.6,3797,1971000000,3818000000,193.4,305.8,1673.4,291.4,426.1,387.2,269.1,210.1,56.1,47.8,730,186.2,183.9,438.4,327.8,704.4,160.9,16.1,68972.95238095238,10311,29976,43961,29616,42052,58680,174309,1632,11494,41809
19,Lapland,2020,38277.2,3752,1601000000,3446000000,202.8,447.9,1586.1,248.8,425.3,375.2,233.4,168.1,69.6,48.8,775.7,177.1,167.3,415.5,327.4,726.9,144.3,20,69775.52380952382,10681,30275,43261,29665,41311,59540,173777,1568,11226,40913
19,Lapland,2021,39167.2,3704,2409000000,4244000000,186,594.4,1362.2,270.1,419.9,401.6,231.2,103.3,76,52.5,781.9,205.4,140.2,459.2,351.2,774.2,146.8,20.4,69621.66666666667,11072,30523,42769,29718,40580,60366,173433,1545,11393,42380
19,Lapland,2022,46618.7,3893,2996000000,5127000000,204.2,623.8,2334.6,402.8,464.8,436.2,256.2,211.8,68.4,62,862.5,215.9,203.3,487.9,365,802.2,175.1,18.7,65817.42857142857,11394,30673,42152,29668,39978,60669,172467,1535,11378,43875
19,Lapland,2023,,,2512000000,4627000000,218.7,,,,,,,,,,,,,,,,,,,11851,31014,41776,29712,39829,61103,172420,1524,11151,45355
19,Lapland,2024,,,2230000000,4065000000,,,,,,,,,,,,,,,,,,,,,,,,,,,,,
19,Lapland,2025,,,,,,,,,,,,,,,,,,,,,,,,,,,,,,,,,
21,Åland,2000,31352.2,419,,,29.7,0.2,54.4,9.2,36.4,47.9,201.1,13.9,23.2,52.4,47.2,8.8,5.4,47.7,43.6,79.4,15.3,0.1,,,,,,,,,,,
21,Åland,2001,37019.8,433,,,30,0.2,62.2,11.5,46.9,51.7,318.8,16,28.1,55.8,52.4,10.6,6,44.6,35.5,67.6,17.9,0,,,,,,,,,,,
21,Åland,2002,37439.4,460,,,29.6,0.2,70.1,12.6,50.2,48.4,303.9,16.7,38.7,40,64.1,11.1,8.2,46.9,37,73.5,20.9,0.1,,,,,,,,,,,
21,Åland,2003,37726.9,485,,,19.6,0.1,66.8,11.9,58.2,46,312.1,15.5,45.1,39,63.7,10.5,8.1,47,38.2,75,22.9,0,73495.5625,,,,,,,,,,
21,Åland,2004,38756.2,516,,,21.7,0.2,61.1,13,60,55.7,316.2,16.7,40.9,42.7,65.8,11.2,8.9,48.7,39.9,77.5,29.6,0.1,80503.5625,,,,,,,,,,
21,Åland,2005,39409.8,533,,,20.6,0.1,64.1,14.1,59.4,55.6,327.3,18.7,40.1,32.2,68.2,12.1,9.4,51.7,43.8,84.9,29.2,0.1,86836.375,,,,,,,,,,
21,Åland,2006,40132.4,489,,,19.1,0.1,83.4,13.2,57.2,63.9,302.8,19.7,39.7,36.9,68.5,14.1,8.7,53.6,44,94.2,35.7,0.1,90373.875,,,,,,,,,,
21,Åland,2007,40737.3,532,,,23.5,0.2,73,14.8,63.1,66.5,292.4,19.9,43.3,38.9,72.2,16,8.2,66.3,46.7,98.1,39,0.3,94693.3125,,,,,,,,,,
21,Åland,2008,39881.7,572,,,22.4,0.8,77.7,15.5,68.3,61.7,222.3,20.9,44.8,48.3,98.8,17.6,11.5,71.5,46.6,104.8,40.9,0.1,98920.8125,,,,,,,,,,
21,Åland,2009,41823.4,590,,,21.1,1.1,77.9,19,69.3,73.3,246.2,24.1,50.4,40,102.3,22.7,6.3,81.6,52.1,105.6,33,0.2,104094,,,,,,,,,,
21,Åland,2010,41496.6,631,,,23.3,0.9,89.1,18.4,67.9,74.4,196.5,23.4,59.4,41,106.4,29.5,6.6,81.3,68.7,109,34.5,0.2,106298.4375,1099,4146,7698,4960,7943,7166,27767,252,1448,10469
21,Åland,2011,42459,659,,,21.5,0.8,86.2,15.5,74.5,74.8,199.3,24.2,60,44.1,113.9,21.8,10.8,84.1,71.6,112.9,38.7,0.3,103030.625,1121,4203,7832,4963,8011,7311,28117,246,1514,10697
21,Åland,2012,45891.7,644,,,19.4,1,88.4,23.6,76.1,70.9,284.9,23.8,64.2,45.1,117.8,19.1,11.9,78.3,57,125.8,38.9,0.4,113769.375,1140,4264,7875,4994,7945,7463,28277,213,1377,9374
21,Åland,2013,46934.8,673,,,21,1,99.9,26.2,77,68.6,308,23.4,50.3,44.9,121.3,23.3,12.6,83.1,55.1,125.2,37.6,0.5,113564.3125,1197,4385,7866,5019,7887,7687,28459,215,1396,9778
21,Åland,2014,47674.9,679,,,26.3,1.2,87.4,30.3,72.4,81.7,287.2,25.5,53.5,62,126.5,23.8,12.4,91.2,56.1,126.5,34.1,0.6,116282.5,1236,4412,7869,5072,7863,7899,28703,232,1338,9385
21,Åland,2015,47390.7,721,559000000,103000000,25.1,1,106.8,30.6,80.1,81.3,293.7,27.6,47.6,67.7,132.5,25.6,11.1,52.7,59.7,131,32.8,0.6,122646.5,1218,4367,7714,5108,7862,8010,28694,218,1386,9314
21,Åland,2016,46368.8,708,480000000,83000000,18.1,0.9,96.9,29.8,79.5,77.7,273.5,27.5,48,73.6,138.7,27.1,11.4,50.6,60.8,131,35.7,0.7,127372.625,1244,4428,7706,5174,7901,8132,28913,213,1425,9394
21,Åland,2017,46892.5,711,347000000,96000000,24,0.9,110.7,31.5,87.6,78.1,253.3,27.9,48.8,78.4,148.4,26,14,46.4,64.8,132.6,36.4,0.7,132674.8125,1774,5164,7686,5289,7861,8309,29145,222,1417,9631
21,Åland,2018,43395.5,717,243000000,94000000,21.4,1,94.4,29.2,80.4,72,231.6,27.5,49.1,68.4,128.8,25,11.5,43.9,64.8,134.3,37,1,135757.5,1855,5231,7714,5356,7887,8442,29399,238,1438,9993
21,Åland,2019,45157.6,741,398000000,104000000,30.2,1.6,111.7,27.2,84.7,74.8,235.3,27,51.6,67.6,136.4,29,12.1,50.1,66.3,138.1,36.9,0.9,136165.5,1933,5287,7706,5329,7815,8584,29434,239,1386,9688
21,Åland,2020,39532.8,744,309000000,85000000,31.3,1.5,109.5,31.8,89.4,63.4,103.7,17,52.2,72.6,134.4,29.1,9.9,47.7,67,143.8,38.4,1.1,139930.0625,1961,5302,7668,5337,7883,8758,29646,218,1382,8741
21,Åland,2021,44250.6,812,385000000,113000000,29.3,1.7,132.4,29.2,94.3,73.5,137.5,28.8,58.9,84.4,133,29.1,11.7,55.5,72.8,154.1,54,1.3,136181.1875,2036,5405,7672,5310,7932,8918,29832,229,1615,9314
21,Åland,2022,48912.8,826,1098000000,163000000,21.7,1.7,135.7,48.1,83,76.5,218.9,33.7,53.9,109.4,165.8,29.7,13.9,64,77,166.3,15.6,1.1,130566.4375,2049,5427,7679,5178,7956,9089,29902,242,1641,11026
21,Åland,2023,,,375000000,184000000,26.4,,,,,,,,,,,,,,,,,,,2296,5690,7657,5177,7998,9243,30075,224,1587,11123
21,Åland,2024,,,284000000,122000000,,,,,,,,,,,,,,,,,,,,,,,,,,,,,
21,Åland,2025,,,,,,,,,,,,,,,,,,,,,,,,,,,,,,,,,