Region,Year,"Gross value added (millions of euro), A Agriculture, forestry and fishing (01-03)","Gross value added (millions of euro), B Mining and quarrying (05-09)","Gross value added (millions of euro), C Manufacturing (10-33)","Gross value added (millions of euro), D, E Electricity, gas, steam and air conditioning and water supply; sewerage and waste management (35-39)","Gross value added (millions of euro), F Construction (41-43)","Gross value added (millions of euro), G Wholesale and retail trade; repair of motor vehicles and motorcycles (45-47)","Gross value added (millions of euro), H Transportation and storage (49-53)","Gross value added (millions of euro), I Accommodation and food service activities (55-56)","Gross value added (millions of euro), J Information and communication (58-63)","Gross value added (millions of euro), K Financial and insurance activities (64-66)","Gross value added (millions of euro), L Real estate activities","Gross value added (millions of euro), M Professional, scientific and technical activities (69-75)","Gross value added (millions of euro), N Administrative and support service activities (77-82)","Gross value added (millions of euro), O Public administration and defence; compulsory social security (84)","Gross value added (millions of euro), P Education (85)","Gross value added (millions of euro), Q Human health and social work activities (86-88)","Gross value added (millions of euro), R, S Other service activities (90-96)","Gross value added (millions of euro),  T Activities of households as employers; undifferentiated goods- and services-producing activities of households for own use(97-98)"
01,2000,255.5,40.8,15598.9,964.9,2501.6,5985.4,3248.8,609.3,3475.9,2205.2,4110.6,2677.2,1070.4,2374,1808.3,2503.3,1123.2,12.4
01,2001,235.4,43.4,16651.9,1049.8,2766.6,6491.5,3325.1,736.1,4055.9,2341.5,4309,2818.8,1202.1,2481.2,1906.9,2767.8,1154.7,7.7
01,2002,246.1,39.1,15138.7,1145.8,2449.9,6530.9,3381.9,751.4,4565.4,2108.8,4661.6,2828.2,1253.7,2506.5,1981.8,2977.4,1256.3,8.9
01,2003,235.6,34.6,15059.6,1354.2,2567,6380.4,3269.9,767.4,4293.5,1982.5,4864.7,2929.8,1366.6,2635.8,2043.4,3056,1299.9,11.4
01,2004,233.9,42.8,15142.6,1343.7,2754.4,6842.6,3266.5,851.3,4858.8,2246,4920.7,3105.6,1545.6,2852.3,2125.5,3181.5,1268.6,16.7
01,2005,221.4,34.3,16235.7,1417.9,2926.1,6995.2,3437.1,891.1,4330.3,2525.2,5283.1,3258.3,1705.4,2870.7,2276.7,3337.5,1474.7,16.9
01,2006,207.5,46.1,17569.9,1720,3063.1,7027.3,3363.3,946.9,4375.2,2741,5538.2,3543.1,1877,3588.1,2320.3,3527.1,1636,17.5
01,2007,236.6,32.2,19158.1,1788.2,3477.2,7910.3,3792.8,1052.1,4948,3256.6,5664.3,3985,2053.4,3821.1,2426.6,3720.8,1699.9,17.1
01,2008,253.7,22.8,18870.2,1774.6,3590,8583.1,3661.7,1148.5,5092.6,2973,6328.6,4334.6,2611.3,4180.6,2612,3906.9,1911,23.7
01,2009,217.1,77.3,14534.3,2229.6,3510.4,7800.7,3108.9,1084.9,5069.1,3030.7,6592.7,4088.6,2323.4,4417.3,2773.7,4285.2,1950.5,25.5
01,2010,225.1,75.2,15811.8,2370.2,3561.6,7841.1,3447.4,1089.9,5200.9,2846.9,6673.3,4242.7,2523,4781.2,2909.4,4390.3,2040.2,28.6
01,2011,201.9,65.5,14785.2,2207.8,3521.6,8706.4,3544,1136.1,5455.9,2974,7052.2,4591.6,2542.9,3957.9,3025.6,4479.7,2168.3,31.8
01,2012,198,70.5,11156.4,1956.6,3865.8,9294.5,3570.8,1178.1,5703.1,3137.1,7260.5,4886.2,2668.9,3991.2,3274,4897.1,2207.1,40.2
01,2013,199.5,48.4,13413,1875.4,3924.9,9242.9,3709.4,1039.9,6005.4,3056.5,7505.5,4836.7,2747.2,4251.5,3307.8,5022.9,2286.8,46
01,2014,210.9,64.4,14165.7,2235.6,3713.6,8223.4,3707.7,1094.9,6457.9,3561,7860.3,4833.4,2742,3923.9,3454.4,5041.3,2285.6,55.8
01,2015,217.5,7.7,15675.9,2091,3993.3,8411.8,3745.8,1160.8,6835.1,3535.4,8322,4952,2863.6,4107.7,3666.6,5283.8,2329.5,57.2
01,2016,219.8,47,15052.8,2250.4,4547.2,8250.4,3734.9,1220.7,7101,3910.6,8530.5,5048.4,3201.1,4159.3,3462.2,5414.6,2406.4,64.6
01,2017,214.5,70,17187,2300.8,4877.4,8617.2,3912.4,1334.6,7408.4,4035.8,8873.6,5282.7,3502.8,3851.6,3459.7,5453.5,2416.2,65.4
01,2018,234.3,70.7,15707.5,2491.9,5306.2,8723.5,3957,1431.5,7605.5,4230.2,9677,5614.7,3817.1,4005.8,3540.7,5623,2574.7,73.5
01,2019,244.7,50.6,16927.2,2726.2,5513.9,8751.4,4194.8,1523.3,8041.6,3797.1,10053.9,5659.8,4255.7,4185.6,3745,5895.5,2998.3,76.8
01,2020,231.6,51,17002,2792.9,5817.5,9233.4,2684.9,856.8,8344.9,3853.5,10116,5935.6,3786.5,4337,3787.1,6128.8,2814.1,77.5
01,2021,244.2,30,16853.4,3061.4,5554.5,9553.2,2884.8,844.9,9226.1,4446.4,10931.6,6357.2,3861.1,4398,3950.8,6591.8,2918.8,83.7
01,2022,270.3,25,21942.5,3531.8,5605.8,9552.8,3764.5,1289.4,8829,4958,9328.1,6638.9,4071.4,4603,4117.3,6960.2,3126,92.2
01,2023,284.8,,,,,,,,,,,,,,,,,
02,2000,364.3,25.4,,,725.8,675.5,570.7,135.7,268.4,297.3,,307.1,224.1,447.1,517.3,774.7,200.4,4.9
02,2001,348.7,28.7,,,737.1,767.2,690.9,155.8,347.1,326.3,,339.5,205.4,477,559.2,848.8,223.5,5.1
02,2002,358.2,26.9,6858.2,247.3,767.4,808.1,695.8,154.8,401.2,281,1057.3,354.7,236.1,572.9,589.9,883.8,228.7,5.4
02,2003,348.1,27.3,6097.3,265.7,694.5,843.4,727.4,170,353.2,246.7,1140.7,369.7,255.4,559.2,620.3,945.9,243,6.7
02,2004,342.9,29.3,6541.3,286.7,741.4,914.7,699.5,185.5,393.5,258.3,1248.6,387.6,248.3,563.1,656.2,1003.9,264.4,8.6
02,2005,327.6,30.3,6805.2,301.6,843.5,884.5,631.8,184.5,374.2,272.5,1244.9,425.7,318.1,588.5,690.4,1060.8,260.4,9.2
02,2006,234.4,31.2,7077.6,345.7,954.1,1026,694.8,195.1,411.7,292.6,1276.5,462.9,370.5,544.2,708.4,1137,281.1,9.4
02,2007,321.6,46.1,8378.3,340.2,1033.6,1065,741.3,213.1,441.7,322.8,1354.9,523.9,415.2,572.3,739,1211.5,282.4,9.8
02,2008,331.9,37.4,8413.6,348.1,1093.3,1167.4,729.6,224.4,405.9,280.6,1404.8,437.9,428.5,604.9,793.4,1312.8,329.9,10.1
02,2009,305.6,30.1,5910.4,185.7,974.8,1107.2,704.3,191.6,371.8,332.8,1454.9,710.2,363.7,621.4,793.9,1365.1,339.5,10.5
02,2010,318.1,25,4822.6,254.4,952.2,1108,703,190.7,354.8,322.1,1471.6,658.9,396.4,576.5,766.5,1411.6,363,11.8
02,2011,301.1,28.3,5052.5,262.2,962.2,1166.2,724.6,219.3,378.4,343.5,1611,643.6,444.5,757.8,804.9,1462.7,368.4,11.6
02,2012,290.7,22.8,4226.2,259.3,975.8,1111.3,671.7,239.7,373.8,334.1,1684.3,600.3,464.6,784.5,880.7,1552.6,368.4,13.6
02,2013,281.3,24.4,4158.7,338.4,957.4,1119.1,679.1,250.1,399.1,347.2,1680.4,634.5,450.9,779.1,899.7,1605.7,375.7,17
02,2014,305.2,31,4213.7,302,937.4,1249.8,663.6,243.8,401.6,390.5,1732.7,606.9,480,785.8,838.5,1619.6,378.6,24.1
02,2015,292.5,21.8,4407,267.3,961,1172,694.4,244.9,388.9,425.5,1837.2,577.6,483,632.7,850.3,1740.7,368.8,24.7
02,2016,333.9,16.8,4809.3,241.3,1080.5,1236.2,668.1,250.9,437.3,441.2,1936.3,623.7,490.3,625.6,838,1769.3,375.2,27.4
02,2017,342.6,21.6,5229.8,275.4,1180.9,1295.7,713.4,270.9,450.8,577.1,2013.3,718.1,562.8,625.3,856.9,1788.2,397.2,27.8
02,2018,350.2,26.6,5611.1,283.4,1251.6,1323.1,705.9,266.6,470.5,464.3,2136.5,744.4,584.2,650.7,897.9,1858.2,399.2,24.7
02,2019,397.7,35.5,5671.6,313.3,1317.8,1346.8,741.2,268,495.2,412.1,2127.9,823,615.3,592.1,966.3,1929.6,369.3,22.3
02,2020,435.8,30.5,5556.1,311.7,1301.3,1313.6,699.2,227.2,471.7,428.8,2110.4,784,630.3,603.8,979.2,1941.5,352.2,23.6
02,2021,422,33.8,5988.7,315.3,1259,1405.9,764.2,239.7,553.9,485.7,2121.6,796.6,595.7,638.2,1028.1,2075.4,373.5,18.8
02,2022,488,33.3,6272.5,333.5,1305,1409,845.1,312.8,664.7,661.2,2518.3,851.2,661.6,684.5,1078.7,2168.9,400.1,16.9
02,2023,508.6,,,,,,,,,,,,,,,,,
04,2000,214.1,15.1,2768,165.4,306.9,313.7,298.8,44.2,94.9,99.4,448.2,124.3,51.7,272.5,201.5,357.4,104.8,2.3
04,2001,205.9,17.9,,,270.3,358,349,53.5,124.1,108.5,,149.9,62.2,286.3,215.9,385.4,116.3,2.5
04,2002,205.1,18.1,2967.3,221,269.3,445.4,321.4,55.3,129,91.3,490.6,152.9,110.4,286.5,227.8,405.1,107.1,2.8
04,2003,199.3,18.1,,,273,443.5,341.9,57.2,152.3,86.8,,131.6,79.4,308.8,239.5,428.7,109.9,3.6
04,2004,205.1,19,2733.3,195.2,314.9,408.9,342.4,64.7,148,84.7,554.7,123.9,81.6,313.4,251,453.5,118.9,5.1
04,2005,193.6,18.4,2890.8,173.5,381.7,427.8,343.3,73.7,152.8,87.7,564.3,127,99.6,338,263.5,488.9,121.4,5.1
04,2006,157.9,21.6,3386.1,233.8,384.7,347.7,342.4,68.8,166.7,94.4,572.2,145.1,108.4,320.3,264,505.1,133.2,5.7
04,2007,204.7,25.1,3347.3,230.6,438.1,395.2,366.3,76,175.5,101.1,613.5,179.2,119.3,326.9,276.3,540.2,150.1,6
04,2008,193.3,28.1,3324,188.2,480.9,426.1,395.2,80.7,108.4,109.3,643.4,189.2,183.7,349.8,294.7,587.5,148.1,5.7
04,2009,190.5,31.9,2463.5,288.9,464,392.8,378.8,79.8,101.9,95.8,647.8,168.2,177.6,354.2,294.7,593.1,164.6,4.5
04,2010,191.6,24.3,2843.6,310,425,434.1,397.1,82.9,112.6,95.3,667.1,192.1,167.2,344.5,391.1,605.4,167,5.1
04,2011,178.9,19.7,3050,300.4,427.6,440.2,414.6,83.2,92.1,99.2,710.5,168.4,186.5,413.8,397.5,634.5,178.1,6
04,2012,170.7,23.4,3218.9,294.7,523.7,430,381.1,87.7,115.9,88.7,728.4,197.7,201.9,434.2,282.2,684.7,176.7,8.5
04,2013,153.3,20.7,2823,370.7,467.7,450.9,371.8,70.6,111.7,82.9,765.7,177.5,212.7,445.6,322.4,707.4,171.1,10.1
04,2014,186.7,22.5,2999.8,355.7,427.1,454.5,360.3,77.5,111.2,106.7,796.5,175.5,184.6,485.1,357.5,724,179.3,13.5
04,2015,193.8,25.2,3074.8,393.4,432.5,471.1,357.4,85.7,114.8,113.3,843.9,182.9,167.5,494.2,353.4,735.2,171.4,13.9
04,2016,215.9,22.2,2649.3,326.7,475.1,447.5,343.6,94,120.3,103.8,865.5,184.1,198.4,414.1,347.1,733.9,164.9,15.8
04,2017,226.6,20.2,2904,331,458.8,461.7,347.7,91.2,106.4,107.2,911.8,198.7,206.8,404.7,355.7,753.1,167.2,16
04,2018,239.1,11.9,2965.9,389.2,546,477,339.8,90.2,119.5,91.6,844.3,212.8,221.8,398.4,333.8,755,168.8,12.5
04,2019,265.7,21.5,2825.5,366.6,517.8,462.7,332.8,91.4,119.2,91.8,863.2,216.4,212.6,411.4,313.8,764.3,150.6,10.6
04,2020,285.1,25.7,2630.5,377.6,529.5,455.4,325.3,75,125.8,84.6,993.3,223.7,207.5,409.7,316.5,763.9,145.9,9.7
04,2021,272.6,21.7,2916.5,402.6,534.8,477.1,357.4,78.2,123.8,96.7,999.2,240,237,461.8,334.6,810.3,150.4,7.1
04,2022,305.2,16.6,3298.2,448.5,567.9,526.6,348.2,96.4,219.1,110.3,1011.7,244.6,226.3,484,350.2,839.7,147.6,8.1
04,2023,319.7,,,,,,,,,,,,,,,,,
05,2000,159,9.4,1239.4,93.7,201.2,212.1,116.1,37.3,74.5,75.6,324.7,84.8,59.2,270.1,161.9,252.9,81.1,1.6
05,2001,142.6,9.1,1406.3,139.5,209,245,120.7,45,84.7,85.2,342.5,91.9,67.4,274.9,168.7,272.4,84.2,1.8
05,2002,146.5,9.1,,,217.2,260.9,119.4,46.2,90.5,74,,99.1,71.1,278.1,183.1,290.9,85.3,1.9
05,2003,137.6,5.3,1383.2,119.6,228.8,271,131,50,85.6,71.1,396.9,108.7,82,296.8,194.9,312.8,97,2.7
05,2004,134.1,6.4,1550.2,102.1,237.5,313,140,52.9,86.6,72.8,422.7,121.3,88.9,302.9,203.9,333.4,105.2,3.7
05,2005,127.2,7.1,1478.6,104.2,278.2,318.2,136,49.5,130.8,76.9,435.1,122.1,68.4,319,206.7,359.1,100.6,4.1
05,2006,122.1,6.8,1517.9,94.7,330.7,338.1,135.2,63.2,106.4,83.1,443.9,130.5,76.7,312.9,215.5,374.9,103.6,4.3
05,2007,142.8,11.4,1614.8,118.6,395.3,381.4,149.6,66.1,96.4,84.8,452.4,131.4,74.9,340.9,228,401.7,123.1,4.5
05,2008,128,11.5,1683.7,148.8,469.1,438.4,181.1,50,98,99.9,544.4,152.3,95.4,328.3,244.2,447.4,120.8,5.2
05,2009,129.8,10.6,1176.8,141.8,311.6,373.6,160.9,66.5,93.1,84.3,549.5,118.2,100.9,351.9,249.9,423.7,131.8,4.6
05,2010,137.1,8.8,1154.6,144.4,305,384.4,163.2,71.3,96,83.2,562.4,129.5,117.4,312.9,318.5,436.6,136.6,5.2
05,2011,131.9,9.8,1152.3,176.8,317.4,388.5,165.5,90,95,87,600.4,190.9,126.2,393.3,326.5,455.2,137.1,5.1
05,2012,123.7,8.6,1623.3,213.5,324,426.3,184.7,78.2,102.2,82.8,605.3,185.2,116.6,431.4,285.8,492.5,147,6.1
05,2013,130.2,9.5,1605.7,221.5,299.3,424.7,174.7,81.2,116.6,91.2,654.9,153,105,419,248.2,506,145.7,6.3
05,2014,155.7,10.7,1263.5,192,304.8,440,161.8,76,122.7,96.4,686.7,200.8,120.3,449.5,252.5,512.6,142.1,8.1
05,2015,142.5,8.8,1345.7,186.3,316.5,444.2,174.4,78.5,96,94.7,714.1,237.5,115.9,346.9,277.1,536.1,138.1,8.3
05,2016,155.3,8.2,1473.4,163.5,323,449.1,172.2,79.3,86.4,93.8,739.1,217.4,124.9,340.4,269.7,535.2,149.7,8.8
05,2017,160.1,26.5,1562.6,166,348.3,503.7,165,72.8,83.6,92.7,742.6,228.3,129.6,357.5,233.8,535.4,147.7,8.9
05,2018,175.1,20.8,1382.9,156.4,364.3,485,152.6,71.6,88.5,85.1,768.5,225.6,148.3,380.1,230.2,545.7,150.3,8.3
05,2019,181.4,9.9,1403.6,182.1,391.9,519,156.8,81,88,80.5,794.7,227,156.5,392.4,244.1,559.3,162.6,8.7
05,2020,183.1,6.8,1491.2,172.4,395.4,496.6,155.6,66.1,104.1,83.6,840.6,223.4,167.2,421.4,244.8,577.1,166,9.4
05,2021,189.3,7,1858.1,196,370.4,527.7,149.9,69.5,100,88.4,852.4,226.8,195,460.8,260.1,617.4,171.6,8.5
05,2022,204.7,6.9,1757.5,213.3,349.9,531,167.9,84.9,98.4,115.8,894,242.7,220.8,439.9,273.1,657.3,177.4,8.2
05,2023,219.7,,,,,,,,,,,,,,,,,
06,2000,270.1,19.7,6121.9,202.2,644.5,637.7,475.9,121.2,453.5,196.2,942.2,289.3,148.5,449.4,523,735.1,217.1,3.4
06,2001,258.6,16.7,7059.2,238.8,622,697.4,496.8,144.8,558,215.4,1052,352.2,180.4,476.5,565.6,802.9,247.2,3.7
06,2002,262.5,17.3,6946.3,331.3,584.6,809.5,521.7,158.3,551.8,193.5,1096.4,355.9,243.2,495.8,603.5,847.7,259.4,4.2
06,2003,259,16.3,,,668.6,859,479.5,155.1,581,187.7,,346.9,218,531.3,632.7,916.4,272.1,5.1
06,2004,248.8,12.1,6886.8,413.8,691.6,1044.2,482.4,174.7,574.8,188.3,1260.3,399.1,257.1,556.6,672,977.1,298.9,7.6
06,2005,238,13.2,7133.4,332.1,817.6,1113.1,502.4,191.9,558.5,207.9,1273.9,429.6,292.5,614.8,727.5,1057.2,312.7,8.5
06,2006,237.2,19.3,7522.3,334.2,898.6,1018.8,487.6,197.8,606.3,228,1363.2,438.2,335,560,728.8,1108.2,315.5,8.2
06,2007,341.1,27.6,8534.9,361.9,984.2,1020.4,574.7,217.6,652.8,250.6,1464.7,487.1,452.3,582.4,782.2,1193.9,332.1,8.6
06,2008,312.9,24.5,8452,451.2,1019,1302.6,574,221.9,662.1,282.1,1527.9,546.9,461.3,624.7,838.9,1311.3,343.6,9.3
06,2009,366.5,23,5630.5,535.5,914.3,1036.9,557.4,211.3,650.4,258.9,1553.5,549.3,557.9,571.1,876.2,1331.9,383.7,10.1
06,2010,384.4,18.7,6306.5,660.6,896.8,1023.8,567.8,218.8,656.9,252,1671.3,556.9,526.6,571.7,785.9,1425.8,398.2,11.4
06,2011,399.4,16.5,6304.5,580.9,980.7,1176.2,562.5,222.8,754.3,270.2,1748.2,627.8,572.6,663.8,821.2,1849.4,402.4,13.5
06,2012,395.6,14.2,5450.5,618.4,987.9,1280.4,597.6,253,781.9,265.5,1799,622.5,521.2,684.6,962.6,1634.7,415.8,15.6
06,2013,418.2,12.6,5187.3,783.7,968,1075.8,511.2,240.6,831.8,253.4,1876.4,689.5,506.6,699.2,989.4,1695.5,422.5,17.8
06,2014,319.4,19.6,4978.6,472.9,972.8,1239.7,573.5,249.3,800.3,334,1968.9,637.4,517.1,741.5,1005.9,1715.5,414.4,23.8
06,2015,304.9,31.2,5111.2,431.8,984.9,1252.5,565.6,259.8,812.3,340.9,2068.6,678.3,531.7,676.6,888.1,1738.5,436,24.4
06,2016,324.6,33.1,5178.2,405.1,1071.7,1263.4,586.1,261.9,891.3,361.8,2169.3,698.8,527.1,677.5,1034.1,1803.1,452.5,21.9
06,2017,346.4,24.6,5252.2,436.9,1216.8,1314.1,619.4,297.5,1006,383.1,2213,789.6,620.5,686.5,981,1830.4,455.5,22.2
06,2018,352,26,5311.6,499.6,1305.4,1374.9,610.9,291.7,1040.7,426.2,2290.7,889,693.9,734.8,1018.5,1892.6,466.1,20.9
06,2019,361.8,35.8,5638.4,565.6,1300.4,1347.9,643.8,337.3,1065.4,427.6,2407.7,943.9,721.4,727,1031.7,1971.6,477,18.2
06,2020,359.1,30.3,6101.8,573,1300.8,1461.5,648.4,250.7,1114.2,436.1,2449,886.4,669.9,745.2,1056.5,2019.9,442.5,20.2
06,2021,384.6,33.7,6525.9,647.1,1293.2,1455.9,658.2,250.5,1254.9,500.8,2406.7,1015,712.8,807.5,1115.7,2167.9,470.9,18.2
06,2022,437.4,21.4,5656.1,730.2,1392.2,1597.8,743.6,344.6,1356.3,642.5,2853,1163.2,788.6,868.9,1142.6,2251.8,528.1,16.9
06,2023,466.5,,,,,,,,,,,,,,,,,
07,2000,143,3.7,1756.9,72.6,325.1,284.9,166.4,51.7,137.3,89.9,406.5,98.6,58.2,153.2,180.4,311.3,102.2,2.1
07,2001,140.4,3.6,1918.8,64.5,297.6,324.4,169.7,61.6,183.4,96.7,428.9,120.3,73.4,168.6,189.4,340.3,112,2.2
07,2002,145.7,3.2,1831.2,79.5,292.7,338.1,162.5,63.9,123.4,80.7,453.7,116.9,72.1,173.2,200.5,357.4,107.9,2.3
07,2003,127.9,3.8,1895.1,85.4,319,351.9,172.5,65,176.8,78,484.2,115,83.4,189.2,206.3,379.2,109.1,2.8
07,2004,129.9,5.2,1976.6,85.4,323.6,361.5,182,77.1,176.5,77.2,499.7,130.5,86.3,197.6,216.2,398.1,120.8,3.9
07,2005,125.6,2.6,1950.7,157.3,367.9,358.9,203.8,79.8,134.7,85.9,530.5,125.4,102.6,224.2,225.4,422.9,123.2,4.2
07,2006,131.7,2.8,2010,112.4,397.4,389.8,191,83.3,101.1,95.8,553.4,130.2,99.4,212.1,223.8,437.8,128,4.3
07,2007,209.7,0.7,2177.8,104,459.7,277.3,189.8,83.9,158.4,89.2,571.8,160.4,94.8,230.7,229.4,450.8,138.2,3.8
07,2008,190.7,4.2,2102.7,96.7,485.5,455.8,213.8,73.9,164.1,85.2,619.7,162.2,138.8,248.6,244.5,500.3,145.2,3.9
07,2009,172.3,3.7,1409.7,130.2,399.5,470.6,188.3,76,171.7,94.9,623.4,150,169.3,243.7,257.1,501.8,155.8,4
07,2010,185.4,3.2,1633.6,186.2,394.5,476.5,201.1,76.9,180.6,88.3,651.7,148.1,166.1,233.4,336,521,154,4.5
07,2011,180.7,2.4,1752.1,174.4,428.4,514.1,211.9,93.6,169.5,91.8,669.5,157.4,194.1,238.8,349,557.1,157.6,5
07,2012,179,2.2,1906.4,171.3,403.7,566.8,219.9,90.8,172.6,88.1,682.2,164.9,242.3,267.2,297.8,592.1,164.8,5.5
07,2013,184.4,2.5,1836,209,406.2,498.2,212.6,96.8,148.4,82.2,709.2,167.5,219,266,284.9,571.5,165.4,7.5
07,2014,187.3,2,1851.5,228.1,380.1,522.5,207.7,92.4,163.3,100.1,724.3,153.6,221,262.7,281.1,602.8,158.7,8.1
07,2015,177.5,1.5,1834.5,221.2,405.1,528.6,228.2,92.8,152.5,109.7,781.3,182.1,175.4,209.8,289.8,666.1,154.8,8.3
07,2016,196.6,3.9,1863.2,239.1,442.8,528.9,223.6,97.9,166.2,92.8,829.6,170.5,184.9,211.4,277.1,678,162.7,8.1
07,2017,186.9,4.7,2024.2,222,485.2,528.1,208.5,102.6,166.1,93.7,860.4,194.9,205.4,203.3,245.8,653,166.2,8.3
07,2018,204.9,6.1,2025.7,212.2,507.4,539.4,200.6,110.2,168.1,82.9,883.6,172.6,221.9,199.2,243.3,661.4,162.9,6.4
07,2019,188.9,7.6,1881.7,216.2,526.2,535.9,211.5,109.9,182.9,78.9,905.9,180.9,222.9,201,253.4,687.4,163.2,5.6
07,2020,192.1,6.9,1843.7,224,513.2,521.1,199.6,100.1,175.1,82.5,940.6,193.4,201,200.9,267.8,677,151,6.7
07,2021,213.6,7.9,2114.8,226.6,484.5,545.4,194.2,98.9,187,89.4,950.2,219.5,217.2,214.1,278.8,745,152.5,5.5
07,2022,230.7,5.9,2504.7,231.6,527.2,576.5,228.9,118.1,192,101.6,1037.3,259.5,225.6,226.1,294,781.5,161.4,6.3
07,2023,244.9,,,,,,,,,,,,,,,,,
08,2000,114.3,7.9,2899.7,75.9,284.9,265.6,465,33.7,68.1,71.6,342.7,76.8,56.1,378.1,118,282.1,82.5,1.6
08,2001,116.9,11.8,2779.6,80.3,286.7,317,508.7,41.9,82.7,75.6,358.4,96.3,71.6,398.6,124.7,304.2,93,1.5
08,2002,118.3,10.3,2381,100.1,314.5,275.7,496.9,44.3,72.3,65.2,384.6,93.1,67.7,441.9,131,318.2,93.4,1.4
08,2003,110.4,8.1,2238.8,97.2,236.1,277,500.4,45.7,91.6,60,405.3,96.1,75,474.6,135,335.3,97.6,1.8
08,2004,113.5,7.8,2282.2,134.4,339.5,308.3,582.7,60.6,95.5,58.2,426.8,106.3,85.2,490,143.1,356.2,108.4,2.5
08,2005,112.1,7.1,1941.3,95.8,380.5,473.3,564.9,67.8,119.2,62.4,446.1,115.7,88.2,517.1,151.7,369.6,108,2.6
08,2006,99,8.2,2166.1,143.1,373.1,411.5,505.4,69.1,71.7,70.1,459.2,118.5,95.4,464.7,166.4,386.5,114.5,2.1
08,2007,125.4,12.1,2010.7,150.9,377.7,410.5,462.9,72.2,61.5,77.4,476.9,144.1,206.5,410.7,167.7,414.5,114.6,2
08,2008,112.6,13,1855.8,138,399.4,373.6,444.3,55.7,68.2,82.1,525.1,154.1,126.3,421.3,169.4,446,115.4,2.3
08,2009,100.2,15.7,1172.5,185.4,364.4,342.9,385.4,61.7,66.8,73.3,526,133.1,125.5,430.8,191.9,461.3,124.1,2.5
08,2010,107.4,20.9,1444,181.1,342.3,357.9,397.5,66.8,70.3,72.7,524.9,138.7,136.5,379.8,271.3,470.3,123.6,2.8
08,2011,104.5,15,1526.4,183.4,330.4,328.4,523.3,73.6,68.9,65.5,564.5,172.1,141.8,402.7,281,488.2,124.8,3.2
08,2012,98.6,17.5,1295.4,234.9,308.1,360.8,563.8,79.8,132.2,62.2,578.5,151.4,127.7,459.1,206.9,539.3,128.9,4.1
08,2013,95.8,14.9,1352.3,196.4,305.7,363.7,470.3,66.7,161,54.2,598.1,147,154.5,464.2,223.4,544.5,128.2,4.8
08,2014,135,13.7,1334,197.4,339.5,338.2,443.8,71.6,193.5,60.8,617.9,167,148.1,477.7,229.5,549,129.1,3.1
08,2015,131,11.7,1536.4,229.6,339.5,357.3,431.9,70.3,243.1,68.4,651.8,159.8,140.9,476.1,237.3,574.8,133.4,3.2
08,2016,138.9,12.9,1471.6,190.7,301.4,342.4,432.7,69.4,287.3,58.5,677.3,158.5,145.2,463.3,231.5,584.4,136.6,3.7
08,2017,139.2,8.5,1741.4,197.9,363.3,354.7,465.5,83.5,374.3,53.5,696.9,165.4,153.8,457.9,209.1,561.2,135.5,3.8
08,2018,142.2,9.6,1944.2,207.2,322.2,348.1,539.5,93.1,462.9,45.7,669.1,173.6,170.6,483.1,209.7,592.1,131.7,3.4
08,2019,153.6,10.8,1783.4,205.4,350,400.1,537.2,91.5,556.3,45.5,682.4,198,169.8,495.7,210.6,604.4,121.8,2.9
08,2020,142.6,8.8,1708.9,194.8,358.3,375.5,563.7,79.6,490.9,50,775.8,190.6,173.1,492.4,208.9,614.2,111.6,3
08,2021,134.9,9.3,2066.3,209.9,346.1,376.2,579.2,70.1,364.2,54,808.7,189.4,173.2,501,221.2,646.1,113.4,2.8
08,2022,149.6,9,1852.3,264.5,333.2,390.1,519.3,82.9,405.3,58.4,884.5,204,178.3,507.4,247.5,674.7,123.2,2.7
08,2023,159,,,,,,,,,,,,,,,,,
09,2000,129.8,12.1,,,173.4,204.9,205.7,38.6,68,57.6,,52.6,27.2,129.4,138.7,198.1,66.2,1.2
09,2001,126.5,13,2344.6,75.9,186.5,191.6,218.3,45.9,80.8,60.3,273.7,62.8,33.9,142.5,148.1,213.3,71.6,1.3
09,2002,124.2,12.8,2190.5,90.5,158.9,198.8,219.5,43.9,81.6,52.3,289.8,60.4,35.1,150,159.5,222.9,71.8,1.4
09,2003,121.5,13.1,2008.1,91.9,157.1,342.2,206.4,44.4,97.2,49.1,310,56.8,39.3,162.7,168.1,234,75.2,1.8
09,2004,142.8,14.2,2008.9,117.7,182.2,271.8,186.8,51.6,69.7,47.7,325.6,62.7,38,185.3,176.9,242.4,82.9,2.6
09,2005,133.8,11.9,1773.8,116.6,199.7,260.9,201.3,54.6,78.9,48,338.5,64.4,43.8,188.7,188.2,264.8,80.2,2.9
09,2006,131.8,16,2056,103.7,223,205.4,182.4,56.3,65,51.3,342.6,66.1,55.2,157.7,191.7,272.4,84.9,2.5
09,2007,160.1,13.7,2256.1,116.5,273.4,272.1,194,56.3,79,57.1,361.2,72.6,58.9,140,200.2,291.3,90.4,2.9
09,2008,148,13.6,1846.4,141.2,278.6,321.7,213.5,60.4,112.4,57.1,366.6,79.6,74.5,147.1,211.1,323.1,94.2,3.1
09,2009,123.7,13.5,1272.5,126.9,240.8,391.8,213.2,57.9,94.7,48.8,364.5,80.1,82.1,137,208.2,354.4,96.9,3.5
09,2010,131.1,15.6,1774.7,172.2,230.3,289.2,228.3,76.5,89.1,47,368.1,88.8,94.6,128.9,216.6,364,107,3.9
09,2011,132.4,14.5,1905.5,126.7,280.8,368.6,233.9,71.7,96.8,47.8,405.5,98.7,120.7,269.5,226.2,372.1,111.5,5.4
09,2012,128.6,20.8,1666.3,192.4,252.1,346.8,212,71,93,47.5,417,104.5,98.8,300.2,235.8,403.7,105.1,5.3
09,2013,136,18.1,1672.1,253.3,264.1,347.8,201.4,76,94.3,41,437.9,96.7,94.8,273.1,235,406.2,108.5,6.7
09,2014,171.7,11.2,1864.7,213.4,262.7,317.3,223.9,72.6,82.6,50.5,448.8,136.3,108.3,349.7,238.1,405.1,112.3,4.9
09,2015,171.2,14.5,1874.6,183.2,244.2,308.1,215.7,68.3,87.5,56.2,478.8,61.1,101.6,324,237.1,416,103.6,5
09,2016,169.1,6,1839.5,153.4,254.9,287.2,172.2,79,83.4,51.9,499.5,100.5,104,325.1,228.9,424.2,102.1,4.7
09,2017,160.9,5.1,2150.5,154.9,262.9,354.6,175.9,81.6,84.9,56.8,513.6,104.5,110.3,309.8,238.1,424.6,105.9,4.8
09,2018,166.7,6.7,2139.3,108.3,250.3,348.6,183,79.5,98.2,47.3,554.3,112.2,116.2,306.3,240.9,436.7,105.2,4.4
09,2019,168.1,2.7,1833,160,256.3,347.1,185.4,65.2,95.2,46.3,565,108.5,123.3,330.8,243.3,449,89.4,5
09,2020,157.1,12.4,1546.2,132.9,261.5,279.2,172.9,62.8,101.2,50.2,658.7,111.8,110.4,284.1,242.1,472.8,81.4,3
09,2021,156.9,13.6,2227.6,146.3,251.7,278.3,175.8,65.1,114.4,53.5,645.9,118.1,120.8,291.4,256.7,509.5,83.1,2.6
09,2022,189.8,11.4,1960.4,215.4,265.2,280.9,165.3,84.1,115.4,70,653.7,121.5,118.3,352.7,268.5,540.1,89,2.7
09,2023,202.4,,,,,,,,,,,,,,,,,
10,2000,311.8,8.6,684.8,37.6,158.2,157.9,111.5,35.2,61.2,56.2,279.9,42.1,30.1,187.5,166.5,275.4,80.1,2.6
10,2001,270.8,3.8,,,144,173.3,113.3,42,77.2,60.2,,51.4,34.5,200.1,175.5,294.1,89.1,2.8
10,2002,265.8,4.4,766.6,51.8,154.5,179.8,116.4,44.4,68.5,53.2,320.8,57.2,35.2,205.7,183.4,311.1,87.9,3.1
10,2003,252,4.6,796.6,53.9,167.2,219.8,125.6,49.5,66.8,51.5,320.2,62.1,39.4,214.3,190.6,327.1,92.9,4.3
10,2004,259.4,4.3,855.3,59.9,195,257.7,128.3,39.7,65,49.5,344.3,70.8,42.7,198.2,196.2,344.1,100.5,6.3
10,2005,258.9,3.8,913.7,53.1,209.1,250.7,122.1,45.4,63.3,50.6,346.9,81.1,46.5,224.9,203.7,366.2,95.6,7.4
10,2006,255.8,4,948.2,72.1,228.5,266.5,114.9,57,69,56.5,360.1,81.1,51.6,200.5,198.8,374.6,97.3,7.4
10,2007,368.6,6.1,1003.7,68.5,246.8,336.3,116.3,57.5,83.1,61.1,384,90.3,58.4,210.4,214.6,385.1,110.5,7.8
10,2008,343.4,5.3,920,63.2,275.4,266.7,141.3,58.7,66.8,63.6,414.2,94.2,70.5,215.7,214,420.3,102,7.8
10,2009,317.7,7.7,642.1,83.8,261,242.2,113.6,64.9,70.2,58.6,413.1,87.4,74.1,174.8,202.8,445.4,113,7.8
10,2010,337.8,4.8,737.7,90.9,258.8,254.1,139.7,65.2,62.5,54.8,434.3,92.8,66.6,167.7,216.2,464.4,113.2,8.7
10,2011,352.7,3.8,697.8,78.9,265.4,273.6,133,66,56.7,55.6,478.4,107.4,75.1,212.1,236,481,118.7,8
10,2012,347.8,4,757.1,71,258.5,265.7,162.6,66.3,52.3,52.1,486.5,109.7,89.1,233.3,214,514,119.4,9.5
10,2013,363,4.2,754.8,96.1,238.6,254.5,166.1,66.1,53.1,48.8,512.2,114.3,85.3,230.4,208,512,113,10.4
10,2014,400.9,3.8,772,96.9,236.3,286.9,150.9,57.5,59.3,56,520.6,133.1,90.7,223.4,205.8,531.5,110.4,12.4
10,2015,371.8,9,804.7,72.1,228.1,254.6,150.2,66.1,60.8,62.2,549.2,137.9,66.4,201.2,213.5,521.9,136.4,12.7
10,2016,393.9,6.1,832.9,100.1,240.6,258.3,149.3,71.6,62.2,54.1,561.6,126.6,64.9,182.7,236.8,541.7,106.2,12.3
10,2017,407.5,5.8,867.2,108.7,243.1,260.2,145.8,70.8,58.7,59.6,576.9,140.8,61.9,239.6,198.1,501.5,114.9,12.4
10,2018,442.3,6.3,871,114.1,251,262.1,144.8,70.4,60.1,50.1,559.3,137.4,69.4,214.9,205.8,565.4,114,11.6
10,2019,444.1,6.4,829.3,118,254.9,271.8,151.5,69.2,62.1,44.8,580.2,140.9,72.8,221.4,196.6,577.7,100.9,12.1
10,2020,435.8,4.4,812.6,121.1,260.2,282.5,138.2,44.1,57.6,42.3,622.9,134.5,73.8,217.7,192.9,585.4,85.9,12.6
10,2021,421.6,5.3,960.6,83.3,238,271.6,142.9,70.4,57.1,45,623.5,140.8,83.6,232.3,202.8,608.7,88.8,9.8
10,2022,476.7,3.4,1231.5,137.3,243.5,282.5,136.4,84.3,51,53.7,703.4,142.2,89.6,238.1,211,622.4,100.4,9.2
10,2023,508.1,,,,,,,,,,,,,,,,,
11,2000,350.3,17.1,1703.4,85.8,276.1,333.7,197.2,48.4,152.4,117.6,472.4,95.7,72.9,275.4,297.8,495.7,116.8,4.2
11,2001,341.1,34.9,1839.8,98.4,270.3,350.7,215.3,61.2,175.9,124.3,498.1,123.5,69.1,293.3,320.1,523.7,132.5,4.6
11,2002,349.7,37.8,1740,99.5,290.9,378.4,232.9,62.6,163.9,111.9,528.1,130,73.2,314,339,525.1,133.2,5.4
11,2003,326.7,50.6,1736,135.3,319.5,384.6,229.5,65.6,168,107,554.9,143.4,70.5,331.7,352.8,550.5,139.9,7.4
11,2004,331.1,43.7,1517.4,119.4,355.1,418.6,237.5,76.5,160.7,106.5,602.9,161,87.6,338.9,370.9,592.9,151.6,10.5
11,2005,306.8,41.5,1760.2,118.5,393.2,407,251.2,79.9,152.7,110.7,618.7,188.4,107.6,352.2,388.5,638.2,155.2,12.5
11,2006,288.6,63.7,1927.9,134.3,404.8,466.5,239.2,83.1,150.7,121.9,633.2,158.9,118,337.4,391.8,660.8,158,12.7
11,2007,401.1,62.5,1988.3,146.1,455.2,476.2,250,88.9,184.2,132.9,682.4,175.8,136.1,384.5,409,702.4,166.9,13.4
11,2008,369.1,198,2085.2,132.2,516.2,479.3,272.4,91.4,154.3,126,727.2,186.5,155,399.6,428.3,766.7,173.4,14.9
11,2009,347.7,97.2,1324.8,134.8,470,445.9,267,91.7,144.6,126,719.3,185.2,178.8,405.5,450.7,785.5,181.5,16.3
11,2010,373.2,89.6,1676.8,145.2,449.2,481.9,274.3,98.2,159.6,121.7,738.4,201.1,171.7,414.9,422.9,764.8,187.1,18.3
11,2011,364.5,36.6,1904,154.3,479.3,527,281,101,162.1,131.3,799.8,235.4,190.2,486.7,434.5,799.8,188.3,18.4
11,2012,357.4,23.1,1853.1,184.7,471.9,485.9,287.7,104.2,158.2,125.7,807.3,233.2,199,423.3,515.8,841.6,188.9,22.5
11,2013,373.1,30.2,1522.4,173.9,486.6,498,305.8,84.3,165.8,130,853.6,311.2,201.9,434.6,494.3,878.8,183.8,25.2
11,2014,398.8,40.6,1552.4,167.9,501.7,519.2,300.6,108.4,165.5,178.8,875.5,298.8,213.4,446.6,487.6,890.4,178.9,28.4
11,2015,370,52.3,1603.3,152.3,499.8,541.8,288.5,94,166.3,177,922.9,339.5,210.2,349.6,459.2,992.8,188.5,29.2
11,2016,391,35.6,1587.9,175,512.1,554,285.7,106.9,160.9,180.6,975.8,356.2,206.4,338,489.3,1011.3,187.6,24.1
11,2017,427.7,46,1827.7,209.4,561.8,548.4,299.5,115.6,172.6,190.2,994.5,342.1,207.5,387,476.3,1010.7,194.8,24.4
11,2018,469.6,49.1,1976.2,209.3,603.1,549.2,289.9,114.5,167.9,208.3,1019.4,363.1,230.9,394.1,467.4,1041.9,199.3,24.2
11,2019,464.4,34.5,2037.6,228.8,602,570.6,302.7,128.9,178.9,207.6,1045.9,400.6,246.2,363,477.6,1052.4,182.7,24.5
11,2020,476.9,45,1888.8,234.8,627.6,571.6,294.7,81.1,174.7,195.7,1049.7,393.6,259.7,366.7,484,1070.6,175.7,25
11,2021,500.7,19.3,2146.8,281.4,633.7,563,291.8,96,176.5,222.4,1082.9,417,274.7,393.7,509.8,1134.9,187.2,25.7
11,2022,557.3,30.3,2715.3,303.3,675.1,611.4,336.6,115.7,178.2,237.1,1289.7,442.3,311.9,412.3,529.9,1173.7,199.5,21.6
11,2023,594.4,,,,,,,,,,,,,,,,,
12,2000,211.9,21,1364.1,48.6,139.3,203.1,134.1,32.4,90.1,59.6,298.7,43.4,30.8,213.2,214.7,278.5,73.1,2.3
12,2001,252.1,24.5,1260.2,62,122.6,212.2,144.5,37.9,120.5,64.7,318.4,55.5,31.6,219.3,215.1,295,81.1,2.5
12,2002,263.4,20.9,1186.1,64.3,133.5,211.6,137.6,38.4,98.9,55.9,337.1,56.1,31.4,219,236.1,306.2,83.9,2.5
12,2003,254.7,23.5,1440.1,65.8,147.8,215.9,139.7,39.4,55.4,53.8,353.2,65,34.4,233.8,249,318.9,83.7,4
12,2004,240.8,26.3,1663.8,67,188.9,221.5,140.1,43.5,54.7,52.3,377.2,67.2,40.6,232.3,257.2,335.1,94.3,5.5
12,2005,247.8,26.3,1477,57.8,221.5,270.5,142.7,44.2,88,55.4,383.8,71.4,47.2,244.7,257.7,357.3,95.7,6.6
12,2006,218.4,26.7,1585.6,77.8,275.7,281.5,136.5,48.9,140.4,56.6,392.3,79.7,59.2,217.2,274.5,365,97.8,7
12,2007,292.5,44.4,1416.6,70,313.7,274.3,144.5,51.6,126.5,67.3,422.7,90.6,56.9,229.1,285.8,392.6,107.7,7.3
12,2008,273.9,38.1,1227.2,76.6,340.4,287.3,168.4,47.7,119.7,69.8,455,107.6,64.8,227.6,293.1,426.6,109.1,8.5
12,2009,281.7,16.2,843,65.9,302.9,273.2,145.4,50.9,104.8,58.2,453.3,91.7,72.3,215.7,295.2,435.5,117,10.2
12,2010,300.8,12.3,1043.3,99,293.6,275.1,161.1,55.8,103.7,58.3,482,86.9,80.6,204.1,262,462.1,121.3,11.5
12,2011,314.3,20.8,1289,93.1,321.5,307.1,162.2,54.1,110.4,60.9,526,100.3,88.4,283.5,275.8,482.6,123,12.6
12,2012,312.4,42.8,1041.3,91.8,295.2,307.1,181.5,58.1,117.6,59.3,518.3,104.3,85.6,277.5,319.1,521.5,125.3,13.2
12,2013,330.3,67.3,1138.2,100,284,280.1,173.6,66.7,118.5,53.4,549.7,131.3,80.4,240,306.1,538.5,118,13.7
12,2014,321.3,27.6,1180,142.9,316.3,333.6,169.9,59.1,118.7,78.1,555.8,121.3,88.6,254.5,317.2,548.1,107.5,16.5
12,2015,287.7,35.4,1215.5,133.6,297.5,277.3,168.7,68.2,127,77.8,592,106.3,77.9,240.8,315.9,564.3,119.7,17
12,2016,308.4,42.2,1354.4,100,294.1,307.9,168.1,58.6,129.3,76.6,611.9,118.2,82.2,239.6,308.3,577,120,16.2
12,2017,308.2,35.8,1224.6,124.3,314.2,297,165.3,80.8,125.3,84.9,634.7,127,90.6,292.2,316.7,536.9,124.2,16.4
12,2018,334.1,30.8,1563.4,86.4,323.8,314.2,156.6,82.4,132.9,84.7,687.9,136.4,104.9,299.6,333.7,556.7,120.2,14.7
12,2019,296.2,15.2,1680.3,107,326.4,294.4,171.1,86.9,132.4,90.9,704.5,144.8,87.5,257.8,342.3,617.1,110,13.3
12,2020,300.3,22,1390.4,105.4,312.4,310.2,153.1,71.9,119.2,106.3,728.1,144.7,96.7,240,342.5,610.8,100.1,12.9
12,2021,332.7,24.7,1799.7,124.5,306.7,312,172.2,80,115.9,106.2,719,150.9,99.3,248.7,360.1,646.5,105.9,13.5
12,2022,378.9,18.5,2014.8,141.3,308.4,335.7,149.8,91.4,123.3,102.3,863.1,152.2,102.1,277.5,371.7,668.4,116.9,13.5
12,2023,406,,,,,,,,,,,,,,,,,
13,2000,263.7,12.8,3026.6,82.2,299,311.2,176.2,65.7,235.1,95.9,500.7,138.1,58.5,335.4,324.6,413.7,118.7,2.7
13,2001,262.2,15.1,3441,99.3,286.2,336.7,188.8,78.1,268.9,103.5,541.9,151.5,70.9,351.7,365.6,448.3,130.9,2.7
13,2002,275.3,17.5,3272.1,78,299.2,429.7,186.7,79.1,281.3,87.5,557.6,150.8,81.5,368.7,387.6,471.3,138,3.1
13,2003,258.5,19.4,2920.1,91.6,352.4,452.4,207.8,82.6,295.4,82.4,605.6,161.1,85,392.6,403,502.6,140.5,4.4
13,2004,252.5,16,2701.2,109.6,370.3,475.2,216.1,92,250.1,83.8,641.5,182.1,108.9,388.5,420.9,537.7,149.4,6.4
13,2005,232,14.1,2638.8,100,411.3,524.5,225.8,95.5,257.7,86.7,654.9,187.6,128.7,408,423.1,568.1,148.8,7.3
13,2006,248.5,16.8,2998,99.5,445.3,456,204.6,100.1,219.6,96.9,665.3,253.8,151.2,382.9,449,579.8,155.7,7.4
13,2007,335.3,19.7,3528.2,133.4,487.3,477.5,234.3,102.8,249.5,104.6,752.8,250.5,156.4,400.5,456,618.9,161.3,7.5
13,2008,318.8,17.7,3565.4,129.2,551.7,481.1,245.4,110.7,311.4,114.9,796.1,259.2,189.1,409.9,474.5,680.4,175.3,8.6
13,2009,276.2,18.6,2721.3,145.3,501.1,432.6,241.9,111.7,318.4,102.6,844.8,236.3,164.5,406.4,499.2,706.5,195.1,10
13,2010,298,20,2353.1,172.6,499.1,421.6,228.5,113.9,310.7,98.4,865.1,228.3,182.5,384.9,418,723.5,197.1,11.3
13,2011,300.8,25,2649.4,150.1,524.4,466.8,249.9,112.4,323.5,97.6,917.2,279.1,185.1,434.6,432,720.1,205.2,12.1
13,2012,285.2,21.3,2328.3,255.4,491.3,457.7,263.5,119.1,327.9,90.7,935.6,270.3,214.7,463,554.2,772.1,209.1,13.6
13,2013,303.7,32.8,2274.9,157.7,485.8,509.9,272.4,109,301.8,76.5,960.5,284,192.1,447.6,567.9,783.3,213.9,16.3
13,2014,301.5,34.3,2359.6,188.1,492.9,483.6,257.5,113.2,322.7,100,995.5,282.7,210.9,472.2,571.3,794.6,213.5,19.5
13,2015,306.3,4.4,2582,238.1,494.6,485.4,262.7,109.5,380.1,105.7,1052.4,285,208.6,378.6,619.1,862.9,205.5,20
13,2016,320.9,26.6,2723,209.2,550.9,496.6,288,132.6,338.6,98,1106.3,284.1,208.7,370.6,623.3,882.8,213.2,18
13,2017,329,23.2,2846.2,217,611.5,516.3,308.9,142.4,347.6,91,1154.1,310.2,215.4,383.4,602,889.9,248.7,18.2
13,2018,359.8,23.8,3187.8,207.4,633.9,537.2,292.6,130.9,374.8,78.9,1170.5,332.2,248.8,396,603.6,921.4,236.2,19.8
13,2019,384.1,21,2915.6,201.8,671.7,552.2,317.4,128.6,375.5,80.5,1219.8,352.3,245.9,418.5,627.3,939.2,248.7,18.5
13,2020,389.7,28.1,2577.9,210.1,688.5,569.2,309.6,101,401.7,75,1199.5,360.7,218.6,408.1,633.5,959.2,231.9,19
13,2021,384.1,21,3225.5,199.6,657.1,574.6,369.5,110,409,88.9,1210.5,383.1,222.2,437.8,665.8,1016,253.8,18
13,2022,412.8,38.4,3585.2,277.3,665,629.3,344.7,158.2,436.6,106.7,1403.3,394.3,258.7,461.4,698.5,1065.6,264.5,19.3
13,2023,448.6,,,,,,,,,,,,,,,,,
14,2000,305.1,22.5,1098.2,52.8,209.8,312.9,157.8,28.7,55.1,100.8,356.8,47.1,29.4,158.8,192,315.9,85.9,3.1
14,2001,310.8,31.8,1249.7,44.3,198.1,309.1,159.1,33,65.2,105.5,375.1,55.2,34.5,169,202.8,327,96.2,4
14,2002,291.3,39.2,1177.4,44.6,222.3,328.2,173.8,35.1,65.4,87.9,388.1,65.1,34.6,175.4,216.8,340.9,94.3,4.4
14,2003,282.2,34.8,1189.9,48.8,252.4,351.5,182.8,36.1,68.3,83.1,415,64.6,40.2,189.4,227.3,366.3,96.9,6.1
14,2004,268.5,36,1312,57.5,266.9,300.3,191.7,40.1,78,80,447.2,71.8,45.9,197.2,241.1,393.9,108.9,8
14,2005,276,30.4,1379,65.9,300.4,320.8,196,43.7,67.8,83.7,447.1,73.6,51.1,212.9,241.4,428.1,104.7,9.2
14,2006,224.2,40,1598.6,62.9,326.8,379.1,187.2,55.4,67.9,91.7,464.3,81.4,59.2,210.3,249.2,442.6,110.1,8.9
14,2007,313.8,41.9,1897.1,69.8,362.9,417.9,224.7,56.2,71.6,98,514.7,89.7,62.9,209.4,266.7,470.4,120.1,9.2
14,2008,284.8,33.2,1870.6,73.1,393.3,432.6,257.6,46.7,73.8,100.2,532.9,95.1,72.3,223.4,281.5,517.9,124.9,9.1
14,2009,293.5,56.2,1435.4,76.2,339,427.3,272.1,48.6,67.7,92.5,554.3,89.6,66.7,234.9,278.8,491.4,131.1,10.6
14,2010,332.3,63.7,1459.4,81.8,362.4,411.1,263.8,57.6,69.6,92.1,575.1,94.9,73.7,230,350.6,506.4,136.1,11.9
14,2011,319.5,55.9,1515.8,86.3,382.8,432.3,267.3,61.8,78.8,101.7,600.4,107.8,88.6,299.3,360.1,526.2,146.1,13.3
14,2012,319.8,41.1,1517.8,112.9,431.7,445.7,265.3,61.5,75.1,93.6,620.1,123.5,93,324.3,303.8,576.6,149.9,14
14,2013,331.5,22.5,1628.3,150.7,385.2,427.8,259.5,62.4,70.7,82.5,659.2,115,92.5,336.3,301.6,600.7,140.4,16.9
14,2014,346.4,27.5,1579.6,147.6,385.2,450.1,251.9,56.4,65.5,103.5,676.3,127.5,104.9,330,286.6,603.1,141.6,17.6
14,2015,299.3,34.7,1532.1,133.4,372.9,476.6,261.4,57.3,60.7,110.7,722.5,134,87.2,242.1,307.5,702.7,140.9,18.1
14,2016,310.1,31.9,1464.5,122.5,372.4,444.9,265.6,63.3,59.1,105.5,752.2,132.2,94.4,232.2,302.8,708.2,148.8,21.3
14,2017,321.3,26.6,1647.5,129.4,428.6,465.9,256.2,71.4,73.9,108.4,780.6,143.6,107.1,221.1,312.6,713.4,150.7,21.6
14,2018,324.1,25.3,1668.4,115.9,447.4,466.3,258.1,72.4,66,96.6,779.5,147.1,113.2,211.6,310.9,737.8,161.3,14.6
14,2019,390.4,25.1,1708.7,142.9,452.3,488.3,261.8,74.4,64.3,99.6,811,197.6,116.9,218,308.5,761.8,146.7,14.8
14,2020,405.6,27.8,1653.2,155.8,455.9,490.9,252.1,58.8,64.5,86.3,879.3,194.6,107.6,213.6,313.1,779.3,133.3,14.9
14,2021,420.6,17.4,1899.5,120.5,446.6,523.7,263.3,60,71.1,94.5,910.6,201.8,116.8,236.7,332.1,817.8,138.6,12.8
14,2022,473.4,19.1,1996.8,182.2,462.9,535.3,274.5,72.4,79.6,122.1,960.3,212.2,135.6,240.3,344.5,858.8,150.2,13.3
14,2023,494.7,,,,,,,,,,,,,,,,,
15,2000,255.5,1.8,2290.4,61.4,209.2,221.7,170.9,33.2,114.6,92.9,299,45.4,60.4,200.1,221.1,303.6,70.8,0.6
15,2001,250.7,2.2,2241,68.4,215.3,261.9,186.4,39.9,149.2,101,317.6,69.2,55,215.1,219.4,311.9,80.5,0.6
15,2002,201.9,2.2,1843.8,94.8,213,301.2,191.1,41.2,143.9,79.8,333.9,55.2,27.9,224.5,228.5,332,80.6,0.7
15,2003,221,2.8,1864.4,91.3,255.6,276.9,185.9,42,147.2,77.1,362.9,145.9,50.6,235.6,240.9,346.5,80.9,1.3
15,2004,196.3,3.7,2158.7,127.5,266.9,282.9,187.9,47.9,141.6,80.1,388.1,120.6,60.3,252.4,253.3,362.7,90,1.7
15,2005,225,3.1,2351.4,93.9,260.7,332.6,208.2,51,113.5,83.1,386.7,172.7,66.8,267.3,261.7,380.2,95.5,2.2
15,2006,191.5,3.7,2865.1,119.6,276.5,263.4,181.9,53,95.5,98,410.4,129.1,75,249.2,268.9,391.2,99.3,2.3
15,2007,211.9,4.3,3202.1,125.6,296.1,314.8,206.8,51.9,173.3,122.3,438.6,161.2,79.1,244.7,277.5,414.6,109.5,2.3
15,2008,206.1,4.1,3408,122.3,305.3,332.7,234,52.8,204.6,137.7,453.6,205.2,89.7,256.1,304.9,449.8,112.8,3.4
15,2009,262.5,4.9,3131.3,144.3,280.3,309.3,215.8,54.5,185.4,115.5,460.4,171.1,88.2,229.8,321.4,466.7,123,5.7
15,2010,336.9,4.4,3728.4,166.1,298.6,319.2,180.6,53.8,169.6,115,465.6,175.4,117.7,226.5,352.9,486.9,127.1,6.5
15,2011,382.2,3.3,3438.8,161,308.6,341.4,184.4,56.2,161.4,112.4,509.5,167.2,138.3,271.7,360.5,521.8,134,7.7
15,2012,404.9,4.2,3457.1,152,314.8,354.7,210.1,63.3,173.6,106.6,526,181.5,151.6,289.7,277,556.1,135.3,8.7
15,2013,382.5,3,3125.5,186.6,360.6,326.1,197,67,160.2,97.5,556.1,207.7,154.7,267.8,352.8,562.1,138.9,10.8
15,2014,302.1,5,3062.3,210.8,354.4,383.6,189.5,67.2,208.7,120.5,585,193.8,160.2,280.6,333.1,568.5,140.7,13
15,2015,294,6.9,3122.7,252.5,351.3,357.5,196.5,71.9,205.6,121.8,620.4,216.1,144.3,251.8,342.5,589,140.3,13.3
15,2016,283.8,5.7,3064.2,206.4,390.5,366.7,193.7,73.5,184,117.6,646.6,219.8,132.5,247.3,330.9,592.5,137.5,13.9
15,2017,293.8,3.8,3107.5,192.7,422.8,374.4,194.5,84.1,201.2,122.7,663.2,223.9,166.3,210.6,342.1,577.8,145.3,14.1
15,2018,285.5,5.1,3317.8,213.1,411.4,378.6,194.1,91.4,191.2,120.7,670.6,238.2,149.5,216.1,351.8,600.3,145.7,13.6
15,2019,342,7.6,3249.3,224.2,440.4,376.3,194.9,107.6,171.2,114.3,688.4,260.8,159.1,216,364.9,607.2,140.5,14.5
15,2020,330.2,6.3,2757.6,228.4,462.9,388.3,179.5,84.3,178.4,127.1,719.8,270.6,174.3,219.2,370.7,632.8,138.7,16.7
15,2021,336.8,9.8,3522.2,229.7,478.8,403.2,190.7,85.6,194.4,139.9,724,276.8,212,233.4,391.2,684.7,140.1,14
15,2022,367.6,7.4,3346.4,280.8,481.5,423.4,217.1,111.8,265.7,172.6,823.7,282.4,209.8,247.2,409.7,704.5,153.1,13.5
15,2023,367.9,,,,,,,,,,,,,,,,,
16,2000,96.2,1.1,408,26.5,87.2,91.9,71.8,13.3,27.2,28.3,116.7,15.1,10.1,60,66.1,108.5,32.4,0.8
16,2001,98.1,1.7,425.7,26.7,81.6,97.8,89.7,15.6,42.2,30.6,127.6,21.4,13.9,61.8,69.3,110.8,37.4,0.9
16,2002,87.7,2.2,355.9,28.9,78.7,100.9,85.7,15.4,49.4,25.7,129.1,22.9,12.2,65.5,75,116.4,35.7,1
16,2003,91.6,2.4,433,31.2,87.1,108.9,84.7,15.6,22,25.1,132.9,24.4,15.3,68.1,85,122.6,35.3,1.4
16,2004,86.1,1.8,474.4,31.8,88.3,119.5,79.1,16.8,17.3,24.4,141.5,29.4,16.1,74.7,88.7,132.1,38,1.7
16,2005,93,1.9,552.9,31.9,98.3,126.1,82.6,18,34,25.8,146.6,33.6,18.9,80.6,87.1,143,37.4,2.2
16,2006,70.1,3.3,867.9,39.2,113,132.6,97.6,18.8,48.4,28.3,159,41,24.1,77.2,90.8,150,39.6,1.9
16,2007,91.5,3.4,960.2,50,114.8,146.8,85.2,19.5,48.2,32.4,166.8,44.1,29.6,76,94.9,161.5,46.3,2.4
16,2008,76.1,3,1019.1,49.9,129,143.6,139.8,20.1,66.8,35.4,167.7,50.1,27.2,76.9,101.8,178.3,45.8,3
16,2009,95.2,3.3,570.9,40.9,118.4,133.7,177.1,21,60.6,30,191.5,44,31.8,88,106.6,176.5,48.7,3.5
16,2010,113.9,2,668.2,48,123.6,143,147.9,22.4,64.9,32.6,188.9,47.7,37.4,88.8,133.7,183.2,50.9,4
16,2011,122.2,2.3,729.1,38.7,134.5,151.1,164.5,22.6,65.3,36,199.9,46.8,45.1,108.3,139.3,189.4,52.7,4.9
16,2012,126.2,2.8,644.2,37.3,139.6,148.9,145.3,21.4,62.8,33.5,210.5,48.1,43.2,114,116.1,206.1,54.3,5.4
16,2013,132.9,2.4,627.7,46,137.8,176.8,141.8,23,61.2,32,188.1,48.5,46.7,118.7,121.1,211.5,52.8,5.2
16,2014,141.4,3.1,728.2,47.6,123.1,182.4,147.5,19.8,67.2,37.6,196.6,52,52.1,116.1,120.6,219.7,51.2,6.4
16,2015,120.9,4.1,801.8,56.3,125,177.5,124.6,24,71.6,39.1,207.6,74.3,35.8,88.2,126.1,264,50.3,6.6
16,2016,112,1.6,726,52.4,137.9,187,127.7,20.2,62.3,40,217.4,60.7,34.3,83.2,124.3,264.9,52.9,5.4
16,2017,112.4,-0.5,883.5,61.2,152.9,195.7,132.3,20.1,79.7,38.5,229.8,63.2,34.6,103,115.6,249.2,54.6,5.5
16,2018,113.5,2.9,904.6,60.5,157.7,187.8,136.1,21.1,77.3,28.3,259.7,57.2,40.5,101.9,114.6,264.2,52.5,4.7
16,2019,125.2,2.5,805.8,70.6,158,203.1,133.7,21.6,70.5,28.9,267,66,44.9,101.9,116.3,265.8,53.1,3.8
16,2020,118.5,2,860.6,56.9,146.4,198.6,143.3,18.3,88.8,28.5,279.4,61.5,47.3,106.4,117.7,263.8,45.3,4.2
16,2021,120,1.6,767.2,56.5,143.3,202.8,133.6,19.8,103.4,34,278.2,61.2,52.1,114.9,123.9,269.5,49.1,3.9
16,2022,123,2.5,852.3,112.1,148,204.4,132,25.1,85.6,32.2,307.5,65.3,51.9,118.7,128.9,278.2,54.4,5
16,2023,128.7,,,,,,,,,,,,,,,,,
17,2000,330.4,44.3,5155.1,166.9,490.1,453.4,354.2,90.3,227.9,140.9,644.6,202.4,101.5,413,491.9,641.6,140.5,6.2
17,2001,336.4,53.9,4334.8,176.2,471,475.5,394.8,107.3,291.1,153.1,703,252.3,127.2,436.1,523,682.8,157.2,5.7
17,2002,312.4,72.1,5987,172.5,489.2,500.9,392.7,109.2,278.1,143.1,756.5,278.2,170.7,407,558.8,729.8,168.7,6
17,2003,309.2,84.4,6201.8,194.8,543.4,512,384.1,105.6,383.9,137.3,816.2,276.1,167.3,433.2,593,785.7,186.1,8.3
17,2004,296.4,89.4,6227.9,227.9,600.6,570.6,390.5,125.6,473.5,134.8,868.3,336,180.8,443.3,627.8,828.4,203.4,11.3
17,2005,297.9,105.6,6437,159.2,726.8,589.4,358.1,141.5,401.1,144.5,898.2,306.4,197.5,460.3,655.4,886.2,205.5,13.5
17,2006,269.8,166.1,6009.6,224.7,751.9,591.9,433.5,138.4,317,159.8,943.7,334.7,205.3,438.3,661.5,920.3,214.5,14.2
17,2007,359.7,158.8,7409,244.9,814.5,683.2,333.2,146.5,226.8,170.5,1019.8,369.5,218.3,472.7,689.2,987,238,15
17,2008,330.6,126.8,6965,292.7,910.7,725.1,421.4,158.5,322.4,161.6,1093.5,404.5,296.4,481.7,718,1083.9,249.1,18.5
17,2009,317.3,123.5,4720.2,240.3,747.9,651.2,455,140.9,327.6,174.2,1078.6,423,247.5,462.5,763,1165.1,262.2,20.2
17,2010,357.7,184.7,4887.1,337.8,810.4,726.4,450.7,154.3,317.3,168.8,1118.2,450.6,258.6,457.9,746.1,1189.9,267.2,22.7
17,2011,352.6,328.7,4340.2,307.6,832.9,667.8,449.7,157.4,321.7,185.7,1210.1,463.2,281.7,554.3,755.8,1250.6,273.8,24.1
17,2012,341.7,181.3,3875.8,263.9,791.5,744.2,531.1,166.3,344.7,190.4,1247.1,557.9,295.6,580.4,874.3,1391.7,281.7,25.4
17,2013,364.5,128.1,3989.9,251.5,831.1,783.7,457.6,166.5,348.3,202.8,1322.4,583.6,298.5,597.2,853.9,1366.3,277.6,29.8
17,2014,376.4,112.9,3756.9,304.1,818.2,841.4,459.5,161.4,323.9,225.9,1386.7,513.3,316.3,623.2,822.4,1368.9,290,35.7
17,2015,346.4,141.6,2866.2,327.6,884.1,794.4,478.8,164.1,350.5,229.8,1452.4,560.5,313.4,550.5,834,1422.7,309.3,36.6
17,2016,339,123.6,4052.6,353.2,967.4,818.4,482.9,181,377,227.7,1500.4,491.4,318.1,536.1,828.8,1432.9,316.7,30.5
17,2017,354.7,136.1,3955.9,420.7,1073.9,852.6,506.9,185.3,459.2,240.8,1533.6,519.9,340.3,527.6,856,1429,326.4,30.9
17,2018,381.2,135.6,3545.5,365.3,1195.1,874.2,526.9,191.5,448.5,237.6,1559.3,592.1,369.4,550.1,898,1501.8,336.5,30.8
17,2019,432.3,120.2,3828.2,482.9,1221.5,854.4,518.8,195.8,467,242.2,1614.4,657.8,404.2,564.5,936.3,1553,331,31.7
17,2020,451.3,86.9,4214.9,340,1261.3,889,508.2,157.7,500.7,291.6,1670.1,642,361,586.8,971.6,1577.1,307.3,40.5
17,2021,464,86.7,5221,439,1243.6,974.1,486.9,159.5,566.3,327.2,1697.3,656.8,385.3,644.5,1007.5,1670.4,319.3,48.2
17,2022,501.7,56.9,4966.4,645.7,1373.9,1003.7,607.3,215.9,610.6,349.9,1980.4,678.3,436.7,661.3,1042.5,1756.2,324.4,43.6
17,2023,543.4,,,,,,,,,,,,,,,,,
18,2000,72.4,13.1,433.3,32.1,70.5,100.1,60.7,18.5,25.5,27.9,143.6,17.8,18.6,200.4,89.6,127.9,48.8,1.5
18,2001,93.2,14.2,484.9,40.8,62.9,119.1,67.6,21.5,30.9,30.8,156,19.8,25.3,202.5,93.4,136.6,51.4,1.2
18,2002,106.5,16.2,401.3,37.4,66.2,150.6,62.3,21.8,30,27.7,168.1,28,24.4,200.7,99.2,141.6,51.5,1.2
18,2003,102.9,18.8,335.5,40.1,80.9,139.2,67.7,20,27.5,24.8,174.6,26.9,23.7,205.5,103.8,150.5,55.1,1.8
18,2004,99.8,18.7,369.7,50.8,88.1,123.6,68.3,22.7,33,23.7,184.1,29.4,28.7,204.6,110.2,159.4,60.5,2.6
18,2005,103.1,17.9,382,42.6,107.2,98.7,68.8,22.8,29,23.8,182.8,30.1,34.6,217.3,79.1,169.8,56.3,3.4
18,2006,125.8,18.4,472.7,49.2,119.1,108.4,67.8,22.8,24.2,26.1,184.5,30.2,42.6,209,101.4,167,57.7,3.3
18,2007,111,26,518.3,48.3,136.1,121.1,69.3,24.6,23.8,30.2,200.4,32.1,42.8,208.8,107.3,175.7,62.7,3.2
18,2008,130.1,47.8,396.1,64.4,162.1,123.3,76.1,26.4,26.9,35.6,216.1,34.1,58.5,207.7,116.4,183.1,64.1,4.4
18,2009,97.5,40.8,221.7,66.8,135.8,109.8,74.9,26.4,19.4,27.3,216,35.1,67.1,198.4,90.9,176.8,68.2,3.9
18,2010,105.5,93.7,231.4,95.5,137.5,116.9,75.1,26.2,18.6,24.9,230.3,38.2,73.3,196.1,96.7,181.2,73.4,4.4
18,2011,107.2,63,262.4,72.5,148.2,133.5,79,22.9,19.9,28.8,237.9,45.6,78.8,240.7,98.7,189.2,76.8,5.4
18,2012,99,36,216.6,82.2,151.3,129.8,83.3,27.1,21.9,26.1,248.6,52.2,75.7,251.7,93.4,205,81.4,5.8
18,2013,104.8,-107.5,327.4,66.6,128.3,132,83.6,25.8,26.4,35.7,260.7,50.4,74,255.2,85.4,204.8,82.1,6.3
18,2014,127.1,-69.1,334.1,94.6,109.5,118.5,78.3,20.7,25,31.9,263.6,57.4,73.3,267.5,81.6,205.9,71.9,7.7
18,2015,123.3,-21.8,218.6,80.3,106.8,134.3,79.6,27.5,24,31.9,278,52.3,62,255.7,101.4,179.8,68.7,7.9
18,2016,118.3,-13.9,306.6,70.5,121.5,149.2,79.7,30.8,25.9,29.1,276.4,51,71.2,249,110.4,187.5,71,6.5
18,2017,122.3,89.4,293.2,76.3,146.5,150.6,80,33.5,26.9,43,286.1,34.8,73.6,253.1,94.8,190.7,68.8,6.6
18,2018,136.6,116.7,305.3,69.5,149.8,154.3,71.9,35.1,32.2,39.4,292.5,56.3,82.8,260.3,90.9,198,66.7,6.4
18,2019,158.7,104.9,287,87.7,153.7,155,78.1,31,31.7,23.9,302.7,67.4,86,260.4,89.1,199.1,57.4,6.7
18,2020,167.1,119.6,296,94.8,160.7,145.7,69.8,29.5,34.8,31.4,343.7,60.8,77.8,245.5,88.9,201.9,57.5,8.1
18,2021,157.1,110.1,345.8,104.3,167.6,150.4,66.7,31.8,43.1,36,343.9,59.1,77.1,255.1,97,210.9,64.3,7.3
18,2022,168,168.6,435.8,216.5,158.4,154,67.7,37.5,202.8,34.3,331.7,33.7,76.7,284,101.4,218.8,58.9,4.4
18,2023,180.6,,,,,,,,,,,,,,,,,
19,2000,152.8,6.5,2136.9,127.3,204.8,220.5,172.9,82.9,82.1,70.5,347.6,87.5,45.9,358.6,235,306,102,2.6
19,2001,177.6,3.6,1828.5,138.9,189.5,238,191.6,94,92.1,75.1,365.7,107.9,53.4,362.9,241.8,328.3,109.3,2
19,2002,177.7,0.8,1712.2,142,201.8,265.9,194.7,100.1,90.9,66.5,390.6,104.1,57.4,368.7,257.5,339.7,116.4,2.2
19,2003,190.1,7,1562.6,152.7,243.2,259.5,200.2,100.3,85.2,60.1,406.2,113.4,62.2,374.9,269.2,361,114.1,3
19,2004,174.4,11.1,1664.8,170.8,263.7,327.4,188.1,112.1,92.8,58,417.7,123.3,70.5,383.4,277.2,382.2,129.5,4.4
19,2005,211.7,15.5,1493,158.2,272.8,319.1,189.6,117.3,63.6,64.1,429.8,122,80.1,404.2,289.7,408.2,114.7,5.3
19,2006,226.6,28.3,2388.1,168.8,280.5,325.8,188.9,113.2,62.4,70.1,457.6,131.4,94.7,361.6,292.1,418.4,126.7,5.7
19,2007,202.2,27.7,2011.7,189.4,310.4,272.4,220.8,120.3,89.4,76.2,483,138.5,109,354.7,306.9,440.9,134.3,5.8
19,2008,257.5,39,1499.7,246.2,355.8,293.9,243.2,146.6,115.8,76.6,546.3,143.1,138.1,351.1,315.7,486.1,141.4,6.3
19,2009,179.9,47.7,1022.3,144.5,327.5,275.9,229.9,129.5,118.7,66.6,558.1,141.2,134.3,386.8,335.6,527.5,144.2,7.3
19,2010,193.4,106.4,1213.8,175.6,315,288.4,238.4,128.6,110.9,60.8,581.3,153.9,118.5,408.3,367.9,544.5,145.4,8.3
19,2011,196.9,60,1205.1,153.6,346.7,309,218.5,131.1,102.3,64,622.7,171.6,135.6,447.5,375.8,560.3,142.5,8.6
19,2012,186.1,233.4,1158.8,167.2,343,315.5,237.4,158.6,75.8,54.9,639.9,161.6,129.6,434.2,374.3,613.7,148.7,9.4
19,2013,195.2,221.1,1382.5,225.4,318.8,325.5,247,138.1,70.4,50.3,684.1,178.2,119.5,453.2,370.9,631.1,148,10.8
19,2014,150.7,142,1556.3,197.2,337.1,338.6,249.9,131.7,76.8,64.5,696,178.4,125.8,489.6,335.1,649,152.2,13.8
19,2015,155.3,212,1738.4,233.5,354.8,330.7,264.9,143.9,60.8,64.2,733.2,201.1,130.7,422.4,352.4,663.9,148.2,14.1
19,2016,158.5,225.6,1741.2,270.6,370.3,337.2,264.4,157.1,58.3,55.6,753.5,188.8,147.1,403,340.6,678.4,155.3,12.1
19,2017,168.9,353.7,2002.5,244.8,400.5,365.1,266.7,183.4,57.7,58.6,765.9,195.3,166.6,406.9,329,671.8,171.8,12.3
19,2018,170.5,374.3,1710,301.2,439,361.3,257.9,206.5,57,49.8,712.8,209,186.1,408.7,322.7,698.4,176.7,14.5
19,2019,193.4,305.8,1673.4,291.4,426.1,387.2,269.1,210.1,56.1,47.8,730,186.2,183.9,438.4,327.8,704.4,160.9,16.1
19,2020,202.8,447.9,1586.1,248.8,425.3,375.2,233.4,168.1,69.6,48.8,775.7,177.1,167.3,415.5,327.4,726.9,144.3,20
19,2021,186,594.4,1362.2,270.1,419.9,401.6,231.2,103.3,76,52.5,781.9,205.4,140.2,459.2,351.2,774.2,146.8,20.4
19,2022,204.2,623.8,2334.6,402.8,464.8,436.2,256.2,211.8,68.4,62,862.5,215.9,203.3,487.9,365,802.2,175.1,18.7
19,2023,218.7,,,,,,,,,,,,,,,,,
21,2000,29.7,0.2,54.4,9.2,36.4,47.9,201.1,13.9,23.2,52.4,47.2,8.8,5.4,47.7,43.6,79.4,15.3,0.1
21,2001,30,0.2,62.2,11.5,46.9,51.7,318.8,16,28.1,55.8,52.4,10.6,6,44.6,35.5,67.6,17.9,0
21,2002,29.6,0.2,70.1,12.6,50.2,48.4,303.9,16.7,38.7,40,64.1,11.1,8.2,46.9,37,73.5,20.9,0.1
21,2003,19.6,0.1,66.8,11.9,58.2,46,312.1,15.5,45.1,39,63.7,10.5,8.1,47,38.2,75,22.9,0
21,2004,21.7,0.2,61.1,13,60,55.7,316.2,16.7,40.9,42.7,65.8,11.2,8.9,48.7,39.9,77.5,29.6,0.1
21,2005,20.6,0.1,64.1,14.1,59.4,55.6,327.3,18.7,40.1,32.2,68.2,12.1,9.4,51.7,43.8,84.9,29.2,0.1
21,2006,19.1,0.1,83.4,13.2,57.2,63.9,302.8,19.7,39.7,36.9,68.5,14.1,8.7,53.6,44,94.2,35.7,0.1
21,2007,23.5,0.2,73,14.8,63.1,66.5,292.4,19.9,43.3,38.9,72.2,16,8.2,66.3,46.7,98.1,39,0.3
21,2008,22.4,0.8,77.7,15.5,68.3,61.7,222.3,20.9,44.8,48.3,98.8,17.6,11.5,71.5,46.6,104.8,40.9,0.1
21,2009,21.1,1.1,77.9,19,69.3,73.3,246.2,24.1,50.4,40,102.3,22.7,6.3,81.6,52.1,105.6,33,0.2
21,2010,23.3,0.9,89.1,18.4,67.9,74.4,196.5,23.4,59.4,41,106.4,29.5,6.6,81.3,68.7,109,34.5,0.2
21,2011,21.5,0.8,86.2,15.5,74.5,74.8,199.3,24.2,60,44.1,113.9,21.8,10.8,84.1,71.6,112.9,38.7,0.3
21,2012,19.4,1,88.4,23.6,76.1,70.9,284.9,23.8,64.2,45.1,117.8,19.1,11.9,78.3,57,125.8,38.9,0.4
21,2013,21,1,99.9,26.2,77,68.6,308,23.4,50.3,44.9,121.3,23.3,12.6,83.1,55.1,125.2,37.6,0.5
21,2014,26.3,1.2,87.4,30.3,72.4,81.7,287.2,25.5,53.5,62,126.5,23.8,12.4,91.2,56.1,126.5,34.1,0.6
21,2015,25.1,1,106.8,30.6,80.1,81.3,293.7,27.6,47.6,67.7,132.5,25.6,11.1,52.7,59.7,131,32.8,0.6
21,2016,18.1,0.9,96.9,29.8,79.5,77.7,273.5,27.5,48,73.6,138.7,27.1,11.4,50.6,60.8,131,35.7,0.7
21,2017,24,0.9,110.7,31.5,87.6,78.1,253.3,27.9,48.8,78.4,148.4,26,14,46.4,64.8,132.6,36.4,0.7
21,2018,21.4,1,94.4,29.2,80.4,72,231.6,27.5,49.1,68.4,128.8,25,11.5,43.9,64.8,134.3,37,1
21,2019,30.2,1.6,111.7,27.2,84.7,74.8,235.3,27,51.6,67.6,136.4,29,12.1,50.1,66.3,138.1,36.9,0.9
21,2020,31.3,1.5,109.5,31.8,89.4,63.4,103.7,17,52.2,72.6,134.4,29.1,9.9,47.7,67,143.8,38.4,1.1
21,2021,29.3,1.7,132.4,29.2,94.3,73.5,137.5,28.8,58.9,84.4,133,29.1,11.7,55.5,72.8,154.1,54,1.3
21,2022,21.7,1.7,135.7,48.1,83,76.5,218.9,33.7,53.9,109.4,165.8,29.7,13.9,64,77,166.3,15.6,1.1
21,2023,26.4,,,,,,,,,,,,,,,,,