;;Economic prosperity;Business vitality;Demographic sustainability;Tertiary attainment;Unemployment;Old-age dependency;Population Growth;productivity;gdp per capita;Net migration rate;Net migration + 1;HHI;Rate of indebtedness (per cent);Household disposable monetary income;rnd per gdp;Tertiary attainment;Unempl+S2oyment;Old-age dependency;Population Growth;productivity;gdp per capita;Net migration rate;HHI;Rate of indebtedness (per cent);Household disposable monetary income;rnd per gdp
01;2011;113.167680022068;141.836228396228;124.797088527105;0.178150204834164;0.0368869338656138;0.188252473438696;0.0109305629608649;57.1126658920784;48614;0.00176429804435986;1.00176429804436;0.0805055656144106;115.6;54560.8640770288;0.0411973001956122;130.848968769593;63.6223839072321;28.5360394035429;208.852761409807;133.268027902069;159.247497988171;137.002464767965;137.002464767963;110.577213149848;119.223625043022;166.225452145288
01;2012;118.472805448775;140.906904919617;129.203638021401;0.179049485108515;0.0404222525026566;0.190125316322395;0.0114760067085933;56.3512004517038;48536.8;0.00214189751952184;1.00214189751952;0.0831612309619508;117.2;53605.0626815177;0.0389511220868545;133.478077735872;70.7083263668875;30.0056267640077;216.604544599586;129.761021143626;158.875503142129;141.000742700609;141.000742700605;121.841763444949;122.465628841133;159.387778098364
01;2013;122.204661270155;146.54716551634;133.346320125894;0.181072777650581;0.0493959846682977;0.19244477830906;0.0118953176307652;58.3437757185138;49746.8;0.00258093326092592;1.00258093326093;0.0819253777792458;115.4;53999.2537305033;0.0382479464877943;139.393315415904;88.6946399929998;31.82566839609;222.563742722803;138.938029786291;164.705992309368;145.649549258788;145.649549258785;116.599638209992;118.818374568258;162.207767604382
01;2014;124.597817614023;146.417779574084;131.081279801868;0.181572395452629;0.0566656355167932;0.193804618719861;0.0112994670990929;58.840692911619;49522.7;0.00263816368838983;1.00263816368839;0.0801417656430586;117.2;53318.1102195062;0.0380433742008925;140.853983108214;103.265413635432;32.8927116047629;214.095584174327;141.226632606859;163.626147166906;146.255543626515;146.255543626512;109.034080812618;122.465628841133;157.334958954751
01;2015;129.22360380111;151.620578013198;129.467511157807;0.181391763425769;0.0603476847248684;0.195524671642408;0.0105233418236883;60.6968269468768;51046.2;0.0030951803444013;1.0030951803444;0.0806034579688034;118.1;54429.6029629688;0.0353556378288773;140.325892706412;110.645452466632;34.2424073300733;203.065381906722;149.775247240009;170.96726307293;151.094744236626;151.094744236622;110.992443687305;124.289255977571;165.286427869749
01;2016;129.825428193917;153.815773636858;134.096606782018;0.182193295094345;0.0573847291052333;0.197728367270079;0.0111290711805074;61.2153062854659;51914;0.00343039981248775;1.00343039981249;0.0801521560046839;121.1;54499.4965279659;0.0340704094132335;142.669226766676;104.706713929387;35.9716091061138;211.673937170766;152.163156721036;175.148832080641;154.644274069176;154.644274069173;109.07815366661;130.368013099029;165.786436990549
01;2017;128.510407138258;160.248556728773;134.14445682408;0.183293428942803;0.0491482365561263;0.200784115233894;0.0105786937989725;63.3800539300507;53512.8;0.00395621228008292;1.00395621228008;0.0808445018897461;121.4;55474.8002045933;0.0346207813951235;145.885545246668;88.1980712116343;38.3694015869857;203.852037750365;162.133122811877;182.852787519139;160.211931134888;160.211931134885;112.014881011082;130.975888811175;172.763627721662
01;2018;127.619800205039;164.020997373451;127.056534706367;0.186747766638899;0.043366223345685;0.201797221344517;0.00930162887225605;64.1866838397056;54982;0.00358702208944934;1.00358702208945;0.0812111089892002;121.1;56199.5807965185;0.0345813013873502;155.98454382185;76.6090131615726;39.164368398105;185.702539342131;165.848139140563;189.93225420055;156.302696378866;156.302696378863;113.569920359005;130.368013099029;177.948610152527
01;2019;130.266062665069;167.885077967368;137.604829282486;0.1873813786267;0.0428507597390108;0.200880616668393;0.0111913413571558;65.5682314813232;56756.6;0.00410717720339108;1.00410717720339;0.0807399576564548;123.6;56441.869619574;0.0348508221758181;157.836952915855;75.5758543909121;38.4451245905761;212.558913688652;172.21099772792;198.483317073429;161.810449568229;161.810449568226;111.571435162356;135.433644033578;179.68191165747
01;2020;146.541687163049;160.123827870394;109.923640331754;0.187590372342862;0.0670373376528034;0.201123759160569;0.00766574442586809;66.4842069744603;55424.5;0.000978458639860267;1.00097845863986;0.083258598358634;129.7;56058.0708862552;0.0364903803871717;158.447960705896;124.053719327145;38.6359142913058;162.453539596978;176.42961629506;192.064478544768;128.681467106978;128.681467106975;122.254767266404;147.793783513877;176.936267373645
01;2021;142.844805734947;159.376502334051;99.6837011205372;0.187420141000886;0.0522732004425158;0.200613970273062;0.00708472183231357;68.1043294764129;57622.9;-0.00110512316437293;0.998894876835627;0.0839648555198053;130.3;57750.7379099911;0.0377032915875552;157.950277435956;94.4615276524319;38.2358917842885;154.196113982777;183.891255737367;202.657658202007;106.619097594546;106.619097594543;125.250502147178;149.009534938169;189.045378568336
01;2022;139.545824213171;159.795897530409;122.66234411993;0.18641076078759;0.0482922137085676;0.199584197184935;0.0106675002230658;69.0801747459503;60375.8;0.000672808884770226;1.00067280888477;0.0799898502289939;129.5;55137.9231153328;0.0371430674169477;154.999283574699;86.4823196020354;37.4278466847079;205.114144334772;188.385610666697;215.922743845389;125.44504134031;125.445041340308;108.389700366144;147.388533039113;170.353654539934
02;2011;100.130917594685;101.714897120221;109.858271255734;0.162819417957823;0.0468283474274267;0.24821442712915;0.00483529;46.211763930209;33911;0.00126921751562978;1.00126921751563;0.0795957022899582;116.9;46143.4236251289;0.047135169801057;86.0283378869883;83.5482496350151;75.5871455156744;122.227450051979;83.0628119771154;88.3998267270811;131.76021819955;131.760218199546;106.717840887656;121.857753128987;106.008220417236
02;2012;108.912115216431;99.8721387023502;107.281333475967;0.164775150553594;0.053606462289097;0.250818875070372;0.0047039;46.0619491554627;33863.1;0.000522459354794684;1.00052245935479;0.0846803084357296;117;45515.5687722105;0.0456874720962048;91.7460593247188;97.1338233345068;77.6308106884034;120.360150632842;82.372824750261;88.1690164534358;123.853039106656;123.853039106654;128.285242711411;122.060378366369;101.516631627767
02;2013;108.560745755774;103.161173812391;109.631328609784;0.167250679578661;0.0608350322799864;0.254455487597689;0.00453243;46.8165102803903;33902.3;0.00114891267414203;1.00114891267414;0.0809364899926357;116.9;44929.9048128156;0.0410049789801487;98.9834420870449;111.622257413501;80.4843975277321;117.92323890897;85.8480329796419;88.35790502811;130.48634939265;130.486349392646;112.405067452499;121.857753128987;97.3268707902327
02;2014;114.757880244633;105.723623728801;106.099183485219;0.168791580728753;0.0665207044264636;0.257102966841187;0.00375747;48.6062777930605;34387.2;0.000992120154423819;1.00099212015442;0.08378184852229;116.4;44812.7842294805;0.0385649599578464;103.488374693045;123.018216253608;82.5618286177615;106.90959740007;94.0909898233404;90.6944374224855;128.826124437825;128.826124437822;124.474240360363;120.844626942078;96.4890059609986
02;2015;116.247425410924;107.837230403995;103.640141121825;0.170181500791655;0.0683901054766478;0.260984603318835;0.00284278;48.3201446465041;34417.8;0.00123544504483232;1.00123544504483;0.0838384789599451;117.3;45250.6210175103;0.0298680181233033;107.551903499368;126.765111409487;85.6076815054344;93.9101293607174;92.7731744300454;90.8418861567975;131.402612499324;131.402612499322;124.714449998896;122.668254078515;99.6212311872441
02;2016;119.92715106495;112.58905243039;105.104458542879;0.172102207371363;0.0646482021604776;0.264062345571273;0.00291381;50.3486257166569;36103;0.00132690419162936;1.00132690419163;0.0870667504778789;117.5;45681.3196834429;0.0271892834808643;113.167223922076;119.265105240268;88.0227325234984;94.9195994706291;102.115550912554;98.9621674333525;132.371043634511;132.371043634507;138.4078270329;123.073504553279;102.702391252425
02;2017;116.9670917949;124.069100721136;107.940692174983;0.174488200185481;0.0521293677526864;0.266979569876716;0.00178675;52.9656672451043;38440.6;0.00342700192808111;1.00342700192808;0.0879175176125877;116.7;46331.9152444499;0.0244850961729154;120.142841290756;94.1732395888697;90.3118278898177;78.901953657914;114.168602621473;110.226094274128;154.608294977216;154.608294977213;142.016530662378;121.452502654223;107.356663995103
02;2018;112.697321561171;124.716559910172;98.4100101115104;0.177954875026641;0.044828263495075;0.269335244534897;0.00086865;54.0546567559616;39544.4;0.00178443819449958;1.0017844381945;0.0873769005839139;114;47007.338974998;0.0248028584363401;130.277908374979;79.539422959358;92.1602849777891;65.854023094631;119.184054895408;115.544849598755;137.215722262111;137.215722262108;139.723392441658;115.981621244911;112.188554108191
02;2019;115.011561449636;125.981620791085;100.439421380583;0.179934535122178;0.044909573768987;0.270212646112058;0.00133619;54.0290609670094;40404.6;0.00166687180942169;1.00166687180942;0.0882092692114579;114.7;47096.147552139;0.0246442749311915;136.065583536782;79.7023955175546;92.848766792826;72.4986472701646;119.066170878507;119.689797352192;135.970850078758;135.970850078756;143.254055022212;117.399997906584;112.823878670295
02;2020;124.92480040966;129.86323461367;104.426649335677;0.181336634794548;0.0626896799562944;0.27022681620181;0.00153856;54.9221145353209;39752;0.00252387292974909;1.00252387292975;0.0886075753364736;117.4;46850.0936084304;0.0249572392298954;140.164720285784;115.33958195097;92.8598858167322;75.3747062050209;123.179220182726;116.545188070754;145.045355985278;145.045355985274;144.943552301017;122.870879315897;111.063642000897
02;2021;115.090842172701;132.872714604333;107.991743643433;0.182267201955832;0.0456381585887229;0.27021967952974;0.00261087;56.2555205299473;41181;0.00209523927715279;1.00209523927715;0.0870099930152108;114.8;47928.5129815274;0.0259215610467808;142.885298660775;81.1627193637654;92.8542857938143;90.6142513769128;129.320357504207;123.430947591403;140.506693759572;140.506693759568;138.167078591671;117.602623143966;118.778508492783
02;2022;117.444307232336;133.817154508562;107.87828842133;0.183082870129148;0.0433204892424732;0.268628222263869;0.00283495;60.0618087925367;44629.6;0.0018802760484135;1.00188027604841;0.0876489135698784;112.2;45990.962173726;0.0250615336754626;145.269961784316;76.5173469619811;91.6054968521468;93.7988503101668;146.850606355574;140.048323576643;138.230518101675;138.230518101673;140.877191418685;112.334366972036;104.917531792684
04;2011;88.5433457767189;81.766988049248;107.134104967459;0.157157947998686;0.0503857045210429;0.285412468597704;0.00483529;43.5547877307225;33724.6;-0.0022591898873512;0.997740810112649;0.0748423832171982;100.9;44236.5104359264;0.0143454654445654;69.4766333112108;90.6783644172279;104.775804133031;122.227450051979;70.825837067215;87.5016422801609;94.3990607173674;94.3990607173645;86.5556612616118;89.4377151478748;92.3664211012016
04;2012;91.0726258600275;85.2614876309522;108.591773590297;0.159184471889532;0.0546115749508745;0.288315683711667;0.0047039;45.0086090124198;34671.2;-0.00188499737700837;0.998115002622992;0.0742031206321015;100.8;43872.4259350935;0.0139125186200302;75.4013180660782;99.1484000157147;107.05390672953;120.360150632842;77.5215592761861;92.0629158716557;98.3612634085194;98.3612634085169;83.8440976422468;89.2350899104928;89.7618097730276
04;2013;92.9334402944736;85.8854847296311;108.013702279334;0.162137729564118;0.05973120290707;0.29159764156825;0.00453243;44.6162697477378;34143.3;-0.00206184648818112;0.997938153511819;0.0743295014844924;100.4;43528.7639499863;0.0128601714120081;84.0353740477769;109.40981994328;109.629202193765;117.92323890897;75.7146007723763;89.5191842754693;96.4886657352668;96.4886657352642;84.3801679981799;88.4245889609651;87.303298363107
04;2014;98.7949786555547;88.8657970468931;104.484117810223;0.163574914167593;0.0667327431099682;0.293656214980601;0.00375747;46.9298222704197;35164;-0.00217427215458316;0.997825727845417;0.0752935430744505;100.6;43284.7945554464;0.013890055894819;88.2370840540611;123.443211583531;111.244529081947;106.90959740007;86.3699029080399;94.4375150961313;95.2982269486524;95.2982269486488;88.4693485068273;88.8298394357289;85.5579742768228
04;2015;101.011074632179;88.4066111947042;98.2526527725109;0.164345591302359;0.069874460097687;0.298819951829277;0.00284278;47.8932801287266;36178;-0.00309476715241055;0.996905232847589;0.0743169725178733;101.5;43455.2823138842;0.0114552957110909;90.4902127202943;129.740246754912;115.296423916068;93.9101293607174;90.8072063513775;99.3235613899996;85.5514050407469;85.5514050407442;84.3270238116367;90.6534665721665;86.7776206664008
04;2016;96.7856254453094;85.3255286236897;95.3292760205768;0.165639938666907;0.0683458104085866;0.303260575448724;0.00291381;46.9749505708953;34955.6;-0.00434743393163164;0.995652566068368;0.0723477433117558;101.7;43648.8973246368;0.0109404465328596;94.2743280385905;126.676329510102;118.780904328452;94.9195994706291;86.5777458991635;93.4333217552613;72.2873242626492;72.2873242626464;75.9741334689439;91.0587170469304;88.1627162943582
04;2017;91.2135602590918;90.6509879405113;92.5982614769735;0.167555966932549;0.0517427562863547;0.30820152632964;0.00178675;48.6230460006954;36167.8;-0.00397462771894482;0.996025372281055;0.0741347930348241;100.5;44230.7085603077;0.00948401110491772;99.8759710819434;93.3983429286463;122.65798287384;78.901953657914;94.168217514033;99.2744118118956;76.2348478991661;76.2348478991626;83.5542720974783;88.627214198347;92.3249152669061
04;2018;87.9788938875044;91.7033086044457;86.7857301014887;0.170127707845433;0.0463352605386417;0.312362778103044;0.00086865;49.004961483869;36858.4;-0.00469756293911007;0.99530243706089;0.0740015981234651;98.1;44592.2743353169;0.0109454663536448;107.394636047533;82.5599411739527;125.923245039254;65.854023094631;95.9271682288348;102.602127364702;68.5799221705806;68.5799221705777;82.9892985101829;83.7642085011801;94.9115079708374
04;2019;87.8359333271505;93.1592246744165;90.3054050741832;0.171938436554219;0.0486731379641249;0.31459917324869;0.00133619;48.3608135364864;36564.9;-0.00449361482246992;0.99550638517753;0.0737164922419572;96.8;44779.1692172;0.0117090179757395;112.688428449686;87.2458172195016;127.678105560471;72.4986472701646;92.960479151263;101.18787234769;70.7394623919138;70.7394623919109;81.7799633261961;81.1300804152147;96.2485287048062
04;2020;97.2607308444488;98.4334891378052;94.6536812970582;0.173533999331526;0.0600094700486501;0.314967319047796;0.00153856;50.1054847890668;37034.6;-0.00356055260519181;0.996439447394808;0.0766183693378821;97;44571.8916968164;0.0104539503945395;117.353168157344;109.967558907171;127.966983190241;75.3747062050209;100.995740569102;103.451162233518;80.6193544959124;80.6193544959092;94.0888713471277;81.5353308899786;94.7656933288652
04;2021;87.8068789491754;105.773116629878;103.438526819597;0.175409859016898;0.0443203083801177;0.316602965265236;0.00261087;52.1766956478581;39248;-0.00263205790527392;0.997367942094726;0.0739877084086738;94.1;45201.4257491273;0.00923889057723966;122.837375538466;78.5213136780723;129.250446436552;90.6142513769128;110.53491345181;114.116620682086;90.4508826453254;90.4508826453228;82.9303824306415;75.659199005902;99.2692948839142
04;2022;89.2840552697467;108.222537402489;103.558421982658;0.176918082764072;0.0444918045126931;0.317798603662094;0.00283495;56.0102983358773;42468.6;-0.00298744801369992;0.9970125519863;0.0741250929016889;88.9;44012.6064170929;0.00843030609414636;127.246773464723;78.8650483883613;130.188643169979;93.7988503101668;128.190961675684;129.635359039119;86.6877724678283;86.6877724678257;83.5131269894654;65.1226866620404;90.7646420017248
05;2011;86.0560454910599;93.924288632649;110.000187032195;0.164948924270958;0.0449523483421789;0.257490155795241;0.00483529;40.034783988631;29420.3;0.000622039605090453;1.00062203960509;0.0709254454766732;119.8;45851.7312831006;0.0163908377405837;92.2540989776026;79.7881298446384;82.8656490812621;122.227450051979;54.6141007772721;66.7610021788817;124.907461963345;124.907461963342;69.9411649276554;127.733885013064;103.921492812379
05;2012;90.7261227643107;93.9753248939528;101.766777622484;0.166317133217835;0.0477967994893772;0.260394820826115;0.0047039;44.9214943809082;32010.2;-0.00174956688246558;0.998250433117534;0.0717119663112952;118.4;45685.389892172;0.0152397397616006;96.2541538132023;85.4893464046281;85.1448894024395;120.360150632842;77.120343954687;79.240658289818;99.7952928321705;99.795292832168;73.2773546730803;124.897131689717;102.731508975754
05;2013;95.3293770933434;96.5241465622909;103.1365915093;0.168605148135696;0.0553792148437723;0.26358409172503;0.00453243;45.24799574475;31740.2;-0.00136766943429773;0.998632330565702;0.0732544192848071;117.4;45400.0324554719;0.0142015819388019;102.943325929055;100.687003086401;87.64745501696;117.92323890897;78.624079290424;77.9396400458886;103.839080601969;103.839080601966;79.8199859251866;122.870879315897;100.690100427718
05;2014;97.4215361761506;95.5571601117663;97.8444193538295;0.169826062161392;0.0590419161676647;0.266712289706302;0.00375747;45.5918729671424;31335.8;-0.00205873966353008;0.99794126033647;0.074147106011589;117;45161.8929963625;0.0130124623190712;106.512753729892;108.028262387915;90.1020977712037;106.90959740007;80.2078409151294;75.9910038316476;96.5215628902152;96.5215628902121;83.6065001186704;122.060378366369;98.986482911832
05;2015;100.268161199291;93.7203605031676;91.6247491002447;0.170596989296549;0.0605117051113273;0.272731955812489;0.00284278;45.7697556964237;31491.3;-0.00303932230553489;0.996960677694465;0.0758648156825199;117.2;45156.686770635;0.0129047618940902;108.766613289807;110.97420332051;94.8256254631796;93.9101293607174;81.0270979696489;76.7402939684292;86.138492476837;86.1384924768334;90.8925186670932;122.465628841133;98.9492382763812
05;2016;101.066245755144;93.0156989800627;88.6893037094081;0.172481456545882;0.0591894395820026;0.278689845265017;0.00291381;46.6451642978314;32119.7;-0.00440784665757476;0.995592153342425;0.0769105262045274;116.4;45454.5756792179;0.0121824641051237;114.275985487988;108.323947878467;99.5006780854207;94.9195994706291;85.0588815789294;79.7682934665227;71.6476335721745;71.6476335721714;95.3281147335104;120.844626942078;101.080295281162
05;2017;96.159280413962;97.3678395050074;84.9130609981022;0.174305233904585;0.0481183418249189;0.28526516905975;0.00178675;48.6372331103196;33124.4;-0.00445229272811487;0.995547707271885;0.0776630328035401;113.7;45926.0089482557;0.0106095763223039;119.607926533534;86.1338231044419;104.660220737828;78.901953657914;94.2335576945542;84.6095269097667;71.1770085985646;71.1770085985615;98.5200261088746;115.373745532765;104.45286519338
05;2018;92.0775568136991;98.0066528904093;82.5527098081365;0.176536495413272;0.0423484512499708;0.289722462127401;0.00086865;47.1196096076729;33256;-0.00421908919026167;0.995780910809738;0.0778239343771099;110.7;46003.2060296781;0.0113355583164936;126.131176076435;74.5690628069685;108.15778137739;65.854023094631;87.243987848896;85.2436528390301;73.6463249523889;73.6463249523854;99.2025231974915;109.294988411306;105.005122683921
05;2019;90.9108277768509;112.601993303342;98.5003895986683;0.178657305835893;0.0408892789235045;0.293660962410414;0.00133619;48.9406854991906;34667.5;-0.00062015503875969;0.99937984496124;0.0776727441499716;106.8;46798.01144624;0.0110875925188241;132.331514121115;71.6444010704776;111.248254307864;72.4986472701646;95.6311386249675;92.0450871031278;111.754267217977;111.754267217974;98.5612187803879;101.39260415341;110.691053249312
05;2020;100.316650595204;117.459712116752;104.047077440677;0.180194281761316;0.0540811481032027;0.294605955081869;0.00153856;50.5552963381057;35522.7;0.000609695328209548;1.00060969532821;0.0790509247240173;107.4;46026.2157948385;0.0121465061442355;136.824971057442;98.0852499838401;111.989773683456;75.3747062050209;103.067393540942;96.165941926122;124.776752433555;124.776752433552;104.407054893152;102.608355577702;105.169731435072
05;2021;98.1767080333021;122.449696025465;107.798881619262;0.182923748479846;0.0450435630651008;0.296804591893686;0.00261087;53.4689979729282;37967;0.0000704999030626333;1.00007049990306;0.0801031166831718;104.1;46623.1187325063;0.0119768318474987;144.80475848025;79.9709541794313;113.715005894349;90.6142513769128;116.486743630397;107.944011902554;119.067387586523;119.067387586521;108.870143307126;95.9217227440973;109.439894404693
05;2022;93.5352289298307;114.205545515115;101.333949707586;0.184172186602335;0.0406341978447183;0.299067460200428;0.00283495;53.4226403426791;38841.6;-0.00222960179783764;0.997770398202162;0.0786791498406058;100.2;44937.6010945297;0.0112071389476554;148.454654908866;71.1331346098291;115.490639446383;93.7988503101668;116.273238835604;112.158347295668;94.712359366208;94.7123593662053;102.830095327625;88.0193384862011;97.3819289497844
06;2011;99.5390971788899;108.963301609941;111.823669476739;0.165557444643225;0.0525742970103505;0.237869566797646;0.00483529;48.64620969195;35958.7;0.00259267186547183;1.00259267186547;0.076814701563882;111;45551.1688379299;0.060281020722744;94.033150973427;95.0650243025276;67.4697128568676;122.227450051979;94.2749002569039;98.2668454607635;145.773845521371;145.773845521368;94.9216548288164;109.902864123452;101.771309688064
06;2012;95.9630238144725;110.936863705498;113.018119270413;0.167599187184122;0.0585263503845645;0.239373875264025;0.0047039;48.9069797985232;35345.6;0.00299595596044937;1.00299595596045;0.0710875196397541;111.5;45055.4680448319;0.0528811450991015;100.002328519303;106.994898822058;68.6501176455831;120.360150632842;95.4759035824151;95.312570329826;150.044089532815;150.044089532812;70.628635795644;110.915990310362;98.2251331874605
06;2013;102.946231950887;113.287151219682;111.788433519927;0.170273093568124;0.0705984181465453;0.241018753419888;0.00453243;50.2967622112273;34972.6;0.00275580759090683;1.00275580759091;0.0725832076143471;111.1;44737.5790974614;0.0527413123637653;107.81968140658;131.191297029041;69.9408250340141;117.92323890897;101.876688247994;93.515237718768;147.501236616798;147.501236616795;76.9729036949055;110.105489360834;95.9509986073606
06;2014;105.643483025856;115.303669119232;109.767167653754;0.171958414729632;0.0763708191301734;0.242144433284034;0.00375747;50.3086143687266;34596.1;0.00313985400074344;1.00313985400074;0.0727790686289943;111.2;44600.2810351141;0.0475790815943828;112.746836046971;142.761089011996;70.8241265189803;106.90959740007;101.931274568329;91.7010400563998;151.567779042213;151.56777904221;77.8036884368106;110.308114598216;94.9687868194163
06;2015;108.528295464897;115.152346248962;103.994740660389;0.172916404430738;0.078013877525332;0.244270800553842;0.00284278;50.3977340142231;34608.1;0.00257450122726414;1.00257450122726;0.074184003309725;112.3;44903.5919494487;0.0438498304664806;115.547586140814;146.054318969815;72.4926500724587;93.9101293607174;102.341724186256;91.7588630894633;145.581442547991;145.581442547989;83.7630075908903;112.536992209417;97.1386321207882
06;2016;107.959595676698;121.091393816879;107.345620177539;0.17440515047631;0.0739286454200398;0.247546135774624;0.00291381;52.8326217888505;35947.5;0.00318582133601229;1.00318582133601;0.073722151366047;113;45143.5382076263;0.0365480009756468;119.900039640083;137.866168875189;75.0627488691282;94.9195994706291;113.555848201479;98.2128772965709;152.054512192859;152.054512192857;81.8039676639395;113.955368871091;98.855175233095
06;2017;100.466567054314;126.275850761226;104.784771336481;0.176339064380469;0.05607262221168;0.252542613443042;0.00178675;54.3611577769013;37247;0.00360272430507084;1.00360272430507;0.0736173543745938;113;45650.9026356137;0.0344776084423173;125.553972602315;102.076819737894;78.9833983225675;78.901953657914;120.595676611787;104.474629918742;156.46896202896;156.468962028958;81.3594496895295;113.955368871091;102.484791801845
06;2018;96.3320323129239;133.255918634762;104.126354757545;0.179915064378263;0.0445264462154937;0.253763050105058;0.00086865;54.8689387640296;38781.9;0.00455799262757257;1.00455799262757;0.0741472190205759;111.5;46351.4920743298;0.0351041469440521;136.00865945108;78.9344817656465;79.94105382499;65.854023094631;122.934313743883;111.870677706177;166.583987353013;166.583987353009;83.6069794695108;110.915990310362;107.496713991075
06;2019;99.078961516626;132.925340244424;102.589758045849;0.182019804875046;0.0470192662809307;0.253789394312446;0.00133619;55.6577979820008;39863.9;0.00349316754893512;1.00349316754894;0.0735662194105234;113.1;46374.7304930332;0.035581718650472;142.162015940274;83.9309138724668;79.9617256680666;72.4986472701646;126.567485339332;117.084387854072;155.308901199316;155.308901199313;81.1425502314924;114.157994108473;107.662958498779
06;2020;110.384857633394;140.128166181379;107.251765677356;0.183906726951413;0.0622432351793624;0.25298937366597;0.00153856;58.4765656186799;40148.2;0.00460168460673384;1.00460168460673;0.0749914258845402;116.7;46175.5243985064;0.0367576185361646;147.67856499749;114.444759637754;79.3339633285748;75.3747062050209;139.549607216655;118.454311879068;167.046627498472;167.046627498468;87.1878563625287;121.452502654223;106.237865012902
06;2021;105.547463343163;148.016974636695;116.83716633902;0.185655136327961;0.044919408961132;0.25187969924812;0.00261087;59.4076316328916;41910.2;0.00596043816045409;1.00596043816045;0.0773783735687482;115.1;47261.3874771498;0.0402276078766567;152.790162460166;79.7221084805925;78.4632210399942;90.6142513769128;143.837726717904;126.94466056723;181.434026600154;181.434026600151;97.312585468717;118.210498856112;114.005982768561
06;2022;104.800975804374;149.309465828992;119.544566748816;0.187006613838561;0.041624192043494;0.250267050393207;0.00283495;61.2457023681496;44133.8;0.00654625462996859;1.00654625462997;0.0764698110053344;113.5;45381.3384525887;0.0401509300987429;156.741301768105;73.1174089138238;77.1978034255877;93.7988503101668;152.303148980369;137.659268593902;187.637046510694;187.637046510691;93.4587306517686;114.968495058001;100.556366056804
07;2011;83.8629100217001;88.3540631493102;115.419392570741;0.158952962654967;0.0576042592645695;0.272092067406494;0.00483529;41.7067330397135;29281.5;0.00107533048490236;1.0010753304849;0.0702497960035372;104.7;43440.2559093498;0.0106744096993535;74.7244845785314;105.146724643249;94.3235161182135;122.227450051979;62.3144326781313;66.0921824297802;129.707211542031;129.707211542027;67.0752588453817;97.137474168389;86.670123798551
07;2012;87.8655842559583;87.8723256464833;111.676831242614;0.160766194278841;0.0620945762113192;0.27480274745469;0.0047039;43.8963182981117;30547;-9.54640267681131E-06;0.999990453597323;0.0707515880748303;104.1;42626.0093485723;0.0109536587495412;80.0255944285242;114.146798123726;96.4505397846226;120.360150632842;72.398790932934;72.1901031249383;118.219803310379;118.219803310376;69.2037130310717;95.9217227440973;80.8451139140987
07;2013;89.7220299346804;85.8847354088448;106.666844300129;0.163520450801079;0.0702227740502853;0.280212984408204;0.00453243;44.252777547756;29858.5;-0.00159977077911225;0.998400229220888;0.0702556610954657;102.4;42513.3479758169;0.0114034036209798;88.0778565814708;130.438382589161;100.695858979952;117.92323890897;74.0405003675699;68.8725066029183;101.381435011464;101.381435011462;67.1001368380379;92.4770937086041;80.039149674877
07;2014;94.9575848142874;88.167949637322;102.879571007887;0.165353011834858;0.0806713278681464;0.284658712953259;0.00375747;46.570164190191;30513.9;-0.00196210739905915;0.998037892600941;0.0693200175146776;102.8;42085.4590085841;0.0111509225881867;93.4354773172712;151.380724352705;104.184345139008;106.90959740007;84.713460932853;72.0306079254047;97.5447704845844;97.5447704845818;63.1314123209079;93.2875946581319;76.9780898145819
07;2015;98.8261707046035;90.9615009964988;100.519925941266;0.165447788035008;0.0791655676777365;0.289994005514926;0.00284278;48.1326506469432;30755.5;-0.00179834552211965;0.99820165447788;0.073452986571055;102.7;42360.4025013512;0.0116632793097863;93.7125621869294;148.362685199038;108.370856768602;93.9101293607174;91.9096516898613;73.1947783244171;99.278791694478;99.2787916944748;80.6622498742091;93.08496942075;78.9449984147296
07;2016;97.362837641099;97.376467236325;107.351310990809;0.166746574357302;0.0740744292193658;0.294504588299596;0.00291381;48.9848692851159;31679.5;-0.000292462147726946;0.999707537852273;0.0739067814351963;101.7;42638.9209409768;0.0118804028755035;97.5096551095882;138.158367604534;111.910232925768;94.9195994706291;95.8346315579855;77.6471518703089;115.22410057603;115.224100576027;82.5871140426229;91.0587170469304;80.9374817016991
07;2017;93.9532477222342;97.4069938209681;99.1637174884865;0.16850919018688;0.0659270937475967;0.300877682073368;0.00178675;49.9635441261302;32139.8;-0.0015717526724602;0.99842824732754;0.0749738268686988;99.7;43199.1187526898;0.011904368243057;102.662786134275;121.828425022398;116.911089184727;78.901953657914;100.342018367381;79.8651470469041;101.678109622819;101.678109622816;87.1132065203438;87.0062122992914;84.9450611594017
07;2018;91.0275376978534;99.6576536721095;96.5217310484882;0.171244105422529;0.0588589833842831;0.30578030222668;0.00086865;49.7140705891822;32759.5;-0.00145134381901116;0.998548656180989;0.0757583654880018;97.8;43322.2589767737;0.0115688207888444;110.658502679093;107.661604864193;120.758090272313;65.854023094631;99.1930425455776;82.8512248460266;102.953079778521;102.953079778518;90.4409882921599;83.1563327890343;85.8259896852495
07;2019;89.6641296732941;98.4076349592716;94.433868314461;0.172711630274095;0.0565397571674381;0.309381285897778;0.00133619;49.8690187240607;32905.6;-0.00293725613745971;0.99706274386254;0.0766445942783804;95.2;44123.1862818834;0.0125940524128792;114.948914529029;103.013111981177;123.5837197655;72.4986472701646;99.9066719861462;83.555220273575;87.2192379077184;87.2192379077159;94.2001098213211;77.8880766171035;91.5557154141952
07;2020;98.8488139303944;107.017493520305;103.766088034323;0.174388033299153;0.073586657011921;0.310349854935827;0.00153856;51.686221612396;32745.5;-0.000636630040190309;0.99936336995981;0.0767638481504677;96.6;43677.0579589956;0.0136240706436955;119.849996371902;137.180711514597;124.343739107455;75.3747062050209;108.275985250998;82.7837646407858;111.579818790494;111.579818790491;94.7059496257441;80.7248299404508;88.3641736678298
07;2021;92.5647438000486;110.393441515834;107.493985501001;0.176069109416743;0.0595542208615277;0.311128878142002;0.00261087;53.3060415851139;34467.9;-0.00107739708664028;0.99892260291336;0.076515112975524;94.5;44487.2410954873;0.0139458700425471;124.764740328609;109.055089657312;124.955025119362;90.6142513769128;115.736231364055;91.0832973198377;106.912680006729;106.912680006727;93.6508882676144;76.4696999554298;94.1601143639433
07;2022;93.4517824949415;114.550313727446;110.769318499224;0.177956074473911;0.0565399358523038;0.311849722287413;0.00283495;57.0135861375599;37708;-0.000503598529296722;0.999496401470703;0.0763371962619579;91.9;42804.1751133048;0.01225308760381;130.281415043212;103.013470124475;125.520659030344;93.7988503101668;132.811705986067;106.6959981056;112.98844615716;112.988446157158;92.8962179661924;71.201443783499;82.1196877233477
08;2011;87.594004887091;76.5650204754262;105.649089946911;0.159643533321512;0.0619069136918211;0.295251877570398;0.00483529;42.629641313343;31763.2;-0.00340908440915877;0.996590915590841;0.0732152139796109;95.7;42609.7061092805;0.00480815552520167;76.7434163654794;113.770660651685;112.496617868435;122.227450051979;66.5649808730026;78.050467525927;82.2232019203203;82.2232019203173;79.653688566739;78.9012028040132;80.7284827429054
08;2012;90.6187868857097;80.7035698516609;107.665191893652;0.161297903316405;0.065279194800133;0.298396249125904;0.0047039;44.4396805448213;32034.9;-0.00289454678848601;0.997105453211514;0.0752641862738599;93.4;42320.7628661508;0.0041867948443588;81.5800830990572;120.529822227929;114.963951746144;120.360150632842;74.9013011854754;79.3596773662071;87.6714733019701;87.6714733019672;88.3448256044738;74.2408223442283;78.6614218201437
08;2013;93.6010259408414;81.5621585172975;106.445278095352;0.163869461188055;0.0738048129572539;0.302794137946901;0.00453243;45.0368355280245;32115.4;-0.00333594073528735;0.996664059264713;0.0746252139870556;92;42018.7923143103;0.00442358066060463;89.0982129307576;137.617967851172;118.414898902641;117.92323890897;77.6515593730312;79.7475735463416;82.9976964744431;82.9976964744405;85.6344933449707;71.404069020881;76.5011652909608
08;2014;96.8356667359141;80.750802685532;98.2857956047676;0.165319129247924;0.0794121729474634;0.306642838966387;0.00375747;47.1778467283197;32837.7;-0.00489277534874037;0.99510722465126;0.0745875180297541;91.2;41898.6530448258;0.00454393267096621;93.336419197518;148.856963347894;121.434907906959;106.90959740007;87.512204848475;83.2280382781572;66.5128815072739;66.5128815072713;85.4745981957805;69.7830671218253;75.6417051888637
08;2015;99.0821699134931;88.9258645633645;100.058563020613;0.165766279733144;0.083345946512359;0.311646427365553;0.00284278;50.5697648434139;34903.2;-0.00353363061626052;0.996466369383739;0.0725485436251548;91.1;42091.5006433528;0.00522049338437449;94.6436950085177;156.74154066381;125.361137027611;93.9101293607174;103.134029717989;93.1808278442172;80.9044226735117;80.9044226735083;76.8258692615019;69.5804418844434;77.0213108534427
08;2016;97.5820295047612;88.0834417406874;98.8340483459673;0.166967265913217;0.0806230602564853;0.316390466709609;0.00291381;50.8202873417722;34794.8;-0.00432745798442349;0.995672542015577;0.0732602177755035;89.6;42143.3487081691;0.00444301729642601;98.1548623547428;151.28398016809;129.083702501872;94.9195994706291;104.287836638566;92.6584931122101;72.498843065401;72.4988430653983;79.8445814150309;66.5410633237141;77.3922249040426
08;2017;91.7775489451892;88.5079426040677;87.8576583150769;0.16922657403181;0.0679585751462734;0.323075919877172;0.00178675;54.1320525279066;37371.4;-0.00642002240783444;0.993579977592166;0.071894743833666;87.4;42422.5780300939;0.00450491975810167;104.760108129166;125.900182557363;134.329661764949;78.901953657914;119.540509017807;105.074062028168;50.3413595223672;50.3413595223641;74.0526430939148;62.0833081013111;79.3897937469339
08;2018;89.9072177808852;95.3021375347192;88.6805122465095;0.172167107782239;0.0594155668785222;0.328213992065921;0.00086865;55.0422812165277;39846.3;-0.00533539787424305;0.994664602125757;0.0727416413024586;84.5;42828.3776725929;0.00424742929751592;113.356964826014;108.777181427179;138.361417985113;65.854023094631;123.73266009055;116.999580738912;61.8260956597848;61.8260956597814;77.6449327402156;56.2071762172345;82.2928295625317
08;2019;90.7823021178084;96.6718727529411;87.7769861090164;0.174727586710123;0.0581492922118986;0.332666488300822;0.00133619;56.951152526337;41287.3;-0.00654886413387167;0.993451135866128;0.0729581611083164;83.6;43115.033745495;0.00608252420490787;120.842704588432;106.239150107513;141.855214633129;72.4986472701646;132.524161621079;123.943163292624;48.9770964237561;48.9770964237531;78.5633459902999;54.3835490807969;84.3435283785003
08;2020;98.0705467570752;106.195363797119;97.2452222222822;0.177050831634032;0.0696201754170454;0.334017148613124;0.00153856;58.5011148162576;41506.5;-0.00423801685379456;0.995761983146205;0.0743528404450591;83.2;43072.3261423377;0.00424697174910456;127.634874098341;129.230576538339;142.915054377571;75.3747062050209;139.662671050225;124.999397363251;73.4459060842545;73.4459060842516;84.479164995442;53.5730481312691;84.0380039556584
08;2021;94.0052907934456;114.45577626328;109.430301165822;0.179439993556022;0.0562732742222305;0.33668544094776;0.00261087;59.4863914628598;42936.9;-0.00242268775830127;0.997577312241699;0.0763475712025735;80.8;43393.4178076633;0.00507963685247086;134.619756576198;102.478992426454;145.008817139593;90.6142513769128;144.200463148668;131.891902904424;92.6678349809611;92.6678349809584;92.9402254088024;48.7100424341022;86.3350503472958
08;2022;90.9762852664618;108.910998545117;103.506938120169;0.181380417335474;0.0520352628410915;0.33854584670947;0.00283495;61.0178703428185;44126.7;-0.0045395264847512;0.995460473515249;0.0756707683971994;77.6;41647.376742668;0.00547055347239001;140.292721615509;93.9846223644572;146.468645305929;93.7988503101668;151.253845347846;137.625056632673;70.2533187444113;70.2533187444084;90.0694272308377;42.2260348378797;73.8441084727038
09;2011;95.33024206836;82.392260734248;106.776253952724;0.153953533996846;0.058131550551963;0.294490933922899;0.00483529;50.4335410296193;35319.5;-0.0030333441487395;0.996966655851261;0.0775858447063961;97.1;42613.0365781711;0.0190352589923927;60.1083041882499;106.203589980025;111.89951857296;122.227450051979;102.506637048135;95.1868052329129;86.201793233234;86.2017932332315;98.1926169331412;81.7379561273606;80.7523084673755
09;2012;89.4285348560024;88.4595771029982;109.933142418714;0.155929129991311;0.0616448188583733;0.296656718673265;0.0047039;52.66145915986;35121.3;-0.002123078085452;0.997876921914548;0.0709198574514998;96.4;42416.5073902027;0.0241154115244267;65.8840976654739;113.2453363176;113.598972340454;120.360150632842;112.767541254329;94.2317614701469;95.8403042828477;95.8403042828449;69.9174621705762;80.3195794656869;79.3463652093454
09;2013;92.8699849145527;96.3814229069507;115.277355012241;0.158712155581768;0.0654508060369597;0.298891510147295;0.00453243;54.4341431803153;35479;-0.000544415207331458;0.999455584792668;0.0727725013253674;94.7;42230.7040823987;0.0217596609060375;74.0204682074979;120.873787645033;115.35257448834;117.92323890897;120.93181833204;95.955369714049;112.556251639411;112.556251639407;77.7758318689351;76.8749504301937;78.0171534488574
09;2014;105.097601540324;96.6428747093778;106.366525366152;0.159982999908928;0.0725311921313864;0.300393127106038;0.00375747;58.0453168248714;37266.2;-0.00214019003673234;0.997859809963268;0.0790229388421719;94.5;41894.6502565026;0.0218925617563519;77.7358707472586;135.065212409851;116.53086729765;106.90959740007;137.563446907512;104.567146771644;95.6591114007356;95.6591114007321;104.288347024372;76.4696999554298;75.6130697820086
09;2015;108.387252092729;93.9333516937798;99.0482651831704;0.161343448591361;0.0777095802676223;0.303724600663337;0.00284278;57.1589770103302;36577.3;-0.0032328161335824;0.996767183866418;0.080221938940752;95;42011.5285180797;0.0240343737913005;81.7132379053768;145.444407083467;119.145016874287;93.9101293607174;133.481318481114;101.247622815189;84.0896493145066;84.0896493145036;109.374152329923;77.4828261423396;76.4492010741252
09;2016;106.504726852671;96.5043495264989;102.154425197367;0.163486736242012;0.0758355937658039;0.307809602623634;0.00291381;57.0745154524406;36455.6;-0.00275083137940018;0.9972491686206;0.0796137596567101;94.7;41914.1484541019;0.0229313710363132;87.9792897029721;141.688321172873;122.350447132521;94.9195994706291;133.092322160806;100.661200888203;89.1932289889511;89.1932289889486;106.794434919416;76.8749504301937;75.752557253269
09;2017;105.818654526779;103.808036948419;97.3724117620567;0.166095560774651;0.0642128364070381;0.312616948369461;0.00178675;61.7441453137226;38887.9;-0.00294921649405152;0.997050783505948;0.0825556306278596;92.9;42219.1370087662;0.0222962476411126;95.6063712323183;118.392488937609;126.122688043354;78.901953657914;154.598778809561;112.381447831571;87.0925935849024;87.0925935848989;119.272985180617;73.2276961573185;77.9344041668964
09;2018;101.49133103398;100.95159121105;89.0996578151777;0.170228960203796;0.0533256702600267;0.317662866196527;0.00086865;59.837395065883;39219.9;-0.00443474478859238;0.995565255211408;0.084340945801322;90.6;42359.123185172;0.0228325989843142;107.690654420027;96.5710236648322;130.082132332645;65.854023094631;145.817046046291;113.981218412995;71.3628180182573;71.362818018254;126.845766360558;68.5673156975336;78.9358463596295
09;2019;95.4569635883786;106.90280286911;96.9898108010524;0.172107986255156;0.0558247297604045;0.321133088597885;0.00133619;60.3523714270101;38900.7;-0.00308397974279296;0.996916020257207;0.0783098663797525;89.6;42587.9218318024;0.0250310033831842;113.184118894233;101.579961653444;132.805155723142;72.4986472701646;148.188822207297;112.443125733506;85.6656294098511;85.6656294098481;101.263703642851;66.5410633237141;80.5726409650607
09;2020;100.498888226249;112.467069912776;103.426150388482;0.174596796432426;0.0678926261217608;0.320766461026938;0.00153856;59.9472746294495;37378.9;-0.00150487311004483;0.998495126889955;0.0793296711981904;89.1;42605.5242784581;0.0303530606876744;120.460330036692;125.767999000252;132.517469420702;75.3747062050209;146.323107584491;105.110201423832;102.386275539722;102.386275539719;105.589415344108;65.5279371368043;80.698566490202
09;2021;103.869823884079;114.685101935562;101.958073276768;0.177325604447017;0.0524078758514595;0.322829026144465;0.00261087;64.0711910016023;41539.3;-0.00351288984751045;0.99648711015249;0.0864368457172388;86.3;43047.7166585247;0.0257903348607669;128.438191692326;94.7314615103043;134.135928530772;90.6142513769128;165.316225093904;125.157446986958;81.1240399226192;81.1240399226165;135.735956548946;59.8544304901096;83.8619510334019
09;2022;97.0859447875451;107.051548379376;93.9806831005807;0.177666270452243;0.0515264891945147;0.324403883433185;0.00283495;65.9008809578299;43646;-0.0061905179772323;0.993809482022768;0.0797347398316759;82.8;41425.5912193677;0.0300850439599464;129.43415265621;92.9648724763261;135.371691757994;93.7988503101668;173.74304882367;135.308762299869;52.7715072335815;52.771507233579;107.307597192244;52.7625471817413;72.2574848040465
10;2011;85.1062134422514;67.4000558086783;114.312277273386;0.15434149965945;0.0527268099041643;0.319876438738795;0.00483529;38.6613883573794;26989.8;-0.00277944039682703;0.997220559603173;0.0782889247201359;100.6;41274.778319611;0.0100432102764845;61.242549018535;95.3707103526044;131.819084352434;122.227450051979;48.2887871051959;55.0494286904727;88.8902974157455;88.890297415743;101.1748752902;88.8298394357289;71.1785896952392
10;2012;87.7016523972175;71.7450930955286;114.424597396661;0.15737605008553;0.0561661576392207;0.323589093654125;0.0047039;41.3340330793148;28173.2;-0.00284639837111217;0.997153601628888;0.0774803123441316;101.2;40842.6044337017;0.0103244511182627;70.1142700618891;102.264295528774;134.732340336065;120.360150632842;60.5979249934925;60.7517434677544;88.1813012210766;88.1813012210731;97.7449797323207;90.0455908600207;68.0868761056597
10;2013;91.1621342917658;77.8442435467575;117.411127306587;0.16059817040059;0.0623094167281639;0.32769879836812;0.00453243;43.0543231831441;28566;-0.00207465990893775;0.997925340091062;0.0779677521469963;100;40686.3040413081;0.00972420519238106;79.5343648336395;114.577409250093;137.957154417106;117.92323890897;68.5208965437753;62.6444840833673;96.3529885936847;96.3529885936817;99.8125558221653;87.6140880114372;66.9687242159336
10;2014;94.8905744012163;81.9792914920267;115.405753281594;0.162673560029703;0.0673644095105992;0.330839393047791;0.00375747;44.9148808382286;29834.7;-0.00183542796295518;0.998164572037045;0.0777971665696581;99.7;40598.3106743971;0.0100263359531101;85.6019120022456;124.709279010006;140.421524645789;106.90959740007;77.089884609266;68.757824254009;98.8861377989246;98.8861377989211;99.0889820415588;87.0062122992914;66.339231557674
10;2015;98.1930262234978;79.7665284930712;107.555054695194;0.163859879537639;0.0720020335967124;0.335882390323469;0.00284278;45.3445642037607;29441.1;-0.00320573926183264;0.996794260738167;0.0786894550419;100.7;40627.8736364514;0.00952157554975745;89.0702003036173;134.004604494783;144.378677229009;93.9101293607174;79.068835178802;66.8612287695252;84.3763574958558;84.3763574958526;102.873806956572;89.0324646731109;66.5507209940129
10;2016;97.2636110646208;80.0189298567039;106.519538887024;0.165095213000812;0.0664283374400023;0.340423865206307;0.00291381;46.0587190418128;30397.6;-0.0039310079617154;0.996068992038285;0.0795034577064268;100.4;40877.8843196209;0.00864473960349477;92.6817843414357;122.833082403329;147.942293880346;94.9195994706291;82.3579481323605;71.4702063632973;76.6967233100968;76.6967233100936;106.326566530892;88.4245889609651;68.3392636429258
10;2017;89.1407613236542;80.0327684979769;97.9979304378459;0.167718373168518;0.055481119707251;0.348309345780928;0.00178675;47.4663842941384;31079.4;-0.00541700883145323;0.994582991168547;0.0773405300606719;98.1;41106.8508195126;0.00903927676981308;100.350777105541;100.891253982319;154.129893857108;78.901953657914;88.8410940399437;74.7555183585236;60.9619437985158;60.9619437985127;97.1520644525943;83.7642085011801;69.9772590479099
10;2018;87.6276936894309;72.1773633941658;81.3370633431593;0.170134970763662;0.0489543795887861;0.354309245717133;0.00086865;47.266265279866;32249.7;-0.0093497662558436;0.990650233744156;0.0794835437970914;94.3;41676.8425412425;0.0094064281250179;107.415869698466;87.809518026758;158.837911377983;65.854023094631;87.9194255066996;80.3947096580443;19.3192555568641;19.3192555568611;106.242097592255;76.0644494806659;74.0549028146366
10;2019;87.6727581253862;77.5985786951969;88.4904551290593;0.172200961925041;0.0467412183391158;0.361153714430365;0.00133619;48.4905395335571;32910.2;-0.00845779293297795;0.991542207067022;0.0806813496518203;92.5;41755.3254300589;0.0085514546173751;113.455939787354;83.373614257071;164.208647384516;72.4986472701646;93.5579454633899;83.5773857695827;28.7640707324969;28.7640707324934;111.3228372671;72.4171952077907;74.6163587975503
10;2020;97.5290823513591;89.8883729762166;103.191741696232;0.174209883799792;0.0577911410528854;0.363423309369866;0.00153856;50.0186441541253;33034.8;-0.00473240795165107;0.995267592048349;0.0845653045484914;92.6;41308.1856537092;0.00948951858009205;119.329163813392;105.521297272966;165.989559208726;75.3747062050209;100.595787166755;84.1777815962257;68.2109596749479;68.2109596749447;127.797430091072;72.6198204451727;71.4175812497749
10;2021;89.4902254008969;106.693574822854;125.471648118568;0.176751108681125;0.0468683555069558;0.366859546807606;0.00261087;51.2073539690669;34167.4;-0.000113905595042829;0.999886094404957;0.0834865610852209;87.1;42064.8138314426;0.00929005206286349;126.758613020053;83.6284389980034;168.685915187122;90.6142513769128;106.070511473057;89.6353122002052;117.114777791669;117.114777791665;123.221718016214;61.4754323891652;76.8303970066428
10;2022;87.7022391372867;106.703526602263;120.735966666541;0.178549800308162;0.0439628672835011;0.367777939609509;0.00283495;56.0884319913209;37847.9;-0.00182443982798139;0.998175560172019;0.0820495963987216;80.7;40724.7261038813;0.00832439388809213;132.017214169316;77.804884042338;169.406562105967;93.7988503101668;128.550814195803;107.370118299399;99.0024875834887;99.0024875834853;117.12653701069;48.5074171967202;67.2435904604487
11;2011;82.5601517085888;80.8438478423482;110.774950731165;0.155985671001136;0.0518045385683626;0.282421727054665;0.00483529;43.1354730742178;30001.1;-0.00100602827925767;0.998993971720742;0.0697500986393363;107.2;42614.5269482111;0.0197384716438275;66.0493992740303;93.5221749619876;102.429021064188;122.227450051979;68.894640644758;69.5596369791566;107.668381077327;107.668381077324;64.9556897902731;102.203105102938;80.7629703732804
11;2012;85.8305920611436;83.2264682245625;111.770655626799;0.157933765639545;0.0553557059686657;0.283069847430618;0.0047039;43.4562647105254;29968.1;-0.000595604360928354;0.999404395639072;0.0710503280983771;107.5;42336.6081288281;0.020559035760787;71.7447906076119;100.639883561007;102.937589893347;120.360150632842;70.3720792479194;69.4006236382318;112.014226354208;112.014226354205;70.4708802302521;102.810980815084;78.7747766885135
11;2013;91.8655186885125;89.6000266664016;114.11311580771;0.161561722578585;0.0611804780735128;0.285870298017292;0.00453243;45.032947104213;30119.2;0.000090678630989225;1.00009067863099;0.0740561905762154;107;42386.8255084999;0.0195300119750169;82.3513772188725;112.314644512703;105.135054945863;117.92323890897;77.6336508405311;70.1287119962235;119.281053568297;119.281053568295;83.2208636169492;101.797854628174;79.1340250379076
11;2014;94.9790569424894;93.0831693265256;111.423294234902;0.163881933079638;0.0671964035727665;0.287919238125283;0.00375747;46.7240054124127;30842.8;0.000216889800264211;1.00021688980026;0.0730409803985032;107.6;42110.6841395692;0.0184113287898908;89.1346753806994;124.372539799037;106.742822747029;106.90959740007;85.4219923742711;73.6154408899543;120.617462557608;120.617462557604;78.9146410285009;103.013606052466;77.1585469935283
11;2015;100.676771128297;93.8378935769107;105.512004009569;0.165472142916375;0.0691481169961973;0.290567408653485;0.00284278;47.7701602511819;31361.6;-0.000426474595145298;0.999573525404855;0.0762336454067042;109;42161.5671713492;0.0184210985047995;93.7837653910946;128.284416050094;108.820796276189;93.9101293607174;90.2401651965809;76.1153233527342;113.805086391801;113.805086391797;92.4569857345459;105.850359375813;77.5225573281697
11;2016;98.8711988626125;95.9859792582201;104.422487181649;0.167577082056049;0.0629432589047327;0.293558530941598;0.00291381;48.8481140503689;32053.9;-0.00105215275992326;0.998947847240077;0.0772974887788096;107.7;42734.5276339823;0.0173747649954828;99.9377026267133;115.847837647865;111.167878109093;94.9195994706291;95.2047913747275;79.451230501891;107.179983965226;107.179983965223;96.9694960108467;103.216231289848;81.6214390662169
11;2017;92.9866732944343;97.3960549702212;95.9575695849859;0.170278650077513;0.0546726557220654;0.299165242278491;0.00178675;50.8313474351053;33681.4;-0.00235322176730135;0.997646778232699;0.0739030784361201;107.5;43067.8707742726;0.0183519158227839;107.835926251566;99.2708259904247;115.567367348788;78.901953657914;104.338775026589;87.2934793611322;93.4033877482553;93.4033877482522;82.5714070110967;102.810980815084;84.006130854477
11;2018;90.7890470073168;98.7151426123886;93.0788613637962;0.173105337560999;0.0492504412692581;0.303102062983699;0.00086865;48.8771158125745;35220.2;-0.00222830991877451;0.997771690081225;0.0741733859955731;104.3;43723.4735377146;0.0211119939783158;116.099945400727;88.4029231049741;118.656522343661;65.854023094631;95.3383619488715;94.7083196343121;94.7260386530967;94.7260386530933;83.7179720711198;96.3269732188612;88.6962244468622
11;2019;91.6008728719633;104.239603169171;97.1326975760527;0.175021987686895;0.0489953936297956;0.304883876901082;0.00133619;51.507244479877;36065.6;-0.00183933526905298;0.998160664730947;0.0744334811105471;103.6;43760.1431310607;0.0216804459135875;121.703406496157;87.8917236677393;120.054680851498;72.4986472701646;107.451687810734;98.7819523136378;98.8447646064956;98.8447646064924;84.8212189492886;94.9085965571875;88.9585537632993
11;2020;99.6670584982168;110.13643919478;103.127614756398;0.176968159023624;0.0614988016836848;0.305786155922099;0.00153856;52.39598607267;35762.4;-0.000479326526091072;0.999520673473909;0.0763807028552893;103.8;43676.7889881045;0.0224248272362138;127.393174922358;112.952669827195;120.762683565683;75.3747062050209;111.544877871862;97.320957011566;113.24545449849;113.245454498487;93.0807601221547;95.3138470319514;88.3622494864151
11;2021;91.9673503759098;122.586221018857;118.080411764967;0.179724838240801;0.0472292571759884;0.307018356196374;0.00261087;54.1892929962188;37853.5;0.00222657964350568;1.00222657964351;0.0750634308366833;100.5;44351.7478652347;0.0231135571432839;135.452519993908;84.351804760162;121.729569770818;90.6142513769128;119.804135833397;107.397102381495;141.89741414717;141.897414147167;87.4932801636352;88.627214198347;93.1908141009566
11;2022;93.053755822804;120.71007293679;111.210771947113;0.181150555737235;0.0460093100622151;0.307450068432591;0.00283495;59.0213550882283;42213.7;-0.0000524851729386448;0.999947514827061;0.0741474515157763;95.4;42982.5499633219;0.0216720386398381;139.620705108344;81.9066291085408;122.068326882386;93.7988503101668;142.058690689564;128.407101445128;117.765138648785;117.765138648781;83.6079656456797;78.2933270918674;83.395757300473
12;2011;80.2349896966043;61.9376817619593;107.827779134309;0.143672709490788;0.0659329653043309;0.286119964886027;0.00483529;40.6887687044736;27907.5;-0.00211508663606959;0.99788491336393;0.0713805313882941;90.2;40292.0266830425;0.0184934052002471;30.0515925483573;121.840193555149;105.330964211832;122.227450051979;57.6260940953799;59.4714451440061;95.9249231391156;95.9249231391121;71.8715053392561;67.7568147480058;64.1481172649878
12;2012;83.0889910478425;63.9407240105538;108.636357624394;0.145590456411951;0.0697243592769151;0.288525982914051;0.0047039;41.4889320584788;27776.7;-0.00188795015811583;0.998112049841884;0.0717601714661049;91.6;39776.9475065302;0.0183515875784839;35.6582602016865;129.439395293324;107.218924869829;120.360150632842;61.3113280424043;58.8411740836136;98.3299973705123;98.3299973705092;73.4818267430797;70.5935680713531;60.4633104276154
12;2013;84.4188808617112;69.5811630767965;107.705442499561;0.148516959174985;0.0743885708879323;0.292279672642982;0.00453243;45.0505081275892;28679.5;-0.00219972562562089;0.997800274374379;0.069832491508763;91.5;39903.3137738016;0.0176905480121964;44.2140963226155;138.788010931254;110.164380160691;117.92323890897;77.7145299249915;63.1913936044265;95.0287084290208;95.0287084290179;65.3051760771936;70.3909428339712;61.3673176305613
12;2014;88.7492701050444;77.7344180598205;110.492986291431;0.150690365668814;0.077846722243274;0.294240242516105;0.00375747;47.036721982077;29585.1;-0.00051510989010989;0.99948489010989;0.0708711231857484;92.3;39801.7400633469;0.0173911127485265;50.5682026710711;145.719284753075;111.702805369729;106.90959740007;86.8622404343143;67.5551051662875;112.866556104495;112.866556104491;69.7107457677887;72.0119447330268;60.6406730294053
12;2015;93.0361623237873;76.425453559928;104.50208905572;0.153081168426118;0.0814773449613554;0.298427484271872;0.00284278;45.9953379318124;29068.8;-0.00129508284371677;0.998704917156283;0.073115901459026;93.7;39917.6973296938;0.0161859850276068;57.5578822460707;152.996247967503;114.98846142398;93.9101293607174;82.066039965104;65.0672691687292;104.607676382462;104.607676382458;79.2324341025428;74.8486980563742;61.4702156460788
12;2016;94.387269245253;78.2756482077385;102.349488409392;0.155287322716723;0.0798513117620034;0.302674836962034;0.00291381;48.3010640115374;30174.8;-0.00231504961246785;0.997684950387532;0.0737108688338612;94.1;40075.90149434;0.0174995728243542;64.0077290756464;149.737142107179;118.32128548692;94.9195994706291;92.6852966193981;70.3966253827511;93.8075802706277;93.8075802706245;81.7561104851799;75.659199005902;62.6019868652849
12;2017;88.9682327078016;78.9213089391815;96.1961744164654;0.15814612985983;0.0708779687697142;0.30869797706094;0.00178675;48.1797669459751;30573.3;-0.00299205123737541;0.997007948762625;0.073152410610694;92.5;40348.7491894314;0.0191209825874544;72.3656523028955;131.751608512589;123.047539160789;78.901953657914;92.1266506111211;72.3168319390692;86.6390304306927;86.6390304306892;79.3872951717572;72.4171952077907;64.5539024120203
12;2018;85.4587733421197;91.7483834754663;100.892384508657;0.161346628897922;0.0606514504526814;0.31350071571369;0.00086865;51.3169959259398;32994.7;-0.000785171137109;0.999214828862891;0.0735964845837175;89;40926.7097243914;0.0181954656653795;81.7225357547033;111.254298992076;126.816164965511;65.854023094631;106.575478689393;83.9845562940717;110.006965465828;110.006965465825;81.2709261829091;65.3253118994224;68.6885539919437
12;2019;89.0647047547931;87.7742574387195;95.7455044109098;0.16393761590612;0.0618855075547989;0.315866597756362;0.00133619;51.3568279481;33428.7;-0.00304624084151643;0.996953759158484;0.0763984836770133;88;40966.80612758;0.0200805727689377;89.297468030051;113.727755705683;128.672631611231;72.4986472701646;106.758929130492;86.075822656536;86.0652343513342;86.0652343513316;93.1561811313507;63.2990595256028;68.9753982430035
12;2020;96.1164569404896;92.8537472067767;101.11419841369;0.165564979179024;0.0739526834905862;0.316044687135021;0.00153856;51.7484070813378;32441.6;-0.00180998795379639;0.998190012046204;0.0786587402311261;87.6;41059.9741326097;0.0212048024427276;94.0551787173799;137.914349082469;128.812375260946;75.3747062050209;108.562386771399;81.3193963284519;99.155513775102;99.155513775099;102.743523774963;62.488558576075;69.641909563229
12;2021;87.246798081409;103.058625589104;113.308001383563;0.167147432953007;0.0603193268047109;0.318653119468891;0.00261087;54.4601786602151;35017;0.0000122488225819293;1.00001224882258;0.0752440925796582;84.6;41676.2404835868;0.0209528078549723;98.6815933342293;110.588613858535;130.859166917549;90.6142513769128;121.051727390451;93.7291829411031;118.450585856228;118.450585856225;88.2595940713819;56.4098014546164;74.0505957755103
12;2022;89.6065338789305;97.3677762370506;103.541517524255;0.168641565153193;0.0583425618309339;0.319927402485542;0.00283495;58.3433295101327;37992.8;-0.00314999384766827;0.996850006152332;0.0768859479090017;80.7;40064.2605391504;0.0207113776490202;103.049793634351;106.626526053017;131.859074721468;93.7988503101668;138.935974728077;108.068331423641;84.9666275411304;84.9666275411277;95.2238608423438;48.5074171967202;62.5187090446465
13;2011;88.4862937129993;85.3564821283067;105.910525417818;0.159058975849107;0.0616793073261879;0.250744830325813;0.00483529;42.1021362935544;29368.7;-0.0000367817444845774;0.999963218255515;0.0716774615117125;106.6;43112.386045033;0.0265386334985272;75.0344215883887;113.314462561524;77.5727090603061;122.227450051979;64.1355026965523;66.5123631367086;117.931417141168;117.931417141165;73.1309954751181;100.987353678646;84.3245870871213
13;2012;91.6827729059992;87.5936217674513;106.410434403239;0.160972855241399;0.0676217260737085;0.252461288560187;0.0047039;43.2628724433108;30039.7;0.000154002412704466;1.0001540024127;0.070978263096018;106.9;42551.4525855768;0.0276471806100098;80.6297822497604;125.225026117213;78.9195840960918;120.360150632842;69.4813914344077;69.7456344021776;119.951568480785;119.951568480782;70.1652017138143;101.595229390792;80.3117449048554
13;2013;99.0871519308467;85.311453684582;99.4812944607569;0.163533166490174;0.0794618025656716;0.255431257809322;0.00453243;44.5912601733739;29780.5;-0.00179912132526721;0.998200878674733;0.0729470074429998;106.3;42264.7606250622;0.0266997200653885;88.1150317905421;148.956437442034;81.2500675058254;117.92323890897;75.5994166265578;68.4966568880053;99.2705769674749;99.2705769674723;78.5160354268471;100.3794779665;78.2607893537556
13;2014;101.655825459776;90.3218318978124;98.3972346529542;0.165213600697472;0.0831141523741144;0.256764083139795;0.00375747;45.9006808669161;30466.5;-0.00116489490303532;0.998835105096965;0.0735329476807521;104.9;42597.7775171899;0.0253098260300684;93.0278990774784;156.276948898622;82.2959124490493;106.90959740007;81.6300871972905;71.8022069448038;105.986194109744;105.986194109741;81.0014213525242;97.542724643153;80.6431472067397
13;2015;104.344518182328;97.1194231031448;99.7372603443107;0.165817016888161;0.0829523927941897;0.260069629835507;0.00284278;48.3890900484083;31730.4;0.000197479575492053;1.00019747957549;0.0735148296033442;107.4;42533.4588644966;0.024203165636536;94.7920286404038;155.95272944535;84.8897176666288;93.9101293607174;93.090709511247;77.89241790222;120.411934005586;120.411934005582;80.9245698040408;102.608355577702;80.1830202553461
13;2016;103.76040908374;101.68206598775;101.846157175487;0.167591544667957;0.077496257894929;0.26256434595305;0.00291381;49.9328288997517;32743;0.000514767624402176;1.0005147676244;0.0741530228434765;107.9;42895.9354434182;0.0241285320300459;99.979985087173;145.016838817788;86.8472781786184;94.9195994706291;100.200556259207;82.7717181755642;123.771593877213;123.771593877209;83.6315975769951;103.621481764612;82.7761287274099
13;2017;97.8616041216676;104.725732423433;95.5835064327542;0.170557274297883;0.0646287699202642;0.268592550926112;0.00178675;51.4291279009438;33816.4;-0.000193586798110885;0.999806413201889;0.0740244648557673;106.7;43470.9146911681;0.0245079503075541;108.650503705213;119.226156633324;91.5775061714791;78.901953657914;107.091913938225;87.9439884830969;116.27105946887;116.271059468867;83.0862924542209;101.189978916028;86.8894525814277
13;2018;95.1998339184968;107.789730413907;90.3495002353733;0.173135540813003;0.0576545193078238;0.271436569417051;0.00086865;52.8673145727243;35405.7;-0.000654998664388198;0.999345001335612;0.0741031631749936;104.4;43887.5109825738;0.0252486211125707;116.18824672671;105.247462316733;93.8091582035801;65.854023094631;113.715629356425;95.6021673537525;111.385319407909;111.385319407905;83.4201075472581;96.5295984562432;89.8697261645884
13;2019;95.7005095477856;109.371692367133;92.8223623773548;0.174731951131925;0.0578054804359138;0.273028750668748;0.00133619;53.520248861676;35809.8;-0.000699895198938798;0.999300104801061;0.07390160754241;104.7;43765.7403823718;0.0258789458014085;120.855464281732;105.550038117421;95.0585152443808;72.4986472701646;116.722784826339;97.5493579921669;110.909924617519;110.909924617517;82.5651679131653;97.137474168389;88.9985957429446
13;2020;102.282040112118;111.394468673723;94.2098293512323;0.176482024231798;0.0708906634582583;0.273291834331681;0.00153856;53.8394977610134;35079.4;-0.000597908420971546;0.999402091579028;0.0748024782060551;104.6;43825.0657390429;0.0302407945545464;125.971925756259;131.777052847825;95.2649524362867;75.3747062050209;118.193118197018;94.0298627130334;111.989829412389;111.989829412387;86.3863959566049;96.9348489310071;89.4230013292301
13;2021;96.639044633141;118.132086517069;102.257782342682;0.178100578327215;0.0582471221161569;0.274542234022656;0.00261087;56.0831226860154;37388.2;0.000150357741406688;1.00015035774141;0.0740746912568055;102;44378.9096698819;0.0275916143737677;130.703882195245;106.435233443579;96.2461194083695;90.6142513769128;128.526361648647;105.155014274456;119.912976242765;119.912976242761;83.2993380554524;91.6665927590763;93.3851259816213
13;2022;97.3687684373789;121.155036670711;104.324537995878;0.179689249257627;0.0549558246493685;0.273975267676564;0.00283495;59.8071696456827;40650.4;0.000477174539434805;1.00047717453943;0.0740930635210916;98.9;42538.6701167953;0.0274229315231169;135.348473105043;99.8383897466891;95.8012307403031;93.7988503101668;145.677839790433;120.874205812777;123.373532937163;123.37353293716;83.3772677898137;85.3852104002357;80.2203008502087
14;2011;76.1074891190719;74.8119180373515;103.791800996458;0.151018518052459;0.0396232968072844;0.269385063748609;0.00483529;37.8592746014367;28544;-0.00201841235006619;0.997981587649934;0.0679713541779795;113.7;46167.008985123;0.00818217323170766;51.5275791844372;69.1069561181347;92.1993772515819;122.227450051979;44.5945703830989;62.5384751894175;96.9485756858139;96.9485756858111;57.4107796359705;115.373745532765;106.176946896059
14;2012;81.9598929414267;74.9834619819291;101.835597432229;0.152887244651761;0.0434845986810359;0.271709626829661;0.0047039;39.3461886341839;29282.2;-0.00256856200739907;0.997431437992601;0.0697761611452753;115.9;45356.2645530554;0.00854859602654313;56.9909324880506;76.8462763055929;94.0234216240436;120.360150632842;51.4427046326354;66.0955554400423;91.1232200398028;91.1232200397996;65.0662392649039;119.831500755168;100.376990767231
14;2013;87.9608806849938;77.5430491340894;100.501386109081;0.155921360351253;0.0495848232921426;0.275299123376133;0.00453243;40.9953024477977;29691.6;-0.00298243231689224;0.997017567683108;0.0717054232032347;116.7;45098.3724341482;0.00706347409971507;65.8613825777261;89.0731347653535;96.8400373695728;117.92323890897;59.0378665180381;68.0682845847263;86.7408820486994;86.7408820486966;73.2496007356718;121.452502654223;98.5320653918969
14;2014;91.7756193659273;77.8382644818222;95.9659057346369;0.157842435003682;0.055684466460185;0.278104538896904;0.00375747;41.7475663367442;30191.5;-0.00343519536727838;0.996564804632722;0.0710405541882042;118.4;44664.201160971;0.00664971008083566;71.4777790868537;101.298827821788;99.0413983198481;106.90959740007;62.5024945927802;70.4770957704312;81.9467214839928;81.9467214839892;70.4294221817731;124.897131689717;95.4260627636658
14;2015;98.6303222626756;76.9368326160038;89.9289046163769;0.159065921538625;0.0571816528264031;0.282939236260646;0.00284278;41.8426798202833;30080.7;-0.00427621079084567;0.995723789209154;0.076015434471035;120.3;44843.7555082444;0.00727633133555305;75.0547277989343;104.299682209068;102.835101571343;93.9101293607174;62.9405494432101;69.9431964318113;73.04148291707;73.0414829170675;91.5313992098494;128.747011199974;96.7105703048033
14;2016;96.8426377652022;80.8208713793381;93.5450197359969;0.161498077040474;0.0520725230449911;0.28726878700934;0.00291381;41.9477803776904;30080.8;-0.00366786724457196;0.996332132755428;0.0766481770811783;120.5;45053.428841456;0.00713676526187835;82.1653050234912;94.0593040800179;106.232425026585;94.9195994706291;63.4246007810641;69.9436782904202;79.483034710777;79.4830347107746;94.2153070156332;129.152261674738;98.2105450020225
14;2017;92.744877875334;83.1877120953896;86.7828795648265;0.163127674695654;0.0419821763650215;0.292152180915519;0.00178675;44.1404223652288;31720.9;-0.00443290060997121;0.995567099390029;0.0760709036285785;119.7;45431.5982362073;0.00752731821980568;86.929548084145;73.8349273511221;110.064339611175;78.901953657914;73.5230371137217;77.8466413343781;71.3823454253907;71.3823454253872;91.7666830401537;127.531259775682;100.915917758304
14;2018;89.3313451749701;85.1028797179724;83.2921837736912;0.166157187261986;0.0359054323884806;0.295894316474197;0.00086865;43.4371588569841;32190.7;-0.0044669507400317;0.995533049259968;0.0773392681299589;115.2;45767.5251214138;0.00741786624212596;95.78654059112;61.6551318134151;113.000728544835;65.854023094631;70.2840852905547;80.1104130788153;71.0217996816073;71.0217996816046;97.146711714156;118.413124093494;103.31909330861
14;2019;90.0562926113217;89.3488548198056;84.6808636603398;0.168544617948625;0.0367377993550958;0.298110316913983;0.00133619;45.9223905009084;33884.6;-0.00486524815353481;0.995134751846465;0.076183011926115;114.2;46155.5018561384;0.00641540487822379;102.766361680982;63.3234692495244;114.73958569374;72.4986472701646;81.7300731311193;88.2726160543413;66.8043580171148;66.8043580171115;92.2422134217463;116.386871719675;106.09462645001
14;2020;98.2566146607672;96.8893561981926;91.604291508668;0.170835284933646;0.0472547488940932;0.298943533697632;0.00153856;47.2308593317467;34185.9;-0.00323705438459537;0.996762945615405;0.0784131332692285;114.6;46183.2322353631;0.00631772459473066;109.46328730122;84.4028985557242;115.393396466889;75.3747062050209;87.7563598010751;89.7244560428448;84.0447718540947;84.0447718540922;101.701731375298;117.197372669202;106.293005836383
14;2021;90.7407257809936;107.812811151264;104.410205952627;0.172990477779748;0.033546792378052;0.301618673146922;0.00261087;48.6209945439069;36042.7;-0.00124633660474964;0.99875366339525;0.0784642484264745;108.8;47568.7057360922;0.00720525698598476;115.764144772864;56.9276407120985;117.49253204114;90.6142513769128;94.1587693205362;98.6716066922082;105.123834439827;105.123834439825;101.918546818618;105.445108901049;116.204496071832
14;2022;90.3991190145866;104.713873409953;100.658470428399;0.174719825552748;0.0334846467547989;0.301340853575435;0.00283495;51.5734318548699;38416.9;-0.00258945139274744;0.997410548607253;0.0770030092431184;105.6;45216.4714344386;0.00656301766942038;120.820014300404;56.8030804232813;117.274531837119;93.7988503101668;107.756520517664;110.111893783828;90.9020291379111;90.9020291379078;95.7204005464111;98.9611013048266;99.3769296838365
15;2011;106.513471162055;102.841577858052;99.8190189996789;0.165223632083596;0.0302520525922949;0.240672905781708;0.00483529;46.9961119009369;37959;-0.00101624849285181;0.998983751507148;0.0907118239223361;113;48668.7013070633;0.0295251218575667;93.0572265385128;50.3238974747023;69.669444384767;122.227450051979;86.6752065632183;107.905463213845;107.560162562291;107.560162562289;153.869155088582;113.955368871091;124.073715768189
15;2012;105.780411807346;102.894294624233;97.1394948350015;0.166675249031623;0.0311310984854987;0.242102793845872;0.0047039;48.5201802175801;38685.5;-0.00170502983802217;0.998294970161978;0.0881588494911532;114.3;48143.2500159685;0.0292989448739219;97.3011305165168;52.0857948475085;70.7914527733327;120.360150632842;93.6944586571367;111.406166007233;100.26688109883;100.266881098828;143.040189417586;116.589496957057;120.314708224451
15;2013;100.299668075607;102.630618701782;93.6619716960742;0.169822822309577;0.0382783569760155;0.243576596593175;0.00453243;48.3002333390514;38498.2;-0.00256936136273002;0.99743063863727;0.0793959733312145;115.2;48130.4258973321;0.0314905210351556;106.503281795837;66.4112539100752;71.9479202528561;117.92323890897;92.6814708725315;110.503644832833;91.1147559263961;91.1147559263932;105.870649466026;118.413124093494;120.222966212368
15;2014;106.599183839803;106.888414726657;91.7907274593167;0.171920550835441;0.0425661036559774;0.245176219698946;0.00375747;48.8186917982775;38482.3;-0.00217793255215128;0.997822067447849;0.0835673493997115;114.7;48740.6976989815;0.0311718481870774;112.636138296163;75.005309884957;73.2031167876055;106.90959740007;95.0692841915224;110.427029314024;95.2594681902749;95.2594681902719;123.564398253646;117.399997906584;124.588768228672
15;2015;107.340420158423;107.235015967651;87.7827588827836;0.173278912795233;0.0446086356801248;0.247391092970932;0.00284278;49.813572719704;38897.3;-0.00224993498931564;0.997750065010684;0.0806801121131727;119.2;47845.4506113357;0.0330489679109747;116.607404774257;79.0992165114948;74.9410894674667;93.9101293607174;99.6513097573473;112.426742540804;94.4970578201668;94.4970578201643;111.31758799262;126.518133588772;118.184291518835
15;2016;109.203498859592;102.64845486269;81.2017591049127;0.174623293290858;0.0449614947179014;0.250598373781326;0.00291381;49.9563036358974;38584.7;-0.00444748739595652;0.995552512604043;0.0823387863705469;119.8;47892.3022402448;0.0305028477470169;120.537795461061;79.806462192791;77.4577871474708;94.9195994706291;100.308671551052;110.920452529499;71.2278906966382;71.2278906966346;118.353195703014;127.733885013064;118.519461742014
15;2017;103.399059969624;101.561572506983;70.9958523485334;0.1768289915585;0.0351105110284106;0.253659117727149;0.00178675;50.876545883184;39225.9;-0.00605314513933013;0.99394685486067;0.0808871136880035;119.6;48167.3248541279;0.0324249533052268;126.986309075518;60.0618477008072;79.8594998888603;78.901953657914;104.546941089655;114.010129929527;54.226103498826;54.2261034988234;112.195627709863;127.3286345383;120.486936363936
15;2018;103.315190609199;114.609323602615;78.1106567451263;0.180444172015914;0.0298479508266503;0.256321193236962;0.00086865;51.8769970966051;40432.1;-0.00300238942523256;0.996997610574767;0.0832620437446335;116.8;48825.7984824706;0.0333667749961747;137.555542746479;49.5139444964334;81.9483844161609;65.854023094631;109.154621203455;119.82230846963;86.5295627245868;86.5295627245837;122.269381579128;121.655127891605;125.197567735943
15;2019;104.737102184462;113.086478818489;75.5278612962006;0.181960289444814;0.029757337016763;0.256220050817687;0.00133619;52.6088410357293;41195.8;-0.00435417768000773;0.995645822319992;0.0841125715993163;116.1;48884.3974519479;0.0359720731365722;141.988018405002;49.3323245891968;81.8690197122307;72.4986472701646;112.525203116367;123.502262665514;72.2159169062066;72.2159169062042;125.877070253205;120.236751229932;125.616776846385
15;2020;108.626016835631;115.447911555123;79.5315839801703;0.183032261000137;0.0480729853938208;0.257075579014424;0.00153856;52.3055005161424;40232.3;-0.00355485280065523;0.996445147199345;0.0796942779126859;117.2;48778.8631198158;0.0341274633994347;145.122002445437;86.0429138841049;82.5403378646444;75.3747062050209;111.128137411352;118.859554969122;80.6797078708456;80.6797078708422;107.135969648163;122.465628841133;124.861798492861
15;2021;102.739307730697;124.383121293061;85.8298959892217;0.183553831209775;0.0275560806857493;0.256690202850472;0.00261087;56.5797089209145;44224.1;-0.00318107713544004;0.99681892286456;0.0817871803256795;112;50256.791535557;0.0303907844302861;146.646849541293;44.9202821958802;82.237939866127;90.6142513769128;130.813440207437;138.094386917705;84.6374967246254;84.6374967246225;116.013445311932;111.929116497272;135.434698698893
15;2022;100.758731616021;123.29606609305;86.7352009200501;0.18420172070575;0.0264571269771953;0.25556507092098;0.00283495;59.1875042828707;46375.4;-0.00314196106009993;0.9968580389399;0.079427962654858;109;47647.4291267979;0.0375930210772426;148.54099993201;42.7176171622263;81.3550683359902;93.7988503101668;142.823907753432;148.460611170169;85.0516841139932;85.0516841139905;106.006338755877;105.850359375813;116.767672572769
16;2011;88.9310536440183;75.1547645621957;93.5504064446098;0.143595584370072;0.0400385491501665;0.246933590327668;0.00483529;44.0141771652782;33251;-0.00325623503300041;0.996743764967;0.0707947709558412;121.5;47261.902926261;0.00966115058355695;29.8261118476406;69.939258524223;74.5820950703542;122.227450051979;72.9416019677883;85.219559908587;83.8416742114966;83.8416742114933;69.386882094706;131.178514048557;114.009670221861
16;2012;86.2535741135888;74.0481058415485;91.0949187617198;0.145095467133071;0.0406937764174319;0.24830199679347;0.0047039;44.2054258500979;32571.3;-0.00387698586211922;0.996123014137881;0.0686846193747947;121.6;46825.8401466793;0.0102921314427098;34.2111243215476;71.252549684231;75.6558599139646;120.360150632842;73.8224172939257;81.9443669441469;77.2687457383532;77.2687457383497;60.4362405400382;131.381139285939;110.890136012371
16;2013;92.024507885163;75.4564985907164;89.1289139598844;0.148171877047629;0.0447165717780334;0.250913697453296;0.00453243;44.9998352512497;32638.1;-0.00439739650829244;0.995602603491708;0.0718155464487822;122.3;46614.9326423121;0.00932416825240383;43.2052245158936;79.3155559868355;77.7052161693152;117.92323890897;77.4811508241554;82.2662484948672;71.7582868013677;71.7582868013651;73.7167111113364;132.799515947613;109.381332221451
16;2014;97.1751678017435;81.8131206866781;89.2613329341023;0.149886680613668;0.0516039051603905;0.253559390980939;0.00375747;47.2369821288092;34545.2;-0.00351580660158066;0.996484193398419;0.0713950802646196;122;46723.2465638337;0.00845313796711364;48.2185730341117;93.1200395591194;79.7812460390548;106.90959740007;87.7845589674987;91.4557740244886;81.0931553631825;81.0931553631792;71.9332173878991;132.191640235467;110.156195381923
16;2015;103.926042534069;81.5398485931157;84.9938793395804;0.151625333178816;0.0529174875420095;0.25582338625565;0.00284278;46.3937160683565;35158.2;-0.00366496697183915;0.996335033028161;0.0753932595118336;124.2;46623.5797881229;0.00758124854222891;53.3016457742222;95.7528911144618;81.5577639033272;93.9101293607174;83.9008111092657;94.4095672968172;79.5137447546967;79.5137447546936;88.8923162671258;136.64939545787;109.443192734281
16;2016;103.161535037262;78.1810237122063;81.2005666000108;0.15253451547945;0.0510959479623915;0.260173555275472;0.00291381;46.6102491097748;34360.6;-0.00515740217596013;0.99484259782404;0.0755314963081773;126.1;46443.5774811955;0.00813724835840777;55.9597040089642;92.1019261027325;84.9712661586741;94.9195994706291;84.8980761188329;90.566263032528;63.7108341707291;63.7108341707257;89.4786760456607;140.499274968127;108.155480550303
16;2017;101.975758263946;81.0897755047923;71.8764620298107;0.153867403314917;0.0402733352718814;0.264219249781913;0.00178675;50.6685411745802;36677.6;-0.00658621692352428;0.993413783076476;0.0776594874295573;124.5;47027.4006809692;0.00876050601900516;59.8564950975923;70.4098472093179;88.1458525389399;78.901953657914;103.588954186792;101.730926999878;48.5815798925781;48.5815798925756;98.5049876765728;137.257271170016;112.332072842209
16;2018;101.147507495253;84.5655651928224;67.8336283557118;0.156392010169937;0.0346742259304178;0.267413825854435;0.00086865;52.3136103289527;37691.3;-0.00673612227303944;0.993263877726961;0.0798057023946631;121.5;47101.9140630139;0.00883899252418718;67.2373603385784;59.1873887289934;90.6525810312679;65.854023094631;111.165487981487;106.61552771792;46.9942809412366;46.9942809412336;107.60859948554;131.178514048557;112.865131509991
16;2019;96.346727615356;84.101807933643;69.5435168303628;0.158103230728601;0.036004577599108;0.271398808650489;0.00133619;51.4850143866126;37646.5;-0.00717450629419877;0.992825493705801;0.0759427624896573;118.9;47325.5954548431;0.00888573593531995;72.2402336833876;61.8538514564749;93.7795279843316;72.4986472701646;107.349304848638;106.399655061149;42.3523752365923;42.352375236589;91.2231460671739;125.910257876626;114.465317965958
16;2020;102.615096082262;96.7170035038985;81.4451402487531;0.160381243748897;0.0455815732188033;0.270209448726246;0.00153856;52.9097372633127;38099.4;-0.0039859975289757;0.996014002471024;0.0782471283081849;115.9;47811.6353067605;0.00857042921570261;78.9001645500808;81.0493036531962;92.8462578595796;75.3747062050209;113.91101138523;108.581992700688;76.1144566816589;76.1144566816563;100.997587219994;119.831500755168;117.942381398627
16;2021;92.0529633777579;100.314959997587;87.0654770323844;0.162924243539719;0.0360745048958257;0.273724508576898;0.00261087;53.5955470245569;38338;-0.00409335198409777;0.995906648015902;0.0750399718886426;110.6;48501.5228487224;0.0108306357529034;86.3348028291416;61.9940087808272;95.6044644196478;90.6142513769128;117.069578196228;109.731707341435;74.9777153005925;74.9777153005894;87.3937742148455;109.092363173924;122.87774366439
16;2022;92.0205123797652;102.59575893725;90.1031720691554;0.164088194085982;0.0373128825307868;0.272811739547231;0.00283495;56.1196023782676;40369.2;-0.0034658211046383;0.996534178895362;0.0747918596028843;105;46747.336808133;0.0113618362465772;89.737693901887;64.4761252646752;94.8882303774347;93.7988503101668;128.694372592402;119.519219404655;81.6224355198648;81.6224355198614;86.3413549691956;97.7453498805349;110.328533734851
17;2011;97.4234124287;85.0252100921378;93.6575408097167;0.149002619634547;0.0526893003756222;0.217529368072363;0.00483529;46.6417301005584;31249.3;-0.00104685681242071;0.998953143187579;0.0778699420958964;115.7;45609.3815494012;0.0804482615463939;45.6339587450673;95.2955289083765;51.5091113476888;122.227450051979;85.0430650330853;75.5741961349814;107.236061029483;107.23606102948;99.3976743910383;119.426250280404;102.187755560918
17;2012;100.856871888604;85.8858374251511;92.6831105230746;0.150816993464052;0.0589002772826302;0.21882798573975;0.0047039;47.1321766892728;31607.1;-0.00124282036046742;0.998757179639533;0.0782918909623998;114.6;45323.4176074382;0.072963028326557;50.9384079133483;107.744371431415;52.5281141303996;120.360150632842;87.3018668251012;77.2982862374923;105.161066805983;105.16106680598;101.187457216307;117.197372669202;100.142008156175
17;2013;108.249311115254;87.0873817222003;91.958364333392;0.153038279866168;0.0671841172997441;0.220982582168864;0.00453243;47.7302545666781;31787.8;-0.00137768155874828;0.998622318441252;0.0815256132675031;113.8;44902.0486248576;0.0659231546908486;57.4324945324391;124.347914062967;54.2187886160643;117.92323890897;90.0563754960447;78.1690047437072;103.733065475141;103.733065475138;114.903954884195;115.576370770147;97.1275913851792
17;2014;107.757184195086;87.8116069644926;87.7763071145506;0.154757475473398;0.0737707325670198;0.223064797227172;0.00375747;47.771227042999;31461.1;-0.00167671882037324;0.998323281179627;0.0787024518789362;113;45020.6442832807;0.0624290440036393;62.4586834911773;137.549659529068;55.8526666941949;106.90959740007;90.2450784151117;76.5947726685527;100.566657249387;100.566657249384;102.928935711634;113.955368871091;97.9760087022972
17;2015;103.364890127152;87.9322478543876;83.3697541697869;0.156318436108415;0.0729489286776863;0.226682339399201;0.00284278;46.3621910225081;30722.1;-0.00196559477532227;0.998034405224678;0.0759793550804404;112.6;45784.8826777688;0.0521284804190003;67.0222614085218;135.902493977448;58.691289356157;93.9101293607174;83.7556192949191;73.033837549057;97.5078437924864;97.5078437924828;91.3783610605415;113.144867921563;103.443266921627
17;2016;107.49994004965;90.114685761813;82.0757920779278;0.158093153350359;0.0690040131338927;0.231438647695488;0.00291381;49.474959498129;32800.4;-0.00278000729660708;0.997219992703393;0.0786175952763559;114.2;45481.3569064229;0.0509940599031352;72.2107717611711;127.995584467615;62.4234820646519;94.9195994706291;98.0917920253573;83.0483050170514;88.8842946985023;88.884294698499;102.568998994261;116.386871719675;101.271884562224
17;2017;99.4675814516286;96.1211080405299;78.7040676499949;0.160036517617808;0.0576560739676003;0.235718309311993;0.00178675;51.631270758749;33819.4;-0.00253972262149878;0.997460277378501;0.0761074461730004;112.4;46301.7134222526;0.0524312250412823;77.892333523419;105.250578366756;65.7816583822828;78.901953657914;108.0229034893;87.9584442413628;91.4285909097879;91.4285909097844;91.9216857515957;112.739617446799;107.140604239616
17;2018;93.9882795389145;99.3737117318595;76.5140972316034;0.163096459878543;0.0485417106422005;0.238710115707212;0.00086865;50.8623144551249;34444.4;-0.00214964540555754;0.997850354594442;0.0759224952602428;109.5;46787.5438076034;0.0514699312659713;86.8382893766122;86.9823935973633;68.1292770221806;65.854023094631;104.481396796061;90.970060546755;95.5589915779986;95.5589915779958;91.1371784488169;106.863485562723;110.616169176769
17;2019;97.6567879259377;104.601162220557;81.5777730712278;0.164762735266332;0.0502167962599617;0.241905869243999;0.00133619;52.9822639864944;35958.2;-0.00157934258653683;0.998420657413463;0.0770140634018069;109.2;46820.5237768169;0.0493512004419413;91.7097623614821;90.3398166534025;70.6369294503158;72.4986472701646;114.245040606886;98.2644361677192;101.597742493203;101.5977424932;95.7672890320523;106.255609850577;110.85210342066
17;2020;107.222844223082;108.726634087427;84.0276642743625;0.166191431264046;0.0610250585989416;0.241425222917623;0.00153856;54.3124669349145;36433.7;-0.00112123335669236;0.998878766643308;0.0801965499059444;109.6;47008.9309709346;0.0513949457425471;95.8866553333477;112.003132717873;70.2597746060716;75.3747062050209;120.371425972339;100.555673852862;106.448512011995;106.448512011992;109.26645952149;107.066110800105;112.19994303203
17;2021;103.365497055843;117.21842065984;94.3452445085607;0.167852493846291;0.0484933939360399;0.242488624961802;0.00261087;56.343655225622;39159.1;0.000283924803237705;1.00028392480324;0.0803876872911108;107.5;47690.7031523066;0.0530027103410352;100.742888315531;86.8855510112081;71.0942077647848;90.6142513769128;129.726270835261;113.688248378807;121.327274383984;121.327274383982;110.077208018274;102.810980815084;117.077249104584
17;2022;103.716274461631;113.219169177064;90.2916764717515;0.169271839882077;0.0498603985662945;0.243091349512535;0.00283495;58.5905045762512;41666.7;-0.00120995911586559;0.998790040884134;0.0784659018155237;104.9;45639.1677693122;0.0530134519943779;104.892446017807;89.6254783406917;71.5671552764572;93.7988503101668;140.074364708021;125.771334854649;105.50902382863;105.509023828627;101.925560008032;97.542724643153;102.4008421538
18;2011;81.2418895575189;47.41182397364;94.9237567298022;0.147543085761182;0.0599738407878539;0.30358791546984;0.00483529;34.8386389003344;26455.1;-0.00706555190808371;0.992934448091916;0.0780378576705485;87.6;41681.9728715191;0.0123117220311066;41.3669090804655;109.896146138535;119.037762371267;122.227450051979;30.6827245436507;52.4729307088836;43.5060577661608;43.5060577661582;100.109922806582;62.488558576075;74.0916045042856
18;2012;89.2765582625891;50.7441565964264;99.4905364963262;0.148963646929683;0.0646219409827597;0.307199586750178;0.0047039;35.1530839764074;26707.9;-0.00586298185574998;0.99413701814425;0.0823190563985467;89.3;40982.2655763861;0.0127651782246514;45.5200193084741;119.212469194317;121.871778246243;120.360150632842;32.1309334162749;53.6910692720886;56.2396806098944;56.2396806098916;118.269506972383;65.9331876115682;69.0859930510652
18;2013;112.871009769883;46.4703673031608;93.8501526622533;0.152249225078795;0.0811648563465396;0.312612331015082;0.00453243;33.9004365119501;25493.1;-0.00763199708264958;0.99236800291735;0.098275338961264;89;40674.7320519314;0.012874147213385;55.1256375096206;152.369917904724;126.119064885377;117.92323890897;26.3617377432098;47.8374508916239;37.5081541924129;37.5081541924096;185.951358383763;65.3253118994224;66.8859397674031
18;2014;111.730966753328;50.6612474317725;92.3653653268585;0.154665720779306;0.0857867286748381;0.316018339704936;0.00375747;35.3203874711438;26532.4;-0.00726494042223361;0.992735059577766;0.0933101757727808;90.1;40573.0182683821;0.0102494541076869;62.1904322064391;161.633671680987;128.791700889074;106.90959740007;32.9014667269696;52.8454074135345;41.3947976914316;41.3947976914289;164.890598408167;67.5541895106238;66.1582931022524
18;2015;103.527174996572;53.9541389488144;92.87063072932;0.156271573469279;0.0806117572088577;0.322115129308056;0.00284278;34.6959092071072;26235.2;-0.0063459189634114;0.993654081036589;0.0877835687084269;91.3;40799.6960663304;0.0104749652629506;66.8852551956103;151.261325139412;133.57574605279;93.9101293607174;30.0253683824418;51.4133236279944;51.1260167744529;51.1260167744497;141.448358859673;69.9856923592073;67.7799154427558
18;2016;96.1057496673621;59.6924433516082;97.4130758868125;0.157961579081053;0.068673716294801;0.327607181530153;0.00291381;36.2734739291233;27928;-0.0055612742804433;0.994438725719557;0.0850763235363629;90.1;41140.5447263735;0.0101000518604634;71.826105154964;127.333560860496;137.88526427178;94.9195994706291;37.2910036281719;59.570226158823;59.4343639180286;59.4343639180258;129.965022139506;67.5541895106238;70.2183007052712
18;2017;87.0904162983313;63.2024304982735;90.8572139726375;0.160899958084885;0.0638461850484728;0.333847131518814;0.00178675;38.5710324727066;30238.2;-0.00636839329898998;0.99363160670101;0.0769957848587042;88.5;41617.7793161148;0.00943486063955018;80.4166622989805;117.657598904692;142.781644909518;78.901953657914;47.8726438616409;70.7021237407701;50.8880433504799;50.888043350477;95.6897568353501;64.3121857125126;73.6323724819958
18;2018;81.9658220342715;67.906293016052;87.0474322231163;0.164506371388292;0.0515733428231204;0.339551881304663;0.00086865;39.7544359955865;32054.5;-0.00663828855340058;0.993361711446599;0.077571101715113;85;42411.6711823995;0.0128526261865774;90.9602645801898;93.0587825733814;147.258063221417;65.854023094631;53.3229294985872;79.4541216535442;48.0302103533013;48.0302103532987;98.1300815060163;57.2203024041442;79.3117676321323
18;2019;81.8612841891396;72.391779451333;92.5431510728336;0.16576770945703;0.0495394573064476;0.34425912095815;0.00133619;40.8798843730591;32771.3;-0.00605758858186043;0.99394241141814;0.0787180089571742;82.7;42820.1392170741;0.0116899260149723;94.6478749065927;88.9822063944587;150.951752616109;72.4986472701646;58.5062968016826;82.9080841618724;54.1790533322275;54.1790533322242;102.994924255868;52.5599219443593;82.2338927648325
18;2020;85.6136705512223;85.8690219334973;104.904334195972;0.168480687653494;0.0531647689216343;0.342640656396517;0.00153856;43.1448224019381;33797.5;-0.00270707747265015;0.99729292252735;0.0792822027507017;82.9;42829.7163056804;0.0115191008739802;102.579456978478;96.2485244101444;149.681771517407;75.3747062050209;68.9376999272461;87.8529172060219;89.6565248654895;89.6565248654859;105.3880681696;52.9651724191232;82.3024059627794
18;2021;79.9955763113602;83.9340865969824;105.152716438145;0.169742474212336;0.0463686758823942;0.344074100063153;0.00261087;43.4581604825681;35109.9;-0.00418216265525226;0.995817837344748;0.0772811094088327;79.6;43213.7637455178;0.0101928408564063;106.268378497161;82.6269165239591;150.806569925625;90.6142513769128;70.3808104194392;94.1768295887366;74.0373280118972;74.037328011894;96.9000195472262;46.2785395855188;85.0498294594351
18;2022;78.4334371762673;84.7682073395677;98.4015472134993;0.170601664752343;0.0436465733611265;0.345982047900625;0.00283495;51.4528358851343;42125.5;-0.00653705988287177;0.993462940117128;0.0709397732441171;75.8;41667.6800754758;0.00905500614302978;108.780282312804;77.1709268904135;152.303703535059;93.7988503101668;107.201103477732;127.982102152111;49.1020877952724;49.1020877952692;70.00193909754;38.5787805650045;73.9893557724654
19;2011;82.4765377200335;69.0813014336324;98.9652547356497;0.153575519554901;0.0600065455735559;0.275366824851361;0.00483529;40.7013636207437;29718.9;-0.00382916053019146;0.996170839469809;0.0728994475115248;93;42768.2660878801;0.0136004080593752;59.0031524496361;109.961697296276;96.8931615441338;122.227450051979;57.6841012669984;68.1998319849459;77.7751526108366;77.7751526108337;78.3143002042117;73.4303213947005;81.8627994070614
19;2012;85.3372484619723;73.751286218052;97.2086634720943;0.155230688455733;0.0649351359628973;0.276924591455011;0.0047039;44.949143999811;31213.7;-0.00426593161383474;0.995734068386165;0.0717134572154336;92.7;42614.8074660478;0.0117570009851982;63.8421548407678;119.840215045753;98.1155140069078;120.360150632842;77.2476870949255;75.4026544702262;73.1503257765334;73.1503257765308;73.2836786493554;72.8224456825546;80.7649771599837
19;2013;93.7242445314962;79.3919339513425;98.0152632334578;0.158228957778581;0.0772379105164535;0.280186725401887;0.00453243;47.6207840175194;32764.5;-0.00404900445993184;0.995950995540068;0.0726684123607176;91.4;42502.3449839302;0.010334482805247;72.6078055337155;144.499025617219;100.67525399268;117.92323890897;89.5521977154206;82.8753177764697;75.4472967987234;75.4472967987204;77.3343171357069;70.1883175965893;79.9604357575132
19;2014;97.3955544719422;78.9716764039779;93.926801136073;0.160232849880054;0.0789279661949513;0.282682615489579;0.00375747;47.0230195778434;33009.1;-0.0043521799414574;0.995647820058543;0.075149592656639;91.2;42282.0084590554;0.0108011918992847;78.4663246647371;147.886453603474;102.633735698704;106.90959740007;86.7991326139119;84.053943933748;72.2370703094457;72.2370703094424;87.8587532287213;69.7830671218253;78.3841780278201
19;2015;98.2493668182672;82.5993026028632;90.5906366904105;0.161812029326875;0.0788795629720554;0.287529442988422;0.00284278;48.6330538262873;34671.4;-0.00442888896261155;0.995571111037388;0.0740414781212026;91.3;42742.0021614574;0.00913788145325195;83.0831665564348;147.789437609298;106.436957257036;93.9101293607174;94.2143095756382;92.0638795888734;71.4248234534781;71.4248234534755;83.1584577156901;69.9856923592073;81.6749108259042
19;2016;94.9214046269514;89.2421288688122;97.1295599520074;0.163722829856776;0.0725831959912767;0.292064126254807;0.00291381;49.6133989775415;35623.9;-0.00300765231095351;0.996992347689046;0.0726052490785706;91.7;42940.6156121179;0.00889452967561537;88.6695259476235;135.169445265979;109.995244644619;94.9195994706291;98.7293891692225;96.6535828382911;86.4738357407739;86.4738357407703;77.0663970948001;70.7961933087351;83.0957646176324
19;2017;91.2845115170496;90.8476894967266;87.0126308897054;0.166580182231075;0.0613314139368273;0.297813338689789;0.00178675;52.5114155045327;38040.4;-0.00478733198306021;0.99521266801694;0.071938321781124;91.3;43439.0749048303;0.0104580499605815;97.0231960562105;112.617169674463;114.506552026897;78.901953657914;112.076499894611;108.297696121459;67.6293869843057;67.6293869843023;74.2374879130684;69.9856923592073;86.6616750517821
19;2018;85.3534631045956;99.0850958246792;93.2331605925915;0.169407692049159;0.0526265670337549;0.301968384848926;0.00086865;51.0735339093196;38212.6;-0.00210058144094285;0.997899418559057;0.0709316932397528;89.9;43838.3535416762;0.00992408183351957;105.289619358256;95.1697906379656;117.766944754319;65.854023094631;105.454189537661;109.127456645921;96.0785139288248;96.078513928822;69.9676660986357;67.14893903586;89.5180604739779
19;2019;83.6684526539908;94.9532389993817;86.9779232462905;0.171781599787764;0.0506714231687561;0.304079340261118;0.00133619;51.1377971625094;38188.6;-0.00465678111999819;0.995343218880002;0.0705804448259398;89.3;44300.0735110465;0.00920844262029927;112.229905160908;91.2510386526231;119.423374890164;72.4986472701646;105.750160505359;109.011810579794;69.0117475785427;69.0117475785393;68.4777737719779;65.9331876115682;92.8211427527209
19;2020;95.3442436592124;106.948761585152;99.5874946868744;0.174052585401749;0.0680100755667506;0.304650043868338;0.00153856;52.6314106768989;38277.2;-0.00139812639741884;0.998601873602581;0.0727717784752616;90.4;44294.3257146725;0.00933122539995258;118.869290912283;126.003406355164;119.871196122283;75.3747062050209;112.629149900975;109.438737307246;103.51658173332;103.516581733316;77.77276575167;68.1620652227697;92.7800237940353
19;2021;89.7486719881231;114.04782055308;111.328944765773;0.175881333076479;0.0507212709780502;0.306282366539372;0.00261087;53.1895186919555;39167.2;0.000368284474259748;1.00036828447426;0.0751311785717983;89.4;44542.4979467271;0.0098657908204647;124.215763025398;91.3509500735335;121.152051439315;90.6142513769128;115.199573293771;113.727278926125;122.220531481092;122.22053148109;87.7806461038838;66.1358128489502;94.5554144120619
19;2022;93.8785932963889;120.538759543144;109.233220950199;0.177769561136551;0.0473562956853153;0.306703831166984;0.00283495;61.5898812329498;46618.7;-0.000557467504764072;0.999442532495236;0.0735839863922695;86.4;43362.3175064853;0.00922476089676457;129.736130217593;84.6064317569534;121.482767429969;93.7988503101668;153.888299849952;149.632973165532;112.418045110462;112.418045110459;81.2179125355782;60.0570557274916;86.1125629945728
21;2011;109.937527381423;106.643890873814;105.205546371358;0.148726811031953;0.0148832616209353;0.216618466530296;0.00483529;40.5456852350802;42459;0.00229244551033364;1.00229244551033;0.0906452062127894;124.4;56791.9019412261;0.00473468138816333;44.8276129475013;19.5197805963948;50.7943426906373;122.227450051979;56.9671085819501;129.589100612669;142.594846371459;142.594846371457;153.586582383994;137.054645932634;182.185995594349
21;2012;139.56018576753;111.327204409976;106.116242996914;0.150099996491351;0.0191572225535946;0.218378302515701;0.0047039;45.1409608869715;45891.7;0.00259640012631136;1.00259640012631;0.110511109848653;128.9;55441.0465275663;0.00382274879699344;48.8422169665564;28.086205395086;52.1752554960593;120.360150632842;78.1311193349028;146.1298610791;145.81332286184;145.813322861838;237.851894981113;146.172781614822;172.522158476607
21;2013;147.872504439757;110.77103364594;102.07277405784;0.153422172608665;0.0203376822716807;0.221760971185376;0.00453243;44.9316382847983;46934.8;0.00143026582013535;1.00143026582014;0.115842685523304;130.5;55633.1909445863;0.00304734614856216;58.5548318950785;30.45223530556;54.8295769903306;117.92323890897;77.1670627387753;151.156128228147;133.465506274218;133.465506274214;260.466868812387;149.414785412933;173.896733675691
21;2014;142.70185582527;110.797617100276;99.5476299593575;0.153064047586112;0.0225480702725135;0.223509475722783;0.00375747;45.6343277963521;47674.9;0.00162539770369346;1.00162539770369;0.106263033105101;136.4;55053.2025269417;0.00232125029251489;57.5078282692907;34.882580571557;56.2015982048457;106.90959740007;80.4033709616324;154.722363792341;135.531694273157;135.531694273155;219.832804518713;161.369674418468;169.747574897026
21;2015;145.016164007142;111.172228075019;93.2533694819421;0.151433599006314;0.0214953593485837;0.227236655970741;0.00284278;46.6740742863939;47390.7;0.000793568643687679;1.00079356864369;0.108119279012966;138.8;56490.8147110849;0.00262099408173705;52.7410974708251;32.7726013025152;59.1262519653125;93.9101293607174;85.1920294801988;153.352921625953;126.723727119796;126.723727119794;227.706452984466;166.232680115635;180.032058229258
21;2016;142.849663993571;110.504922998678;95.684509939881;0.15232422810981;0.0188950503183405;0.228862873964538;0.00291381;45.1298681769723;46368.8;0.00126651605394674;1.00126651605395;0.105169721824964;145.7;56047.8479451055;0.00332196943399052;55.3449141322332;27.5607259222983;60.4023170478907;94.9195994706291;78.0800307274965;148.428808501984;131.731613301123;131.731613301119;215.195300055013;180.21382149499;176.863133833863
21;2017;137.024587015731;131.767564146568;93.5584481599523;0.176743870595815;0.0194309742615891;0.233069958289532;0.00178675;46.2587539725019;46892.5;0.00186510224151378;1.00186510224151;0.096965391332519;149.6;56344.2742552117;0.00318191990875093;126.7374519699;28.6348939434834;63.7035432224057;78.901953657914;83.279229410085;150.952302036599;138.069847599537;138.069847599533;180.394946329958;188.116205752886;178.983727606752
21;2018;132.317650442614;129.857001703924;88.6739338515037;0.177011648595119;0.0183960522340461;0.23263620799624;0.00086865;45.3629697687476;43395.5;0.00174561079593138;1.00174561079593;0.0961284448367724;151.4;55920.1348515134;0.00433198960598349;127.520319735402;26.5605694793289;63.3631868827644;65.854023094631;79.1536038857971;134.101706484668;136.804591577116;136.804591577111;176.844865780698;191.763460025761;175.949491617386
21;2019;130.307394488023;131.087989560047;85.4620092708228;0.178724401017267;0.0192076027305582;0.236347209208941;0.00133619;46.6386631553482;45157.6;-0.0000669254450542096;0.999933074554946;0.0928029041989493;149.4;57769.9908413206;0.00348279793163039;132.527671590566;28.1871838560741;66.2751452345958;72.4986472701646;85.0289399040778;142.592537031439;117.612235307708;117.612235307705;162.738901786455;187.710955278122;189.183111437839
21;2020;123.544870368691;124.64052897659;88.5016731847269;0.177901689402237;0.0465996216270039;0.235786119685353;0.00153856;42.355667693183;39532.8;0.000564240432805603;1.00056424043281;0.0777701189306829;153.8;56324.3352524047;0.00402994338203584;130.12241647108;83.0898078289916;65.8348680073219;75.3747062050209;65.3031674188511;115.488954000127;124.295445341838;124.295445341836;98.9742539227159;196.626465722928;178.841086674592
21;2021;114.600501892249;133.527332761727;88.0520742976415;0.180002636435539;0.0262654890587925;0.241827049828632;0.00261087;50.4334512620192;44250.6;-0.00145003954653309;0.998549960453467;0.0764984220307182;147.7;58215.6832389343;0.00387267765962087;136.264682503677;42.3335116819842;70.5750812207655;90.6142513769128;102.506223614296;138.222079449054;102.966890295246;102.966890295243;93.5800901953303;184.266326242629;192.371534633691
21;2022;130.051782030963;138.858765648866;98.0630028214684;0.180440725979117;0.0213445765670806;0.243585098323397;0.00283495;53.6526247497922;48912.8;0.000955235679699595;1.0009552356797;0.0888147923777333;146.2;55385.0507649513;0.00444461296501284;137.545468016162;32.4703829671034;71.9545914132533;93.7988503101668;117.332455481977;160.687291511453;128.435566740985;128.435566740982;145.822505963396;181.2269476819;172.121572356344
;;;;average;0,167598391;0,055036455;0,279326181;0,003271286;49,88928274;36318,38114;-0,001730234;0,998269766;0,078011943;106,1127193;45303,56706;0,020151559;;;;;;;;;;;
;;;;stdev;0,010261426;0,014967601;0,038232015;0,002110909;6,513806441;6225,89271;0,002833216;0,002833216;0,007072627;14,80565816;4193,537403;0,01474976;;;;;;;;;;;