Region,Municipality,Year,GDP per capita (euro at current prices),Imports (euro),Exports (euro),"Gross value added (millions of euro), A Agriculture, forestry and fishing (01-03)","Gross value added (millions of euro), B Mining and quarrying (05-09)","Gross value added (millions of euro), F Construction (41-43)","Gross value added (millions of euro), G Wholesale and retail trade; repair of motor vehicles and motorcycles (45-47)","Gross value added (millions of euro), H Transportation and storage (49-53)","Gross value added (millions of euro), I Accommodation and food service activities (55-56)","Gross value added (millions of euro), J Information and communication (58-63)","Gross value added (millions of euro), K Financial and insurance activities (64-66)","Gross value added (millions of euro), M Professional, scientific and technical activities (69-75)","Gross value added (millions of euro), N Administrative and support service activities (77-82)","Gross value added (millions of euro), O Public administration and defence; compulsory social security (84)","Gross value added (millions of euro), P Education (85)","Gross value added (millions of euro), Q Human health and social work activities (86-88)","Gross value added (millions of euro), R, S Other service activities (90-96)","Gross value added (millions of euro),  T Activities of households as employers; undifferentiated goods- and services-producing activities of households for own use(97-98)"
01,TOTAL,2000,36270.1,,,255.5,40.8,2501.6,5985.4,3248.8,609.3,3475.9,2205.2,2677.2,1070.4,2374,1808.3,2503.3,1123.2,12.4
01,TOTAL,2001,38454.8,,,235.4,43.4,2766.6,6491.5,3325.1,736.1,4055.9,2341.5,2818.8,1202.1,2481.2,1906.9,2767.8,1154.7,7.7
01,TOTAL,2002,38552.7,,,246.1,39.1,2449.9,6530.9,3381.9,751.4,4565.4,2108.8,2828.2,1253.7,2506.5,1981.8,2977.4,1256.3,8.9
01,TOTAL,2003,38643.2,,,235.6,34.6,2567,6380.4,3269.9,767.4,4293.5,1982.5,2929.8,1366.6,2635.8,2043.4,3056,1299.9,11.4
01,TOTAL,2004,40312.2,,,233.9,42.8,2754.4,6842.6,3266.5,851.3,4858.8,2246,3105.6,1545.6,2852.3,2125.5,3181.5,1268.6,16.7
01,TOTAL,2005,41705.0,,,221.4,34.3,2926.1,6995.2,3437.1,891.1,4330.3,2525.2,3258.3,1705.4,2870.7,2276.7,3337.5,1474.7,16.9
01,TOTAL,2006,43989.1,,,207.5,46.1,3063.1,7027.3,3363.3,946.9,4375.2,2741,3543.1,1877,3588.1,2320.3,3527.1,1636,17.5
01,TOTAL,2007,47355.2,,,236.6,32.2,3477.2,7910.3,3792.8,1052.1,4948,3256.6,3985,2053.4,3821.1,2426.6,3720.8,1699.9,17.1
01,TOTAL,2008,48910.2,,,253.7,22.8,3590,8583.1,3661.7,1148.5,5092.6,2973,4334.6,2611.3,4180.6,2612,3906.9,1911,23.7
01,TOTAL,2009,46620.1,,,217.1,77.3,3510.4,7800.7,3108.9,1084.9,5069.1,3030.7,4088.6,2323.4,4417.3,2773.7,4285.2,1950.5,25.5
01,TOTAL,2010,47943.9,,,225.1,75.2,3561.6,7841.1,3447.4,1089.9,5200.9,2846.9,4242.7,2523,4781.2,2909.4,4390.3,2040.2,28.6
01,TOTAL,2011,48614.0,,,201.9,65.5,3521.6,8706.4,3544,1136.1,5455.9,2974,4591.6,2542.9,3957.9,3025.6,4479.7,2168.3,31.8
01,TOTAL,2012,48536.8,,,198.0,70.5,3865.8,9294.5,3570.8,1178.1,5703.1,3137.1,4886.2,2668.9,3991.2,3274,4897.1,2207.1,40.2
01,TOTAL,2013,49746.8,,,199.5,48.4,3924.9,9242.9,3709.4,1039.9,6005.4,3056.5,4836.7,2747.2,4251.5,3307.8,5022.9,2286.8,46
01,TOTAL,2014,49522.7,,,210.9,64.4,3713.6,8223.4,3707.7,1094.9,6457.9,3561,4833.4,2742,3923.9,3454.4,5041.3,2285.6,55.8
01,TOTAL,2015,51046.2,33474000000.0,16912000000.0,217.5,7.7,3993.3,8411.8,3745.8,1160.8,6835.1,3535.4,4952,2863.6,4107.7,3666.6,5283.8,2329.5,57.2
01,TOTAL,2016,51914.0,34441000000.0,15850000000.0,219.8,47,4547.2,8250.4,3734.9,1220.7,7101,3910.6,5048.4,3201.1,4159.3,3462.2,5414.6,2406.4,64.6
01,TOTAL,2017,53512.8,36814000000.0,18255000000.0,214.5,70,4877.4,8617.2,3912.4,1334.6,7408.4,4035.8,5282.7,3502.8,3851.6,3459.7,5453.5,2416.2,65.4
01,TOTAL,2018,54982.0,38838000000.0,18717000000.0,234.3,70.7,5306.2,8723.5,3957,1431.5,7605.5,4230.2,5614.7,3817.1,4005.8,3540.7,5623,2574.7,73.5
01,TOTAL,2019,56756.6,38416000000.0,19361000000.0,244.7,50.6,5513.9,8751.4,4194.8,1523.3,8041.6,3797.1,5659.8,4255.7,4185.6,3745,5895.5,2998.3,76.8
01,TOTAL,2020,55424.5,33873000000.0,16571000000.0,231.6,51,5817.5,9233.4,2684.9,856.8,8344.9,3853.5,5935.6,3786.5,4337,3787.1,6128.8,2814.1,77.5
01,TOTAL,2021,57622.9,40962000000.0,19341000000.0,244.2,30,5554.5,9553.2,2884.8,844.9,9226.1,4446.4,6357.2,3861.1,4398,3950.8,6591.8,2918.8,83.7
01,TOTAL,2022,60375.8,52476000000.0,23877000000.0,270.3,25,5605.8,9552.8,3764.5,1289.4,8829,4958,6638.9,4071.4,4603,4117.3,6960.2,3126,92.2
01,TOTAL,2023,,45234000000.0,25849000000.0,284.8,,,,,,,,,,,,,,
01,TOTAL,2024,,42750000000.0,22418000000.0,,,,,,,,,,,,,,,
02,TOTAL,2000,26094.0,,,364.3,25.4,725.8,675.5,570.7,135.7,268.4,297.3,307.1,224.1,447.1,517.3,774.7,200.4,4.9
02,TOTAL,2001,26551.8,,,348.7,28.7,737.1,767.2,690.9,155.8,347.1,326.3,339.5,205.4,477,559.2,848.8,223.5,5.1
02,TOTAL,2002,29570.2,,,358.2,26.9,767.4,808.1,695.8,154.8,401.2,281,354.7,236.1,572.9,589.9,883.8,228.7,5.4
02,TOTAL,2003,29065.6,,,348.1,27.3,694.5,843.4,727.4,170,353.2,246.7,369.7,255.4,559.2,620.3,945.9,243,6.7
02,TOTAL,2004,30627.2,,,342.9,29.3,741.4,914.7,699.5,185.5,393.5,258.3,387.6,248.3,563.1,656.2,1003.9,264.4,8.6
02,TOTAL,2005,31344.2,,,327.6,30.3,843.5,884.5,631.8,184.5,374.2,272.5,425.7,318.1,588.5,690.4,1060.8,260.4,9.2
02,TOTAL,2006,32924.9,,,234.4,31.2,954.1,1026,694.8,195.1,411.7,292.6,462.9,370.5,544.2,708.4,1137,281.1,9.4
02,TOTAL,2007,36024.5,,,321.6,46.1,1033.6,1065,741.3,213.1,441.7,322.8,523.9,415.2,572.3,739,1211.5,282.4,9.8
02,TOTAL,2008,36529.7,,,331.9,37.4,1093.3,1167.4,729.6,224.4,405.9,280.6,437.9,428.5,604.9,793.4,1312.8,329.9,10.1
02,TOTAL,2009,33380.0,,,305.6,30.1,974.8,1107.2,704.3,191.6,371.8,332.8,710.2,363.7,621.4,793.9,1365.1,339.5,10.5
02,TOTAL,2010,31680.0,,,318.1,25,952.2,1108,703,190.7,354.8,322.1,658.9,396.4,576.5,766.5,1411.6,363,11.8
02,TOTAL,2011,33911.0,,,301.1,28.3,962.2,1166.2,724.6,219.3,378.4,343.5,643.6,444.5,757.8,804.9,1462.7,368.4,11.6
02,TOTAL,2012,33863.1,,,290.7,22.8,975.8,1111.3,671.7,239.7,373.8,334.1,600.3,464.6,784.5,880.7,1552.6,368.4,13.6
02,TOTAL,2013,33902.3,,,281.3,24.4,957.4,1119.1,679.1,250.1,399.1,347.2,634.5,450.9,779.1,899.7,1605.7,375.7,17
02,TOTAL,2014,34387.2,,,305.2,31,937.4,1249.8,663.6,243.8,401.6,390.5,606.9,480,785.8,838.5,1619.6,378.6,24.1
02,TOTAL,2015,34417.8,3431000000.0,4647000000.0,292.5,21.8,961,1172,694.4,244.9,388.9,425.5,577.6,483,632.7,850.3,1740.7,368.8,24.7
02,TOTAL,2016,36103.0,3033000000.0,4000000000.0,333.9,16.8,1080.5,1236.2,668.1,250.9,437.3,441.2,623.7,490.3,625.6,838,1769.3,375.2,27.4
02,TOTAL,2017,38440.6,4510000000.0,5763000000.0,342.6,21.6,1180.9,1295.7,713.4,270.9,450.8,577.1,718.1,562.8,625.3,856.9,1788.2,397.2,27.8
02,TOTAL,2018,39544.4,5232000000.0,6370000000.0,350.2,26.6,1251.6,1323.1,705.9,266.6,470.5,464.3,744.4,584.2,650.7,897.9,1858.2,399.2,24.7
02,TOTAL,2019,40404.6,5486000000.0,7450000000.0,397.7,35.5,1317.8,1346.8,741.2,268,495.2,412.1,823,615.3,592.1,966.3,1929.6,369.3,22.3
02,TOTAL,2020,39752.0,4825000000.0,6916000000.0,435.8,30.5,1301.3,1313.6,699.2,227.2,471.7,428.8,784,630.3,603.8,979.2,1941.5,352.2,23.6
02,TOTAL,2021,41181.0,5771000000.0,8039000000.0,422.0,33.8,1259,1405.9,764.2,239.7,553.9,485.7,796.6,595.7,638.2,1028.1,2075.4,373.5,18.8
02,TOTAL,2022,44629.6,5798000000.0,8734000000.0,488.0,33.3,1305,1409,845.1,312.8,664.7,661.2,851.2,661.6,684.5,1078.7,2168.9,400.1,16.9
02,TOTAL,2023,,4900000000.0,6987000000.0,508.6,,,,,,,,,,,,,,
02,TOTAL,2024,,4737000000.0,6718000000.0,,,,,,,,,,,,,,,
03,TOTAL,2015,,1207000000.0,3348000000.0,,,,,,,,,,,,,,,
03,TOTAL,2016,,1247000000.0,3098000000.0,,,,,,,,,,,,,,,
03,TOTAL,2017,,1747000000.0,4149000000.0,,,,,,,,,,,,,,,
03,TOTAL,2018,,1694000000.0,4246000000.0,,,,,,,,,,,,,,,
03,TOTAL,2019,,1735000000.0,3982000000.0,,,,,,,,,,,,,,,
03,TOTAL,2020,,1842000000.0,3957000000.0,,,,,,,,,,,,,,,
03,TOTAL,2021,,2281000000.0,4859000000.0,,,,,,,,,,,,,,,
03,TOTAL,2022,,2963000000.0,6587000000.0,,,,,,,,,,,,,,,
03,TOTAL,2023,,2629000000.0,4152000000.0,,,,,,,,,,,,,,,
03,TOTAL,2024,,3332000000.0,5926000000.0,,,,,,,,,,,,,,,
04,TOTAL,2000,23325.3,,,214.1,15.1,306.9,313.7,298.8,44.2,94.9,99.4,124.3,51.7,272.5,201.5,357.4,104.8,2.3
04,TOTAL,2001,25814.2,,,205.9,17.9,270.3,358,349,53.5,124.1,108.5,149.9,62.2,286.3,215.9,385.4,116.3,2.5
04,TOTAL,2002,26215.8,,,205.1,18.1,269.3,445.4,321.4,55.3,129,91.3,152.9,110.4,286.5,227.8,405.1,107.1,2.8
04,TOTAL,2003,26399.7,,,199.3,18.1,273,443.5,341.9,57.2,152.3,86.8,131.6,79.4,308.8,239.5,428.7,109.9,3.6
04,TOTAL,2004,26385.4,,,205.1,19,314.9,408.9,342.4,64.7,148,84.7,123.9,81.6,313.4,251,453.5,118.9,5.1
04,TOTAL,2005,27884.1,,,193.6,18.4,381.7,427.8,343.3,73.7,152.8,87.7,127,99.6,338,263.5,488.9,121.4,5.1
04,TOTAL,2006,29245.8,,,157.9,21.6,384.7,347.7,342.4,68.8,166.7,94.4,145.1,108.4,320.3,264,505.1,133.2,5.7
04,TOTAL,2007,31059.4,,,204.7,25.1,438.1,395.2,366.3,76,175.5,101.1,179.2,119.3,326.9,276.3,540.2,150.1,6
04,TOTAL,2008,32021.8,,,193.3,28.1,480.9,426.1,395.2,80.7,108.4,109.3,189.2,183.7,349.8,294.7,587.5,148.1,5.7
04,TOTAL,2009,29956.3,,,190.5,31.9,464,392.8,378.8,79.8,101.9,95.8,168.2,177.6,354.2,294.7,593.1,164.6,4.5
04,TOTAL,2010,31847.0,,,191.6,24.3,425,434.1,397.1,82.9,112.6,95.3,192.1,167.2,344.5,391.1,605.4,167,5.1
04,TOTAL,2011,33724.6,,,178.9,19.7,427.6,440.2,414.6,83.2,92.1,99.2,168.4,186.5,413.8,397.5,634.5,178.1,6
04,TOTAL,2012,34671.2,,,170.7,23.4,523.7,430,381.1,87.7,115.9,88.7,197.7,201.9,434.2,282.2,684.7,176.7,8.5
04,TOTAL,2013,34143.3,,,153.3,20.7,467.7,450.9,371.8,70.6,111.7,82.9,177.5,212.7,445.6,322.4,707.4,171.1,10.1
04,TOTAL,2014,35164.0,,,186.7,22.5,427.1,454.5,360.3,77.5,111.2,106.7,175.5,184.6,485.1,357.5,724,179.3,13.5
04,TOTAL,2015,36178.0,722000000.0,1289000000.0,193.8,25.2,432.5,471.1,357.4,85.7,114.8,113.3,182.9,167.5,494.2,353.4,735.2,171.4,13.9
04,TOTAL,2016,34955.6,727000000.0,1367000000.0,215.9,22.2,475.1,447.5,343.6,94,120.3,103.8,184.1,198.4,414.1,347.1,733.9,164.9,15.8
04,TOTAL,2017,36167.8,807000000.0,1459000000.0,226.6,20.2,458.8,461.7,347.7,91.2,106.4,107.2,198.7,206.8,404.7,355.7,753.1,167.2,16
04,TOTAL,2018,36858.4,937000000.0,1396000000.0,239.1,11.9,546,477,339.8,90.2,119.5,91.6,212.8,221.8,398.4,333.8,755,168.8,12.5
04,TOTAL,2019,36564.9,972000000.0,1394000000.0,265.7,21.5,517.8,462.7,332.8,91.4,119.2,91.8,216.4,212.6,411.4,313.8,764.3,150.6,10.6
04,TOTAL,2020,37034.6,1003000000.0,1316000000.0,285.1,25.7,529.5,455.4,325.3,75,125.8,84.6,223.7,207.5,409.7,316.5,763.9,145.9,9.7
04,TOTAL,2021,39248.0,1131000000.0,1829000000.0,272.6,21.7,534.8,477.1,357.4,78.2,123.8,96.7,240,237,461.8,334.6,810.3,150.4,7.1
04,TOTAL,2022,42468.6,1096000000.0,1913000000.0,305.2,16.6,567.9,526.6,348.2,96.4,219.1,110.3,244.6,226.3,484,350.2,839.7,147.6,8.1
04,TOTAL,2023,,1094000000.0,1791000000.0,319.7,,,,,,,,,,,,,,
04,TOTAL,2024,,1175000000.0,1832000000.0,,,,,,,,,,,,,,,
05,TOTAL,2000,20656.4,,,159.0,9.4,201.2,212.1,116.1,37.3,74.5,75.6,84.8,59.2,270.1,161.9,252.9,81.1,1.6
05,TOTAL,2001,22253.3,,,142.6,9.1,209,245,120.7,45,84.7,85.2,91.9,67.4,274.9,168.7,272.4,84.2,1.8
05,TOTAL,2002,22360.0,,,146.5,9.1,217.2,260.9,119.4,46.2,90.5,74,99.1,71.1,278.1,183.1,290.9,85.3,1.9
05,TOTAL,2003,23708.2,,,137.6,5.3,228.8,271,131,50,85.6,71.1,108.7,82,296.8,194.9,312.8,97,2.7
05,TOTAL,2004,25107.3,,,134.1,6.4,237.5,313,140,52.9,86.6,72.8,121.3,88.9,302.9,203.9,333.4,105.2,3.7
05,TOTAL,2005,25497.5,,,127.2,7.1,278.2,318.2,136,49.5,130.8,76.9,122.1,68.4,319,206.7,359.1,100.6,4.1
05,TOTAL,2006,26220.6,,,122.1,6.8,330.7,338.1,135.2,63.2,106.4,83.1,130.5,76.7,312.9,215.5,374.9,103.6,4.3
05,TOTAL,2007,27819.6,,,142.8,11.4,395.3,381.4,149.6,66.1,96.4,84.8,131.4,74.9,340.9,228,401.7,123.1,4.5
05,TOTAL,2008,30068.9,,,128.0,11.5,469.1,438.4,181.1,50,98,99.9,152.3,95.4,328.3,244.2,447.4,120.8,5.2
05,TOTAL,2009,26727.5,,,129.8,10.6,311.6,373.6,160.9,66.5,93.1,84.3,118.2,100.9,351.9,249.9,423.7,131.8,4.6
05,TOTAL,2010,27403.4,,,137.1,8.8,305,384.4,163.2,71.3,96,83.2,129.5,117.4,312.9,318.5,436.6,136.6,5.2
05,TOTAL,2011,29420.3,,,131.9,9.8,317.4,388.5,165.5,90,95,87,190.9,126.2,393.3,326.5,455.2,137.1,5.1
05,TOTAL,2012,32010.2,,,123.7,8.6,324,426.3,184.7,78.2,102.2,82.8,185.2,116.6,431.4,285.8,492.5,147,6.1
05,TOTAL,2013,31740.2,,,130.2,9.5,299.3,424.7,174.7,81.2,116.6,91.2,153,105,419,248.2,506,145.7,6.3
05,TOTAL,2014,31335.8,,,155.7,10.7,304.8,440,161.8,76,122.7,96.4,200.8,120.3,449.5,252.5,512.6,142.1,8.1
05,TOTAL,2015,31491.3,3159000000.0,4161000000.0,142.5,8.8,316.5,444.2,174.4,78.5,96,94.7,237.5,115.9,346.9,277.1,536.1,138.1,8.3
05,TOTAL,2016,32119.7,3318000000.0,4138000000.0,155.3,8.2,323,449.1,172.2,79.3,86.4,93.8,217.4,124.9,340.4,269.7,535.2,149.7,8.8
05,TOTAL,2017,33124.4,3497000000.0,4775000000.0,160.1,26.5,348.3,503.7,165,72.8,83.6,92.7,228.3,129.6,357.5,233.8,535.4,147.7,8.9
05,TOTAL,2018,33256.0,3700000000.0,4715000000.0,175.1,20.8,364.3,485,152.6,71.6,88.5,85.1,225.6,148.3,380.1,230.2,545.7,150.3,8.3
05,TOTAL,2019,34667.5,3724000000.0,5261000000.0,181.4,9.9,391.9,519,156.8,81,88,80.5,227,156.5,392.4,244.1,559.3,162.6,8.7
05,TOTAL,2020,35522.7,3527000000.0,4871000000.0,183.1,6.8,395.4,496.6,155.6,66.1,104.1,83.6,223.4,167.2,421.4,244.8,577.1,166,9.4
05,TOTAL,2021,37967.0,4303000000.0,5927000000.0,189.3,7,370.4,527.7,149.9,69.5,100,88.4,226.8,195,460.8,260.1,617.4,171.6,8.5
05,TOTAL,2022,38841.6,4760000000.0,6985000000.0,204.7,6.9,349.9,531,167.9,84.9,98.4,115.8,242.7,220.8,439.9,273.1,657.3,177.4,8.2
05,TOTAL,2023,,4227000000.0,8825000000.0,219.7,,,,,,,,,,,,,,
05,TOTAL,2024,,4204000000.0,6540000000.0,,,,,,,,,,,,,,,
06,TOTAL,2000,24923.3,,,270.1,19.7,644.5,637.7,475.9,121.2,453.5,196.2,289.3,148.5,449.4,523,735.1,217.1,3.4
06,TOTAL,2001,27338.9,,,258.6,16.7,622,697.4,496.8,144.8,558,215.4,352.2,180.4,476.5,565.6,802.9,247.2,3.7
06,TOTAL,2002,28117.4,,,262.5,17.3,584.6,809.5,521.7,158.3,551.8,193.5,355.9,243.2,495.8,603.5,847.7,259.4,4.2
06,TOTAL,2003,28831.7,,,259.0,16.3,668.6,859,479.5,155.1,581,187.7,346.9,218,531.3,632.7,916.4,272.1,5.1
06,TOTAL,2004,30063.5,,,248.8,12.1,691.6,1044.2,482.4,174.7,574.8,188.3,399.1,257.1,556.6,672,977.1,298.9,7.6
06,TOTAL,2005,31234.4,,,238.0,13.2,817.6,1113.1,502.4,191.9,558.5,207.9,429.6,292.5,614.8,727.5,1057.2,312.7,8.5
06,TOTAL,2006,31899.4,,,237.2,19.3,898.6,1018.8,487.6,197.8,606.3,228,438.2,335,560,728.8,1108.2,315.5,8.2
06,TOTAL,2007,34830.6,,,341.1,27.6,984.2,1020.4,574.7,217.6,652.8,250.6,487.1,452.3,582.4,782.2,1193.9,332.1,8.6
06,TOTAL,2008,36086.9,,,312.9,24.5,1019,1302.6,574,221.9,662.1,282.1,546.9,461.3,624.7,838.9,1311.3,343.6,9.3
06,TOTAL,2009,32215.5,,,366.5,23,914.3,1036.9,557.4,211.3,650.4,258.9,549.3,557.9,571.1,876.2,1331.9,383.7,10.1
06,TOTAL,2010,33356.1,,,384.4,18.7,896.8,1023.8,567.8,218.8,656.9,252,556.9,526.6,571.7,785.9,1425.8,398.2,11.4
06,TOTAL,2011,35958.7,,,399.4,16.5,980.7,1176.2,562.5,222.8,754.3,270.2,627.8,572.6,663.8,821.2,1849.4,402.4,13.5
06,TOTAL,2012,35345.6,,,395.6,14.2,987.9,1280.4,597.6,253,781.9,265.5,622.5,521.2,684.6,962.6,1634.7,415.8,15.6
06,TOTAL,2013,34972.6,,,418.2,12.6,968,1075.8,511.2,240.6,831.8,253.4,689.5,506.6,699.2,989.4,1695.5,422.5,17.8
06,TOTAL,2014,34596.1,,,319.4,19.6,972.8,1239.7,573.5,249.3,800.3,334,637.4,517.1,741.5,1005.9,1715.5,414.4,23.8
06,TOTAL,2015,34608.1,1105000000.0,1697000000.0,304.9,31.2,984.9,1252.5,565.6,259.8,812.3,340.9,678.3,531.7,676.6,888.1,1738.5,436,24.4
06,TOTAL,2016,35947.5,1074000000.0,1670000000.0,324.6,33.1,1071.7,1263.4,586.1,261.9,891.3,361.8,698.8,527.1,677.5,1034.1,1803.1,452.5,21.9
06,TOTAL,2017,37247.0,1137000000.0,1818000000.0,346.4,24.6,1216.8,1314.1,619.4,297.5,1006,383.1,789.6,620.5,686.5,981,1830.4,455.5,22.2
06,TOTAL,2018,38781.9,1231000000.0,1946000000.0,352.0,26,1305.4,1374.9,610.9,291.7,1040.7,426.2,889,693.9,734.8,1018.5,1892.6,466.1,20.9
06,TOTAL,2019,39863.9,1217000000.0,1897000000.0,361.8,35.8,1300.4,1347.9,643.8,337.3,1065.4,427.6,943.9,721.4,727,1031.7,1971.6,477,18.2
06,TOTAL,2020,40148.2,1145000000.0,1648000000.0,359.1,30.3,1300.8,1461.5,648.4,250.7,1114.2,436.1,886.4,669.9,745.2,1056.5,2019.9,442.5,20.2
06,TOTAL,2021,41910.2,1218000000.0,2054000000.0,384.6,33.7,1293.2,1455.9,658.2,250.5,1254.9,500.8,1015,712.8,807.5,1115.7,2167.9,470.9,18.2
06,TOTAL,2022,44133.8,1382000000.0,2378000000.0,437.4,21.4,1392.2,1597.8,743.6,344.6,1356.3,642.5,1163.2,788.6,868.9,1142.6,2251.8,528.1,16.9
06,TOTAL,2023,,1214000000.0,2144000000.0,466.5,,,,,,,,,,,,,,
06,TOTAL,2024,,1121000000.0,2210000000.0,,,,,,,,,,,,,,,
07,TOTAL,2000,20701.5,,,143.0,3.7,325.1,284.9,166.4,51.7,137.3,89.9,98.6,58.2,153.2,180.4,311.3,102.2,2.1
07,TOTAL,2001,22123.4,,,140.4,3.6,297.6,324.4,169.7,61.6,183.4,96.7,120.3,73.4,168.6,189.4,340.3,112,2.2
07,TOTAL,2002,21861.5,,,145.7,3.2,292.7,338.1,162.5,63.9,123.4,80.7,116.9,72.1,173.2,200.5,357.4,107.9,2.3
07,TOTAL,2003,23141.2,,,127.9,3.8,319,351.9,172.5,65,176.8,78,115,83.4,189.2,206.3,379.2,109.1,2.8
07,TOTAL,2004,24072.2,,,129.9,5.2,323.6,361.5,182,77.1,176.5,77.2,130.5,86.3,197.6,216.2,398.1,120.8,3.9
07,TOTAL,2005,25006.1,,,125.6,2.6,367.9,358.9,203.8,79.8,134.7,85.9,125.4,102.6,224.2,225.4,422.9,123.2,4.2
07,TOTAL,2006,25399.4,,,131.7,2.8,397.4,389.8,191,83.3,101.1,95.8,130.2,99.4,212.1,223.8,437.8,128,4.3
07,TOTAL,2007,26594.8,,,209.7,0.7,459.7,277.3,189.8,83.9,158.4,89.2,160.4,94.8,230.7,229.4,450.8,138.2,3.8
07,TOTAL,2008,28140.5,,,190.7,4.2,485.5,455.8,213.8,73.9,164.1,85.2,162.2,138.8,248.6,244.5,500.3,145.2,3.9
07,TOTAL,2009,26033.0,,,172.3,3.7,399.5,470.6,188.3,76,171.7,94.9,150,169.3,243.7,257.1,501.8,155.8,4
07,TOTAL,2010,27711.1,,,185.4,3.2,394.5,476.5,201.1,76.9,180.6,88.3,148.1,166.1,233.4,336,521,154,4.5
07,TOTAL,2011,29281.5,,,180.7,2.4,428.4,514.1,211.9,93.6,169.5,91.8,157.4,194.1,238.8,349,557.1,157.6,5
07,TOTAL,2012,30547.0,,,179.0,2.2,403.7,566.8,219.9,90.8,172.6,88.1,164.9,242.3,267.2,297.8,592.1,164.8,5.5
07,TOTAL,2013,29858.5,,,184.4,2.5,406.2,498.2,212.6,96.8,148.4,82.2,167.5,219,266,284.9,571.5,165.4,7.5
07,TOTAL,2014,30513.9,,,187.3,2,380.1,522.5,207.7,92.4,163.3,100.1,153.6,221,262.7,281.1,602.8,158.7,8.1
07,TOTAL,2015,30755.5,898000000.0,4766000000.0,177.5,1.5,405.1,528.6,228.2,92.8,152.5,109.7,182.1,175.4,209.8,289.8,666.1,154.8,8.3
07,TOTAL,2016,31679.5,867000000.0,4661000000.0,196.6,3.9,442.8,528.9,223.6,97.9,166.2,92.8,170.5,184.9,211.4,277.1,678,162.7,8.1
07,TOTAL,2017,32139.8,2002000000.0,3387000000.0,186.9,4.7,485.2,528.1,208.5,102.6,166.1,93.7,194.9,205.4,203.3,245.8,653,166.2,8.3
07,TOTAL,2018,32759.5,1772000000.0,4020000000.0,204.9,6.1,507.4,539.4,200.6,110.2,168.1,82.9,172.6,221.9,199.2,243.3,661.4,162.9,6.4
07,TOTAL,2019,32905.6,1050000000.0,4676000000.0,188.9,7.6,526.2,535.9,211.5,109.9,182.9,78.9,180.9,222.9,201,253.4,687.4,163.2,5.6
07,TOTAL,2020,32745.5,856000000.0,3003000000.0,192.1,6.9,513.2,521.1,199.6,100.1,175.1,82.5,193.4,201,200.9,267.8,677,151,6.7
07,TOTAL,2021,34467.9,1007000000.0,3181000000.0,213.6,7.9,484.5,545.4,194.2,98.9,187,89.4,219.5,217.2,214.1,278.8,745,152.5,5.5
07,TOTAL,2022,37708.0,1111000000.0,3310000000.0,230.7,5.9,527.2,576.5,228.9,118.1,192,101.6,259.5,225.6,226.1,294,781.5,161.4,6.3
07,TOTAL,2023,,1069000000.0,1986000000.0,244.9,,,,,,,,,,,,,,
07,TOTAL,2024,,1371000000.0,2736000000.0,,,,,,,,,,,,,,,
08,TOTAL,2000,27357.0,,,114.3,7.9,284.9,265.6,465,33.7,68.1,71.6,76.8,56.1,378.1,118,282.1,82.5,1.6
08,TOTAL,2001,28665.5,,,116.9,11.8,286.7,317,508.7,41.9,82.7,75.6,96.3,71.6,398.6,124.7,304.2,93,1.5
08,TOTAL,2002,28068.5,,,118.3,10.3,314.5,275.7,496.9,44.3,72.3,65.2,93.1,67.7,441.9,131,318.2,93.4,1.4
08,TOTAL,2003,27953.3,,,110.4,8.1,236.1,277,500.4,45.7,91.6,60,96.1,75,474.6,135,335.3,97.6,1.8
08,TOTAL,2004,30399.0,,,113.5,7.8,339.5,308.3,582.7,60.6,95.5,58.2,106.3,85.2,490,143.1,356.2,108.4,2.5
08,TOTAL,2005,31270.8,,,112.1,7.1,380.5,473.3,564.9,67.8,119.2,62.4,115.7,88.2,517.1,151.7,369.6,108,2.6
08,TOTAL,2006,31359.5,,,99.0,8.2,373.1,411.5,505.4,69.1,71.7,70.1,118.5,95.4,464.7,166.4,386.5,114.5,2.1
08,TOTAL,2007,31679.1,,,125.4,12.1,377.7,410.5,462.9,72.2,61.5,77.4,144.1,206.5,410.7,167.7,414.5,114.6,2
08,TOTAL,2008,30890.4,,,112.6,13,399.4,373.6,444.3,55.7,68.2,82.1,154.1,126.3,421.3,169.4,446,115.4,2.3
08,TOTAL,2009,28153.3,,,100.2,15.7,364.4,342.9,385.4,61.7,66.8,73.3,133.1,125.5,430.8,191.9,461.3,124.1,2.5
08,TOTAL,2010,29363.5,,,107.4,20.9,342.3,357.9,397.5,66.8,70.3,72.7,138.7,136.5,379.8,271.3,470.3,123.6,2.8
08,TOTAL,2011,31763.2,,,104.5,15,330.4,328.4,523.3,73.6,68.9,65.5,172.1,141.8,402.7,281,488.2,124.8,3.2
08,TOTAL,2012,32034.9,,,98.6,17.5,308.1,360.8,563.8,79.8,132.2,62.2,151.4,127.7,459.1,206.9,539.3,128.9,4.1
08,TOTAL,2013,32115.4,,,95.8,14.9,305.7,363.7,470.3,66.7,161,54.2,147,154.5,464.2,223.4,544.5,128.2,4.8
08,TOTAL,2014,32837.7,,,135.0,13.7,339.5,338.2,443.8,71.6,193.5,60.8,167,148.1,477.7,229.5,549,129.1,3.1
08,TOTAL,2015,34903.2,377000000.0,1277000000.0,131.0,11.7,339.5,357.3,431.9,70.3,243.1,68.4,159.8,140.9,476.1,237.3,574.8,133.4,3.2
08,TOTAL,2016,34794.8,338000000.0,1397000000.0,138.9,12.9,301.4,342.4,432.7,69.4,287.3,58.5,158.5,145.2,463.3,231.5,584.4,136.6,3.7
08,TOTAL,2017,37371.4,393000000.0,2177000000.0,139.2,8.5,363.3,354.7,465.5,83.5,374.3,53.5,165.4,153.8,457.9,209.1,561.2,135.5,3.8
08,TOTAL,2018,39846.3,530000000.0,2490000000.0,142.2,9.6,322.2,348.1,539.5,93.1,462.9,45.7,173.6,170.6,483.1,209.7,592.1,131.7,3.4
08,TOTAL,2019,41287.3,508000000.0,2106000000.0,153.6,10.8,350,400.1,537.2,91.5,556.3,45.5,198,169.8,495.7,210.6,604.4,121.8,2.9
08,TOTAL,2020,41506.5,457000000.0,1944000000.0,142.6,8.8,358.3,375.5,563.7,79.6,490.9,50,190.6,173.1,492.4,208.9,614.2,111.6,3
08,TOTAL,2021,42936.9,523000000.0,2583000000.0,134.9,9.3,346.1,376.2,579.2,70.1,364.2,54,189.4,173.2,501,221.2,646.1,113.4,2.8
08,TOTAL,2022,44126.7,517000000.0,2985000000.0,149.6,9,333.2,390.1,519.3,82.9,405.3,58.4,204,178.3,507.4,247.5,674.7,123.2,2.7
08,TOTAL,2023,,454000000.0,1822000000.0,159.0,,,,,,,,,,,,,,
08,TOTAL,2024,,378000000.0,2271000000.0,,,,,,,,,,,,,,,
09,TOTAL,2000,25954.6,,,129.8,12.1,173.4,204.9,205.7,38.6,68,57.6,52.6,27.2,129.4,138.7,198.1,66.2,1.2
09,TOTAL,2001,26856.8,,,126.5,13,186.5,191.6,218.3,45.9,80.8,60.3,62.8,33.9,142.5,148.1,213.3,71.6,1.3
09,TOTAL,2002,26612.6,,,124.2,12.8,158.9,198.8,219.5,43.9,81.6,52.3,60.4,35.1,150,159.5,222.9,71.8,1.4
09,TOTAL,2003,27694.5,,,121.5,13.1,157.1,342.2,206.4,44.4,97.2,49.1,56.8,39.3,162.7,168.1,234,75.2,1.8
09,TOTAL,2004,27903.7,,,142.8,14.2,182.2,271.8,186.8,51.6,69.7,47.7,62.7,38,185.3,176.9,242.4,82.9,2.6
09,TOTAL,2005,27889.7,,,133.8,11.9,199.7,260.9,201.3,54.6,78.9,48,64.4,43.8,188.7,188.2,264.8,80.2,2.9
09,TOTAL,2006,28703.2,,,131.8,16,223,205.4,182.4,56.3,65,51.3,66.1,55.2,157.7,191.7,272.4,84.9,2.5
09,TOTAL,2007,31543.9,,,160.1,13.7,273.4,272.1,194,56.3,79,57.1,72.6,58.9,140,200.2,291.3,90.4,2.9
09,TOTAL,2008,31602.5,,,148.0,13.6,278.6,321.7,213.5,60.4,112.4,57.1,79.6,74.5,147.1,211.1,323.1,94.2,3.1
09,TOTAL,2009,28988.3,,,123.7,13.5,240.8,391.8,213.2,57.9,94.7,48.8,80.1,82.1,137,208.2,354.4,96.9,3.5
09,TOTAL,2010,31287.8,,,131.1,15.6,230.3,289.2,228.3,76.5,89.1,47,88.8,94.6,128.9,216.6,364,107,3.9
09,TOTAL,2011,35319.5,,,132.4,14.5,280.8,368.6,233.9,71.7,96.8,47.8,98.7,120.7,269.5,226.2,372.1,111.5,5.4
09,TOTAL,2012,35121.3,,,128.6,20.8,252.1,346.8,212,71,93,47.5,104.5,98.8,300.2,235.8,403.7,105.1,5.3
09,TOTAL,2013,35479.0,,,136.0,18.1,264.1,347.8,201.4,76,94.3,41,96.7,94.8,273.1,235,406.2,108.5,6.7
09,TOTAL,2014,37266.2,,,171.7,11.2,262.7,317.3,223.9,72.6,82.6,50.5,136.3,108.3,349.7,238.1,405.1,112.3,4.9
09,TOTAL,2015,36577.3,246000000.0,387000000.0,171.2,14.5,244.2,308.1,215.7,68.3,87.5,56.2,61.1,101.6,324,237.1,416,103.6,5
09,TOTAL,2016,36455.6,260000000.0,422000000.0,169.1,6,254.9,287.2,172.2,79,83.4,51.9,100.5,104,325.1,228.9,424.2,102.1,4.7
09,TOTAL,2017,38887.9,277000000.0,410000000.0,160.9,5.1,262.9,354.6,175.9,81.6,84.9,56.8,104.5,110.3,309.8,238.1,424.6,105.9,4.8
09,TOTAL,2018,39219.9,285000000.0,392000000.0,166.7,6.7,250.3,348.6,183,79.5,98.2,47.3,112.2,116.2,306.3,240.9,436.7,105.2,4.4
09,TOTAL,2019,38900.7,290000000.0,374000000.0,168.1,2.7,256.3,347.1,185.4,65.2,95.2,46.3,108.5,123.3,330.8,243.3,449,89.4,5
09,TOTAL,2020,37378.9,286000000.0,398000000.0,157.1,12.4,261.5,279.2,172.9,62.8,101.2,50.2,111.8,110.4,284.1,242.1,472.8,81.4,3
09,TOTAL,2021,41539.3,311000000.0,478000000.0,156.9,13.6,251.7,278.3,175.8,65.1,114.4,53.5,118.1,120.8,291.4,256.7,509.5,83.1,2.6
09,TOTAL,2022,43646.0,316000000.0,516000000.0,189.8,11.4,265.2,280.9,165.3,84.1,115.4,70,121.5,118.3,352.7,268.5,540.1,89,2.7
09,TOTAL,2023,,325000000.0,497000000.0,202.4,,,,,,,,,,,,,,
09,TOTAL,2024,,310000000.0,605000000.0,,,,,,,,,,,,,,,
10,TOTAL,2000,17678.1,,,311.8,8.6,158.2,157.9,111.5,35.2,61.2,56.2,42.1,30.1,187.5,166.5,275.4,80.1,2.6
10,TOTAL,2001,18777.3,,,270.8,3.8,144,173.3,113.3,42,77.2,60.2,51.4,34.5,200.1,175.5,294.1,89.1,2.8
10,TOTAL,2002,19360.0,,,265.8,4.4,154.5,179.8,116.4,44.4,68.5,53.2,57.2,35.2,205.7,183.4,311.1,87.9,3.1
10,TOTAL,2003,20455.1,,,252.0,4.6,167.2,219.8,125.6,49.5,66.8,51.5,62.1,39.4,214.3,190.6,327.1,92.9,4.3
10,TOTAL,2004,21581.9,,,259.4,4.3,195,257.7,128.3,39.7,65,49.5,70.8,42.7,198.2,196.2,344.1,100.5,6.3
10,TOTAL,2005,22528.8,,,258.9,3.8,209.1,250.7,122.1,45.4,63.3,50.6,81.1,46.5,224.9,203.7,366.2,95.6,7.4
10,TOTAL,2006,23271.5,,,255.8,4,228.5,266.5,114.9,57,69,56.5,81.1,51.6,200.5,198.8,374.6,97.3,7.4
10,TOTAL,2007,25984.0,,,368.6,6.1,246.8,336.3,116.3,57.5,83.1,61.1,90.3,58.4,210.4,214.6,385.1,110.5,7.8
10,TOTAL,2008,25908.8,,,343.4,5.3,275.4,266.7,141.3,58.7,66.8,63.6,94.2,70.5,215.7,214,420.3,102,7.8
10,TOTAL,2009,24348.4,,,317.7,7.7,261,242.2,113.6,64.9,70.2,58.6,87.4,74.1,174.8,202.8,445.4,113,7.8
10,TOTAL,2010,25609.5,,,337.8,4.8,258.8,254.1,139.7,65.2,62.5,54.8,92.8,66.6,167.7,216.2,464.4,113.2,8.7
10,TOTAL,2011,26989.8,,,352.7,3.8,265.4,273.6,133,66,56.7,55.6,107.4,75.1,212.1,236,481,118.7,8
10,TOTAL,2012,28173.2,,,347.8,4,258.5,265.7,162.6,66.3,52.3,52.1,109.7,89.1,233.3,214,514,119.4,9.5
10,TOTAL,2013,28566.0,,,363.0,4.2,238.6,254.5,166.1,66.1,53.1,48.8,114.3,85.3,230.4,208,512,113,10.4
10,TOTAL,2014,29834.7,,,400.9,3.8,236.3,286.9,150.9,57.5,59.3,56,133.1,90.7,223.4,205.8,531.5,110.4,12.4
10,TOTAL,2015,29441.1,511000000.0,1135000000.0,371.8,9,228.1,254.6,150.2,66.1,60.8,62.2,137.9,66.4,201.2,213.5,521.9,136.4,12.7
10,TOTAL,2016,30397.6,515000000.0,1177000000.0,393.9,6.1,240.6,258.3,149.3,71.6,62.2,54.1,126.6,64.9,182.7,236.8,541.7,106.2,12.3
10,TOTAL,2017,31079.4,531000000.0,1591000000.0,407.5,5.8,243.1,260.2,145.8,70.8,58.7,59.6,140.8,61.9,239.6,198.1,501.5,114.9,12.4
10,TOTAL,2018,32249.7,526000000.0,1507000000.0,442.3,6.3,251,262.1,144.8,70.4,60.1,50.1,137.4,69.4,214.9,205.8,565.4,114,11.6
10,TOTAL,2019,32910.2,565000000.0,1578000000.0,444.1,6.4,254.9,271.8,151.5,69.2,62.1,44.8,140.9,72.8,221.4,196.6,577.7,100.9,12.1
10,TOTAL,2020,33034.8,564000000.0,1457000000.0,435.8,4.4,260.2,282.5,138.2,44.1,57.6,42.3,134.5,73.8,217.7,192.9,585.4,85.9,12.6
10,TOTAL,2021,34167.4,641000000.0,1925000000.0,421.6,5.3,238,271.6,142.9,70.4,57.1,45,140.8,83.6,232.3,202.8,608.7,88.8,9.8
10,TOTAL,2022,37847.9,655000000.0,2157000000.0,476.7,3.4,243.5,282.5,136.4,84.3,51,53.7,142.2,89.6,238.1,211,622.4,100.4,9.2
10,TOTAL,2023,,613000000.0,1898000000.0,508.1,,,,,,,,,,,,,,
10,TOTAL,2024,,525000000.0,1755000000.0,,,,,,,,,,,,,,,
11,TOTAL,2000,19493.5,,,350.3,17.1,276.1,333.7,197.2,48.4,152.4,117.6,95.7,72.9,275.4,297.8,495.7,116.8,4.2
11,TOTAL,2001,20881.4,,,341.1,34.9,270.3,350.7,215.3,61.2,175.9,124.3,123.5,69.1,293.3,320.1,523.7,132.5,4.6
11,TOTAL,2002,21324.0,,,349.7,37.8,290.9,378.4,232.9,62.6,163.9,111.9,130,73.2,314,339,525.1,133.2,5.4
11,TOTAL,2003,22128.3,,,326.7,50.6,319.5,384.6,229.5,65.6,168,107,143.4,70.5,331.7,352.8,550.5,139.9,7.4
11,TOTAL,2004,22665.7,,,331.1,43.7,355.1,418.6,237.5,76.5,160.7,106.5,161,87.6,338.9,370.9,592.9,151.6,10.5
11,TOTAL,2005,24076.4,,,306.8,41.5,393.2,407,251.2,79.9,152.7,110.7,188.4,107.6,352.2,388.5,638.2,155.2,12.5
11,TOTAL,2006,24992.9,,,288.6,63.7,404.8,466.5,239.2,83.1,150.7,121.9,158.9,118,337.4,391.8,660.8,158,12.7
11,TOTAL,2007,27091.2,,,401.1,62.5,455.2,476.2,250,88.9,184.2,132.9,175.8,136.1,384.5,409,702.4,166.9,13.4
11,TOTAL,2008,28875.0,,,369.1,198,516.2,479.3,272.4,91.4,154.3,126,186.5,155,399.6,428.3,766.7,173.4,14.9
11,TOTAL,2009,26360.8,,,347.7,97.2,470,445.9,267,91.7,144.6,126,185.2,178.8,405.5,450.7,785.5,181.5,16.3
11,TOTAL,2010,27660.3,,,373.2,89.6,449.2,481.9,274.3,98.2,159.6,121.7,201.1,171.7,414.9,422.9,764.8,187.1,18.3
11,TOTAL,2011,30001.1,,,364.5,36.6,479.3,527,281,101,162.1,131.3,235.4,190.2,486.7,434.5,799.8,188.3,18.4
11,TOTAL,2012,29968.1,,,357.4,23.1,471.9,485.9,287.7,104.2,158.2,125.7,233.2,199,423.3,515.8,841.6,188.9,22.5
11,TOTAL,2013,30119.2,,,373.1,30.2,486.6,498,305.8,84.3,165.8,130,311.2,201.9,434.6,494.3,878.8,183.8,25.2
11,TOTAL,2014,30842.8,,,398.8,40.6,501.7,519.2,300.6,108.4,165.5,178.8,298.8,213.4,446.6,487.6,890.4,178.9,28.4
11,TOTAL,2015,31361.6,274000000.0,766000000.0,370.0,52.3,499.8,541.8,288.5,94,166.3,177,339.5,210.2,349.6,459.2,992.8,188.5,29.2
11,TOTAL,2016,32053.9,299000000.0,755000000.0,391.0,35.6,512.1,554,285.7,106.9,160.9,180.6,356.2,206.4,338,489.3,1011.3,187.6,24.1
11,TOTAL,2017,33681.4,326000000.0,899000000.0,427.7,46,561.8,548.4,299.5,115.6,172.6,190.2,342.1,207.5,387,476.3,1010.7,194.8,24.4
11,TOTAL,2018,35220.2,368000000.0,972000000.0,469.6,49.1,603.1,549.2,289.9,114.5,167.9,208.3,363.1,230.9,394.1,467.4,1041.9,199.3,24.2
11,TOTAL,2019,36065.6,389000000.0,921000000.0,464.4,34.5,602,570.6,302.7,128.9,178.9,207.6,400.6,246.2,363,477.6,1052.4,182.7,24.5
11,TOTAL,2020,35762.4,381000000.0,810000000.0,476.9,45,627.6,571.6,294.7,81.1,174.7,195.7,393.6,259.7,366.7,484,1070.6,175.7,25
11,TOTAL,2021,37853.5,445000000.0,1029000000.0,500.7,19.3,633.7,563,291.8,96,176.5,222.4,417,274.7,393.7,509.8,1134.9,187.2,25.7
11,TOTAL,2022,42213.7,443000000.0,1207000000.0,557.3,30.3,675.1,611.4,336.6,115.7,178.2,237.1,442.3,311.9,412.3,529.9,1173.7,199.5,21.6
11,TOTAL,2023,,429000000.0,993000000.0,594.4,,,,,,,,,,,,,,
11,TOTAL,2024,,404000000.0,975000000.0,,,,,,,,,,,,,,,
12,TOTAL,2000,18953.8,,,211.9,21,139.3,203.1,134.1,32.4,90.1,59.6,43.4,30.8,213.2,214.7,278.5,73.1,2.3
12,TOTAL,2001,19629.0,,,252.1,24.5,122.6,212.2,144.5,37.9,120.5,64.7,55.5,31.6,219.3,215.1,295,81.1,2.5
12,TOTAL,2002,19770.6,,,263.4,20.9,133.5,211.6,137.6,38.4,98.9,55.9,56.1,31.4,219,236.1,306.2,83.9,2.5
12,TOTAL,2003,21001.9,,,254.7,23.5,147.8,215.9,139.7,39.4,55.4,53.8,65,34.4,233.8,249,318.9,83.7,4
12,TOTAL,2004,22359.0,,,240.8,26.3,188.9,221.5,140.1,43.5,54.7,52.3,67.2,40.6,232.3,257.2,335.1,94.3,5.5
12,TOTAL,2005,23104.1,,,247.8,26.3,221.5,270.5,142.7,44.2,88,55.4,71.4,47.2,244.7,257.7,357.3,95.7,6.6
12,TOTAL,2006,24552.4,,,218.4,26.7,275.7,281.5,136.5,48.9,140.4,56.6,79.7,59.2,217.2,274.5,365,97.8,7
12,TOTAL,2007,25472.6,,,292.5,44.4,313.7,274.3,144.5,51.6,126.5,67.3,90.6,56.9,229.1,285.8,392.6,107.7,7.3
12,TOTAL,2008,25804.0,,,273.9,38.1,340.4,287.3,168.4,47.7,119.7,69.8,107.6,64.8,227.6,293.1,426.6,109.1,8.5
12,TOTAL,2009,23862.2,,,281.7,16.2,302.9,273.2,145.4,50.9,104.8,58.2,91.7,72.3,215.7,295.2,435.5,117,10.2
12,TOTAL,2010,24923.5,,,300.8,12.3,293.6,275.1,161.1,55.8,103.7,58.3,86.9,80.6,204.1,262,462.1,121.3,11.5
12,TOTAL,2011,27907.5,,,314.3,20.8,321.5,307.1,162.2,54.1,110.4,60.9,100.3,88.4,283.5,275.8,482.6,123,12.6
12,TOTAL,2012,27776.7,,,312.4,42.8,295.2,307.1,181.5,58.1,117.6,59.3,104.3,85.6,277.5,319.1,521.5,125.3,13.2
12,TOTAL,2013,28679.5,,,330.3,67.3,284,280.1,173.6,66.7,118.5,53.4,131.3,80.4,240,306.1,538.5,118,13.7
12,TOTAL,2014,29585.1,,,321.3,27.6,316.3,333.6,169.9,59.1,118.7,78.1,121.3,88.6,254.5,317.2,548.1,107.5,16.5
12,TOTAL,2015,29068.8,754000000.0,2135000000.0,287.7,35.4,297.5,277.3,168.7,68.2,127,77.8,106.3,77.9,240.8,315.9,564.3,119.7,17
12,TOTAL,2016,30174.8,775000000.0,2159000000.0,308.4,42.2,294.1,307.9,168.1,58.6,129.3,76.6,118.2,82.2,239.6,308.3,577,120,16.2
12,TOTAL,2017,30573.3,870000000.0,2394000000.0,308.2,35.8,314.2,297,165.3,80.8,125.3,84.9,127,90.6,292.2,316.7,536.9,124.2,16.4
12,TOTAL,2018,32994.7,923000000.0,2923000000.0,334.1,30.8,323.8,314.2,156.6,82.4,132.9,84.7,136.4,104.9,299.6,333.7,556.7,120.2,14.7
12,TOTAL,2019,33428.7,1019000000.0,2687000000.0,296.2,15.2,326.4,294.4,171.1,86.9,132.4,90.9,144.8,87.5,257.8,342.3,617.1,110,13.3
12,TOTAL,2020,32441.6,1009000000.0,2475000000.0,300.3,22,312.4,310.2,153.1,71.9,119.2,106.3,144.7,96.7,240,342.5,610.8,100.1,12.9
12,TOTAL,2021,35017.0,1281000000.0,2850000000.0,332.7,24.7,306.7,312,172.2,80,115.9,106.2,150.9,99.3,248.7,360.1,646.5,105.9,13.5
12,TOTAL,2022,37992.8,1233000000.0,2996000000.0,378.9,18.5,308.4,335.7,149.8,91.4,123.3,102.3,152.2,102.1,277.5,371.7,668.4,116.9,13.5
12,TOTAL,2023,,1305000000.0,2769000000.0,406.0,,,,,,,,,,,,,,
12,TOTAL,2024,,1209000000.0,2835000000.0,,,,,,,,,,,,,,,
13,TOTAL,2000,22274.9,,,263.7,12.8,299,311.2,176.2,65.7,235.1,95.9,138.1,58.5,335.4,324.6,413.7,118.7,2.7
13,TOTAL,2001,24194.7,,,262.2,15.1,286.2,336.7,188.8,78.1,268.9,103.5,151.5,70.9,351.7,365.6,448.3,130.9,2.7
13,TOTAL,2002,24662.2,,,275.3,17.5,299.2,429.7,186.7,79.1,281.3,87.5,150.8,81.5,368.7,387.6,471.3,138,3.1
13,TOTAL,2003,24956.7,,,258.5,19.4,352.4,452.4,207.8,82.6,295.4,82.4,161.1,85,392.6,403,502.6,140.5,4.4
13,TOTAL,2004,24994.0,,,252.5,16,370.3,475.2,216.1,92,250.1,83.8,182.1,108.9,388.5,420.9,537.7,149.4,6.4
13,TOTAL,2005,25611.6,,,232.0,14.1,411.3,524.5,225.8,95.5,257.7,86.7,187.6,128.7,408,423.1,568.1,148.8,7.3
13,TOTAL,2006,26733.1,,,248.5,16.8,445.3,456,204.6,100.1,219.6,96.9,253.8,151.2,382.9,449,579.8,155.7,7.4
13,TOTAL,2007,29206.1,,,335.3,19.7,487.3,477.5,234.3,102.8,249.5,104.6,250.5,156.4,400.5,456,618.9,161.3,7.5
13,TOTAL,2008,30453.9,,,318.8,17.7,551.7,481.1,245.4,110.7,311.4,114.9,259.2,189.1,409.9,474.5,680.4,175.3,8.6
13,TOTAL,2009,28472.4,,,276.2,18.6,501.1,432.6,241.9,111.7,318.4,102.6,236.3,164.5,406.4,499.2,706.5,195.1,10
13,TOTAL,2010,27381.6,,,298.0,20,499.1,421.6,228.5,113.9,310.7,98.4,228.3,182.5,384.9,418,723.5,197.1,11.3
13,TOTAL,2011,29368.7,,,300.8,25,524.4,466.8,249.9,112.4,323.5,97.6,279.1,185.1,434.6,432,720.1,205.2,12.1
13,TOTAL,2012,30039.7,,,285.2,21.3,491.3,457.7,263.5,119.1,327.9,90.7,270.3,214.7,463,554.2,772.1,209.1,13.6
13,TOTAL,2013,29780.5,,,303.7,32.8,485.8,509.9,272.4,109,301.8,76.5,284,192.1,447.6,567.9,783.3,213.9,16.3
13,TOTAL,2014,30466.5,,,301.5,34.3,492.9,483.6,257.5,113.2,322.7,100,282.7,210.9,472.2,571.3,794.6,213.5,19.5
13,TOTAL,2015,31730.4,535000000.0,553000000.0,306.3,4.4,494.6,485.4,262.7,109.5,380.1,105.7,285,208.6,378.6,619.1,862.9,205.5,20
13,TOTAL,2016,32743.0,503000000.0,561000000.0,320.9,26.6,550.9,496.6,288,132.6,338.6,98,284.1,208.7,370.6,623.3,882.8,213.2,18
13,TOTAL,2017,33816.4,551000000.0,612000000.0,329.0,23.2,611.5,516.3,308.9,142.4,347.6,91,310.2,215.4,383.4,602,889.9,248.7,18.2
13,TOTAL,2018,35405.7,575000000.0,632000000.0,359.8,23.8,633.9,537.2,292.6,130.9,374.8,78.9,332.2,248.8,396,603.6,921.4,236.2,19.8
13,TOTAL,2019,35809.8,629000000.0,649000000.0,384.1,21,671.7,552.2,317.4,128.6,375.5,80.5,352.3,245.9,418.5,627.3,939.2,248.7,18.5
13,TOTAL,2020,35079.4,696000000.0,636000000.0,389.7,28.1,688.5,569.2,309.6,101,401.7,75,360.7,218.6,408.1,633.5,959.2,231.9,19
13,TOTAL,2021,37388.2,821000000.0,773000000.0,384.1,21,657.1,574.6,369.5,110,409,88.9,383.1,222.2,437.8,665.8,1016,253.8,18
13,TOTAL,2022,40650.4,942000000.0,843000000.0,412.8,38.4,665,629.3,344.7,158.2,436.6,106.7,394.3,258.7,461.4,698.5,1065.6,264.5,19.3
13,TOTAL,2023,,873000000.0,839000000.0,448.6,,,,,,,,,,,,,,
13,TOTAL,2024,,816000000.0,782000000.0,,,,,,,,,,,,,,,
14,TOTAL,2000,17770.9,,,305.1,22.5,209.8,312.9,157.8,28.7,55.1,100.8,47.1,29.4,158.8,192,315.9,85.9,3.1
14,TOTAL,2001,18789.6,,,310.8,31.8,198.1,309.1,159.1,33,65.2,105.5,55.2,34.5,169,202.8,327,96.2,4
14,TOTAL,2002,19287.6,,,291.3,39.2,222.3,328.2,173.8,35.1,65.4,87.9,65.1,34.6,175.4,216.8,340.9,94.3,4.4
14,TOTAL,2003,20298.9,,,282.2,34.8,252.4,351.5,182.8,36.1,68.3,83.1,64.6,40.2,189.4,227.3,366.3,96.9,6.1
14,TOTAL,2004,21197.0,,,268.5,36,266.9,300.3,191.7,40.1,78,80,71.8,45.9,197.2,241.1,393.9,108.9,8
14,TOTAL,2005,22170.7,,,276.0,30.4,300.4,320.8,196,43.7,67.8,83.7,73.6,51.1,212.9,241.4,428.1,104.7,9.2
14,TOTAL,2006,23398.3,,,224.2,40,326.8,379.1,187.2,55.4,67.9,91.7,81.4,59.2,210.3,249.2,442.6,110.1,8.9
14,TOTAL,2007,26219.4,,,313.8,41.9,362.9,417.9,224.7,56.2,71.6,98,89.7,62.9,209.4,266.7,470.4,120.1,9.2
14,TOTAL,2008,27038.3,,,284.8,33.2,393.3,432.6,257.6,46.7,73.8,100.2,95.1,72.3,223.4,281.5,517.9,124.9,9.1
14,TOTAL,2009,25769.8,,,293.5,56.2,339,427.3,272.1,48.6,67.7,92.5,89.6,66.7,234.9,278.8,491.4,131.1,10.6
14,TOTAL,2010,26846.7,,,332.3,63.7,362.4,411.1,263.8,57.6,69.6,92.1,94.9,73.7,230,350.6,506.4,136.1,11.9
14,TOTAL,2011,28544.0,,,319.5,55.9,382.8,432.3,267.3,61.8,78.8,101.7,107.8,88.6,299.3,360.1,526.2,146.1,13.3
14,TOTAL,2012,29282.2,,,319.8,41.1,431.7,445.7,265.3,61.5,75.1,93.6,123.5,93,324.3,303.8,576.6,149.9,14
14,TOTAL,2013,29691.6,,,331.5,22.5,385.2,427.8,259.5,62.4,70.7,82.5,115,92.5,336.3,301.6,600.7,140.4,16.9
14,TOTAL,2014,30191.5,,,346.4,27.5,385.2,450.1,251.9,56.4,65.5,103.5,127.5,104.9,330,286.6,603.1,141.6,17.6
14,TOTAL,2015,30080.7,1310000000.0,3129000000.0,299.3,34.7,372.9,476.6,261.4,57.3,60.7,110.7,134,87.2,242.1,307.5,702.7,140.9,18.1
14,TOTAL,2016,30080.8,1382000000.0,3122000000.0,310.1,31.9,372.4,444.9,265.6,63.3,59.1,105.5,132.2,94.4,232.2,302.8,708.2,148.8,21.3
14,TOTAL,2017,31720.9,1385000000.0,3507000000.0,321.3,26.6,428.6,465.9,256.2,71.4,73.9,108.4,143.6,107.1,221.1,312.6,713.4,150.7,21.6
14,TOTAL,2018,32190.7,1269000000.0,3508000000.0,324.1,25.3,447.4,466.3,258.1,72.4,66,96.6,147.1,113.2,211.6,310.9,737.8,161.3,14.6
14,TOTAL,2019,33884.6,1335000000.0,3550000000.0,390.4,25.1,452.3,488.3,261.8,74.4,64.3,99.6,197.6,116.9,218,308.5,761.8,146.7,14.8
14,TOTAL,2020,34185.9,1284000000.0,3226000000.0,405.6,27.8,455.9,490.9,252.1,58.8,64.5,86.3,194.6,107.6,213.6,313.1,779.3,133.3,14.9
14,TOTAL,2021,36042.7,1938000000.0,3656000000.0,420.6,17.4,446.6,523.7,263.3,60,71.1,94.5,201.8,116.8,236.7,332.1,817.8,138.6,12.8
14,TOTAL,2022,38416.9,2300000000.0,3917000000.0,473.4,19.1,462.9,535.3,274.5,72.4,79.6,122.1,212.2,135.6,240.3,344.5,858.8,150.2,13.3
14,TOTAL,2023,,2017000000.0,3718000000.0,494.7,,,,,,,,,,,,,,
14,TOTAL,2024,,2013000000.0,4526000000.0,,,,,,,,,,,,,,,
15,TOTAL,2000,24586.3,,,255.5,1.8,209.2,221.7,170.9,33.2,114.6,92.9,45.4,60.4,200.1,221.1,303.6,70.8,0.6
15,TOTAL,2001,25674.6,,,250.7,2.2,215.3,261.9,186.4,39.9,149.2,101,69.2,55,215.1,219.4,311.9,80.5,0.6
15,TOTAL,2002,24545.7,,,201.9,2.2,213,301.2,191.1,41.2,143.9,79.8,55.2,27.9,224.5,228.5,332,80.6,0.7
15,TOTAL,2003,26223.3,,,221.0,2.8,255.6,276.9,185.9,42,147.2,77.1,145.9,50.6,235.6,240.9,346.5,80.9,1.3
15,TOTAL,2004,27724.4,,,196.3,3.7,266.9,282.9,187.9,47.9,141.6,80.1,120.6,60.3,252.4,253.3,362.7,90,1.7
15,TOTAL,2005,29309.3,,,225.0,3.1,260.7,332.6,208.2,51,113.5,83.1,172.7,66.8,267.3,261.7,380.2,95.5,2.2
15,TOTAL,2006,30575.7,,,191.5,3.7,276.5,263.4,181.9,53,95.5,98,129.1,75,249.2,268.9,391.2,99.3,2.3
15,TOTAL,2007,33754.3,,,211.9,4.3,296.1,314.8,206.8,51.9,173.3,122.3,161.2,79.1,244.7,277.5,414.6,109.5,2.3
15,TOTAL,2008,35600.9,,,206.1,4.1,305.3,332.7,234,52.8,204.6,137.7,205.2,89.7,256.1,304.9,449.8,112.8,3.4
15,TOTAL,2009,34415.6,,,262.5,4.9,280.3,309.3,215.8,54.5,185.4,115.5,171.1,88.2,229.8,321.4,466.7,123,5.7
15,TOTAL,2010,37355.2,,,336.9,4.4,298.6,319.2,180.6,53.8,169.6,115,175.4,117.7,226.5,352.9,486.9,127.1,6.5
15,TOTAL,2011,37959.0,,,382.2,3.3,308.6,341.4,184.4,56.2,161.4,112.4,167.2,138.3,271.7,360.5,521.8,134,7.7
15,TOTAL,2012,38685.5,,,404.9,4.2,314.8,354.7,210.1,63.3,173.6,106.6,181.5,151.6,289.7,277,556.1,135.3,8.7
15,TOTAL,2013,38498.2,,,382.5,3,360.6,326.1,197,67,160.2,97.5,207.7,154.7,267.8,352.8,562.1,138.9,10.8
15,TOTAL,2014,38482.3,,,302.1,5,354.4,383.6,189.5,67.2,208.7,120.5,193.8,160.2,280.6,333.1,568.5,140.7,13
15,TOTAL,2015,38897.3,1517000000.0,1729000000.0,294.0,6.9,351.3,357.5,196.5,71.9,205.6,121.8,216.1,144.3,251.8,342.5,589,140.3,13.3
15,TOTAL,2016,38584.7,1415000000.0,1806000000.0,283.8,5.7,390.5,366.7,193.7,73.5,184,117.6,219.8,132.5,247.3,330.9,592.5,137.5,13.9
15,TOTAL,2017,39225.9,2100000000.0,1611000000.0,293.8,3.8,422.8,374.4,194.5,84.1,201.2,122.7,223.9,166.3,210.6,342.1,577.8,145.3,14.1
15,TOTAL,2018,40432.1,2387000000.0,1865000000.0,285.5,5.1,411.4,378.6,194.1,91.4,191.2,120.7,238.2,149.5,216.1,351.8,600.3,145.7,13.6
15,TOTAL,2019,41195.8,1802000000.0,1715000000.0,342.0,7.6,440.4,376.3,194.9,107.6,171.2,114.3,260.8,159.1,216,364.9,607.2,140.5,14.5
15,TOTAL,2020,40232.3,2029000000.0,1893000000.0,330.2,6.3,462.9,388.3,179.5,84.3,178.4,127.1,270.6,174.3,219.2,370.7,632.8,138.7,16.7
15,TOTAL,2021,44224.1,2926000000.0,2373000000.0,336.8,9.8,478.8,403.2,190.7,85.6,194.4,139.9,276.8,212,233.4,391.2,684.7,140.1,14
15,TOTAL,2022,46375.4,3554000000.0,2862000000.0,367.6,7.4,481.5,423.4,217.1,111.8,265.7,172.6,282.4,209.8,247.2,409.7,704.5,153.1,13.5
15,TOTAL,2023,,2340000000.0,3478000000.0,367.9,,,,,,,,,,,,,,
15,TOTAL,2024,,1729000000.0,2489000000.0,,,,,,,,,,,,,,,
16,TOTAL,2000,19287.7,,,96.2,1.1,87.2,91.9,71.8,13.3,27.2,28.3,15.1,10.1,60,66.1,108.5,32.4,0.8
16,TOTAL,2001,20553.5,,,98.1,1.7,81.6,97.8,89.7,15.6,42.2,30.6,21.4,13.9,61.8,69.3,110.8,37.4,0.9
16,TOTAL,2002,19949.6,,,87.7,2.2,78.7,100.9,85.7,15.4,49.4,25.7,22.9,12.2,65.5,75,116.4,35.7,1
16,TOTAL,2003,21453.9,,,91.6,2.4,87.1,108.9,84.7,15.6,22,25.1,24.4,15.3,68.1,85,122.6,35.3,1.4
16,TOTAL,2004,22675.0,,,86.1,1.8,88.3,119.5,79.1,16.8,17.3,24.4,29.4,16.1,74.7,88.7,132.1,38,1.7
16,TOTAL,2005,23873.0,,,93.0,1.9,98.3,126.1,82.6,18,34,25.8,33.6,18.9,80.6,87.1,143,37.4,2.2
16,TOTAL,2006,27712.6,,,70.1,3.3,113,132.6,97.6,18.8,48.4,28.3,41,24.1,77.2,90.8,150,39.6,1.9
16,TOTAL,2007,29713.8,,,91.5,3.4,114.8,146.8,85.2,19.5,48.2,32.4,44.1,29.6,76,94.9,161.5,46.3,2.4
16,TOTAL,2008,32043.2,,,76.1,3,129,143.6,139.8,20.1,66.8,35.4,50.1,27.2,76.9,101.8,178.3,45.8,3
16,TOTAL,2009,28868.1,,,95.2,3.3,118.4,133.7,177.1,21,60.6,30,44,31.8,88,106.6,176.5,48.7,3.5
16,TOTAL,2010,30571.8,,,113.9,2,123.6,143,147.9,22.4,64.9,32.6,47.7,37.4,88.8,133.7,183.2,50.9,4
16,TOTAL,2011,33251.0,,,122.2,2.3,134.5,151.1,164.5,22.6,65.3,36,46.8,45.1,108.3,139.3,189.4,52.7,4.9
16,TOTAL,2012,32571.3,,,126.2,2.8,139.6,148.9,145.3,21.4,62.8,33.5,48.1,43.2,114,116.1,206.1,54.3,5.4
16,TOTAL,2013,32638.1,,,132.9,2.4,137.8,176.8,141.8,23,61.2,32,48.5,46.7,118.7,121.1,211.5,52.8,5.2
16,TOTAL,2014,34545.2,,,141.4,3.1,123.1,182.4,147.5,19.8,67.2,37.6,52,52.1,116.1,120.6,219.7,51.2,6.4
16,TOTAL,2015,35158.2,1443000000.0,1396000000.0,120.9,4.1,125,177.5,124.6,24,71.6,39.1,74.3,35.8,88.2,126.1,264,50.3,6.6
16,TOTAL,2016,34360.6,1421000000.0,1337000000.0,112.0,1.6,137.9,187,127.7,20.2,62.3,40,60.7,34.3,83.2,124.3,264.9,52.9,5.4
16,TOTAL,2017,36677.6,1790000000.0,1877000000.0,112.4,-0.5,152.9,195.7,132.3,20.1,79.7,38.5,63.2,34.6,103,115.6,249.2,54.6,5.5
16,TOTAL,2018,37691.3,2073000000.0,2319000000.0,113.5,2.9,157.7,187.8,136.1,21.1,77.3,28.3,57.2,40.5,101.9,114.6,264.2,52.5,4.7
16,TOTAL,2019,37646.5,2190000000.0,2282000000.0,125.2,2.5,158,203.1,133.7,21.6,70.5,28.9,66,44.9,101.9,116.3,265.8,53.1,3.8
16,TOTAL,2020,38099.4,1857000000.0,1621000000.0,118.5,2,146.4,198.6,143.3,18.3,88.8,28.5,61.5,47.3,106.4,117.7,263.8,45.3,4.2
16,TOTAL,2021,38338.0,2361000000.0,2195000000.0,120.0,1.6,143.3,202.8,133.6,19.8,103.4,34,61.2,52.1,114.9,123.9,269.5,49.1,3.9
16,TOTAL,2022,40369.2,2785000000.0,2463000000.0,123.0,2.5,148,204.4,132,25.1,85.6,32.2,65.3,51.9,118.7,128.9,278.2,54.4,5
16,TOTAL,2023,,2163000000.0,2167000000.0,128.7,,,,,,,,,,,,,,
16,TOTAL,2024,,2261000000.0,2137000000.0,,,,,,,,,,,,,,,
17,TOTAL,2000,23714.4,,,330.4,44.3,490.1,453.4,354.2,90.3,227.9,140.9,202.4,101.5,413,491.9,641.6,140.5,6.2
17,TOTAL,2001,23434.3,,,336.4,53.9,471,475.5,394.8,107.3,291.1,153.1,252.3,127.2,436.1,523,682.8,157.2,5.7
17,TOTAL,2002,26498.6,,,312.4,72.1,489.2,500.9,392.7,109.2,278.1,143.1,278.2,170.7,407,558.8,729.8,168.7,6
17,TOTAL,2003,27968.8,,,309.2,84.4,543.4,512,384.1,105.6,383.9,137.3,276.1,167.3,433.2,593,785.7,186.1,8.3
17,TOTAL,2004,29206.9,,,296.4,89.4,600.6,570.6,390.5,125.6,473.5,134.8,336,180.8,443.3,627.8,828.4,203.4,11.3
17,TOTAL,2005,29820.8,,,297.9,105.6,726.8,589.4,358.1,141.5,401.1,144.5,306.4,197.5,460.3,655.4,886.2,205.5,13.5
17,TOTAL,2006,29694.0,,,269.8,166.1,751.9,591.9,433.5,138.4,317,159.8,334.7,205.3,438.3,661.5,920.3,214.5,14.2
17,TOTAL,2007,32443.9,,,359.7,158.8,814.5,683.2,333.2,146.5,226.8,170.5,369.5,218.3,472.7,689.2,987,238,15
17,TOTAL,2008,33475.4,,,330.6,126.8,910.7,725.1,421.4,158.5,322.4,161.6,404.5,296.4,481.7,718,1083.9,249.1,18.5
17,TOTAL,2009,29492.1,,,317.3,123.5,747.9,651.2,455,140.9,327.6,174.2,423,247.5,462.5,763,1165.1,262.2,20.2
17,TOTAL,2010,30689.3,,,357.7,184.7,810.4,726.4,450.7,154.3,317.3,168.8,450.6,258.6,457.9,746.1,1189.9,267.2,22.7
17,TOTAL,2011,31249.3,,,352.6,328.7,832.9,667.8,449.7,157.4,321.7,185.7,463.2,281.7,554.3,755.8,1250.6,273.8,24.1
17,TOTAL,2012,31607.1,,,341.7,181.3,791.5,744.2,531.1,166.3,344.7,190.4,557.9,295.6,580.4,874.3,1391.7,281.7,25.4
17,TOTAL,2013,31787.8,,,364.5,128.1,831.1,783.7,457.6,166.5,348.3,202.8,583.6,298.5,597.2,853.9,1366.3,277.6,29.8
17,TOTAL,2014,31461.1,,,376.4,112.9,818.2,841.4,459.5,161.4,323.9,225.9,513.3,316.3,623.2,822.4,1368.9,290,35.7
17,TOTAL,2015,30722.1,51000000.0,145000000.0,346.4,141.6,884.1,794.4,478.8,164.1,350.5,229.8,560.5,313.4,550.5,834,1422.7,309.3,36.6
17,TOTAL,2016,32800.4,74000000.0,211000000.0,339.0,123.6,967.4,818.4,482.9,181,377,227.7,491.4,318.1,536.1,828.8,1432.9,316.7,30.5
17,TOTAL,2017,33819.4,91000000.0,354000000.0,354.7,136.1,1073.9,852.6,506.9,185.3,459.2,240.8,519.9,340.3,527.6,856,1429,326.4,30.9
17,TOTAL,2018,34444.4,102000000.0,439000000.0,381.2,135.6,1195.1,874.2,526.9,191.5,448.5,237.6,592.1,369.4,550.1,898,1501.8,336.5,30.8
17,TOTAL,2019,35958.2,98000000.0,440000000.0,432.3,120.2,1221.5,854.4,518.8,195.8,467,242.2,657.8,404.2,564.5,936.3,1553,331,31.7
17,TOTAL,2020,36433.7,121000000.0,395000000.0,451.3,86.9,1261.3,889,508.2,157.7,500.7,291.6,642,361,586.8,971.6,1577.1,307.3,40.5
17,TOTAL,2021,39159.1,94000000.0,520000000.0,464.0,86.7,1243.6,974.1,486.9,159.5,566.3,327.2,656.8,385.3,644.5,1007.5,1670.4,319.3,48.2
17,TOTAL,2022,41666.7,110000000.0,814000000.0,501.7,56.9,1373.9,1003.7,607.3,215.9,610.6,349.9,678.3,436.7,661.3,1042.5,1756.2,324.4,43.6
17,TOTAL,2023,,121000000.0,383000000.0,543.4,,,,,,,,,,,,,,
17,TOTAL,2024,,109000000.0,558000000.0,,,,,,,,,,,,,,,
18,TOTAL,2000,17383.6,,,72.4,13.1,70.5,100.1,60.7,18.5,25.5,27.9,17.8,18.6,200.4,89.6,127.9,48.8,1.5
18,TOTAL,2001,19189.8,,,93.2,14.2,62.9,119.1,67.6,21.5,30.9,30.8,19.8,25.3,202.5,93.4,136.6,51.4,1.2
18,TOTAL,2002,19774.7,,,106.5,16.2,66.2,150.6,62.3,21.8,30,27.7,28,24.4,200.7,99.2,141.6,51.5,1.2
18,TOTAL,2003,20063.6,,,102.9,18.8,80.9,139.2,67.7,20,27.5,24.8,26.9,23.7,205.5,103.8,150.5,55.1,1.8
18,TOTAL,2004,21012.3,,,99.8,18.7,88.1,123.6,68.3,22.7,33,23.7,29.4,28.7,204.6,110.2,159.4,60.5,2.6
18,TOTAL,2005,21057.0,,,103.1,17.9,107.2,98.7,68.8,22.8,29,23.8,30.1,34.6,217.3,79.1,169.8,56.3,3.4
18,TOTAL,2006,22930.0,,,125.8,18.4,119.1,108.4,67.8,22.8,24.2,26.1,30.2,42.6,209,101.4,167,57.7,3.3
18,TOTAL,2007,24048.5,,,111.0,26,136.1,121.1,69.3,24.6,23.8,30.2,32.1,42.8,208.8,107.3,175.7,62.7,3.2
18,TOTAL,2008,25513.2,,,130.1,47.8,162.1,123.3,76.1,26.4,26.9,35.6,34.1,58.5,207.7,116.4,183.1,64.1,4.4
18,TOTAL,2009,22708.5,,,97.5,40.8,135.8,109.8,74.9,26.4,19.4,27.3,35.1,67.1,198.4,90.9,176.8,68.2,3.9
18,TOTAL,2010,24902.0,,,105.5,93.7,137.5,116.9,75.1,26.2,18.6,24.9,38.2,73.3,196.1,96.7,181.2,73.4,4.4
18,TOTAL,2011,26455.1,,,107.2,63,148.2,133.5,79,22.9,19.9,28.8,45.6,78.8,240.7,98.7,189.2,76.8,5.4
18,TOTAL,2012,26707.9,,,99.0,36,151.3,129.8,83.3,27.1,21.9,26.1,52.2,75.7,251.7,93.4,205,81.4,5.8
18,TOTAL,2013,25493.1,,,104.8,-107.5,128.3,132,83.6,25.8,26.4,35.7,50.4,74,255.2,85.4,204.8,82.1,6.3
18,TOTAL,2014,26532.4,,,127.1,-69.1,109.5,118.5,78.3,20.7,25,31.9,57.4,73.3,267.5,81.6,205.9,71.9,7.7
18,TOTAL,2015,26235.2,1695000000.0,3875000000.0,123.3,-21.8,106.8,134.3,79.6,27.5,24,31.9,52.3,62,255.7,101.4,179.8,68.7,7.9
18,TOTAL,2016,27928.0,1595000000.0,3553000000.0,118.3,-13.9,121.5,149.2,79.7,30.8,25.9,29.1,51,71.2,249,110.4,187.5,71,6.5
18,TOTAL,2017,30238.2,1754000000.0,3915000000.0,122.3,89.4,146.5,150.6,80,33.5,26.9,43,34.8,73.6,253.1,94.8,190.7,68.8,6.6
18,TOTAL,2018,32054.5,1992000000.0,4329000000.0,136.6,116.7,149.8,154.3,71.9,35.1,32.2,39.4,56.3,82.8,260.3,90.9,198,66.7,6.4
18,TOTAL,2019,32771.3,1971000000.0,3818000000.0,158.7,104.9,153.7,155,78.1,31,31.7,23.9,67.4,86,260.4,89.1,199.1,57.4,6.7
18,TOTAL,2020,33797.5,1601000000.0,3446000000.0,167.1,119.6,160.7,145.7,69.8,29.5,34.8,31.4,60.8,77.8,245.5,88.9,201.9,57.5,8.1
18,TOTAL,2021,35109.9,2409000000.0,4244000000.0,157.1,110.1,167.6,150.4,66.7,31.8,43.1,36,59.1,77.1,255.1,97,210.9,64.3,7.3
18,TOTAL,2022,42125.5,2996000000.0,5127000000.0,168.0,168.6,158.4,154,67.7,37.5,202.8,34.3,33.7,76.7,284,101.4,218.8,58.9,4.4
18,TOTAL,2023,,2512000000.0,4627000000.0,180.6,,,,,,,,,,,,,,
18,TOTAL,2024,,2230000000.0,4065000000.0,,,,,,,,,,,,,,,
19,TOTAL,2000,22140.9,,,152.8,6.5,204.8,220.5,172.9,82.9,82.1,70.5,87.5,45.9,358.6,235,306,102,2.6
19,TOTAL,2001,22450.5,,,177.6,3.6,189.5,238,191.6,94,92.1,75.1,107.9,53.4,362.9,241.8,328.3,109.3,2
19,TOTAL,2002,23023.6,,,177.7,0.8,201.8,265.9,194.7,100.1,90.9,66.5,104.1,57.4,368.7,257.5,339.7,116.4,2.2
19,TOTAL,2003,23545.4,,,190.1,7,243.2,259.5,200.2,100.3,85.2,60.1,113.4,62.2,374.9,269.2,361,114.1,3
19,TOTAL,2004,24999.6,,,174.4,11.1,263.7,327.4,188.1,112.1,92.8,58,123.3,70.5,383.4,277.2,382.2,129.5,4.4
19,TOTAL,2005,25095.5,,,211.7,15.5,272.8,319.1,189.6,117.3,63.6,64.1,122,80.1,404.2,289.7,408.2,114.7,5.3
19,TOTAL,2006,28565.8,,,226.6,28.3,280.5,325.8,188.9,113.2,62.4,70.1,131.4,94.7,361.6,292.1,418.4,126.7,5.7
19,TOTAL,2007,28257.1,,,202.2,27.7,310.4,272.4,220.8,120.3,89.4,76.2,138.5,109,354.7,306.9,440.9,134.3,5.8
19,TOTAL,2008,29282.1,,,257.5,39,355.8,293.9,243.2,146.6,115.8,76.6,143.1,138.1,351.1,315.7,486.1,141.4,6.3
19,TOTAL,2009,27032.7,,,179.9,47.7,327.5,275.9,229.9,129.5,118.7,66.6,141.2,134.3,386.8,335.6,527.5,144.2,7.3
19,TOTAL,2010,28732.2,,,193.4,106.4,315,288.4,238.4,128.6,110.9,60.8,153.9,118.5,408.3,367.9,544.5,145.4,8.3
19,TOTAL,2011,29718.9,,,196.9,60,346.7,309,218.5,131.1,102.3,64,171.6,135.6,447.5,375.8,560.3,142.5,8.6
19,TOTAL,2012,31213.7,,,186.1,233.4,343,315.5,237.4,158.6,75.8,54.9,161.6,129.6,434.2,374.3,613.7,148.7,9.4
19,TOTAL,2013,32764.5,,,195.2,221.1,318.8,325.5,247,138.1,70.4,50.3,178.2,119.5,453.2,370.9,631.1,148,10.8
19,TOTAL,2014,33009.1,,,150.7,142,337.1,338.6,249.9,131.7,76.8,64.5,178.4,125.8,489.6,335.1,649,152.2,13.8
19,TOTAL,2015,34671.4,559000000.0,103000000.0,155.3,212,354.8,330.7,264.9,143.9,60.8,64.2,201.1,130.7,422.4,352.4,663.9,148.2,14.1
19,TOTAL,2016,35623.9,480000000.0,83000000.0,158.5,225.6,370.3,337.2,264.4,157.1,58.3,55.6,188.8,147.1,403,340.6,678.4,155.3,12.1
19,TOTAL,2017,38040.4,347000000.0,96000000.0,168.9,353.7,400.5,365.1,266.7,183.4,57.7,58.6,195.3,166.6,406.9,329,671.8,171.8,12.3
19,TOTAL,2018,38212.6,243000000.0,94000000.0,170.5,374.3,439,361.3,257.9,206.5,57,49.8,209,186.1,408.7,322.7,698.4,176.7,14.5
19,TOTAL,2019,38188.6,398000000.0,104000000.0,193.4,305.8,426.1,387.2,269.1,210.1,56.1,47.8,186.2,183.9,438.4,327.8,704.4,160.9,16.1
19,TOTAL,2020,38277.2,309000000.0,85000000.0,202.8,447.9,425.3,375.2,233.4,168.1,69.6,48.8,177.1,167.3,415.5,327.4,726.9,144.3,20
19,TOTAL,2021,39167.2,385000000.0,113000000.0,186.0,594.4,419.9,401.6,231.2,103.3,76,52.5,205.4,140.2,459.2,351.2,774.2,146.8,20.4
19,TOTAL,2022,46618.7,1098000000.0,163000000.0,204.2,623.8,464.8,436.2,256.2,211.8,68.4,62,215.9,203.3,487.9,365,802.2,175.1,18.7
19,TOTAL,2023,,375000000.0,184000000.0,218.7,,,,,,,,,,,,,,
19,TOTAL,2024,,284000000.0,122000000.0,,,,,,,,,,,,,,,
20,TOTAL,2015,,1226000000.0,429000000.0,,,,,,,,,,,,,,,
20,TOTAL,2016,,1238000000.0,513000000.0,,,,,,,,,,,,,,,
20,TOTAL,2017,,1539000000.0,661000000.0,,,,,,,,,,,,,,,
20,TOTAL,2018,,1909000000.0,801000000.0,,,,,,,,,,,,,,,
20,TOTAL,2019,,2056000000.0,806000000.0,,,,,,,,,,,,,,,
20,TOTAL,2020,,2103000000.0,770000000.0,,,,,,,,,,,,,,,
20,TOTAL,2021,,2127000000.0,938000000.0,,,,,,,,,,,,,,,
20,TOTAL,2022,,5936000000.0,2051000000.0,,,,,,,,,,,,,,,
20,TOTAL,2023,,2955000000.0,1251000000.0,,,,,,,,,,,,,,,
20,TOTAL,2024,,3599000000.0,606000000.0,,,,,,,,,,,,,,,
21,TOTAL,2000,31352.2,,,29.7,0.2,36.4,47.9,201.1,13.9,23.2,52.4,8.8,5.4,47.7,43.6,79.4,15.3,0.1
21,TOTAL,2001,37019.8,,,30.0,0.2,46.9,51.7,318.8,16,28.1,55.8,10.6,6,44.6,35.5,67.6,17.9,0
21,TOTAL,2002,37439.4,,,29.6,0.2,50.2,48.4,303.9,16.7,38.7,40,11.1,8.2,46.9,37,73.5,20.9,0.1
21,TOTAL,2003,37726.9,,,19.6,0.1,58.2,46,312.1,15.5,45.1,39,10.5,8.1,47,38.2,75,22.9,0
21,TOTAL,2004,38756.2,,,21.7,0.2,60,55.7,316.2,16.7,40.9,42.7,11.2,8.9,48.7,39.9,77.5,29.6,0.1
21,TOTAL,2005,39409.8,,,20.6,0.1,59.4,55.6,327.3,18.7,40.1,32.2,12.1,9.4,51.7,43.8,84.9,29.2,0.1
21,TOTAL,2006,40132.4,,,19.1,0.1,57.2,63.9,302.8,19.7,39.7,36.9,14.1,8.7,53.6,44,94.2,35.7,0.1
21,TOTAL,2007,40737.3,,,23.5,0.2,63.1,66.5,292.4,19.9,43.3,38.9,16,8.2,66.3,46.7,98.1,39,0.3
21,TOTAL,2008,39881.7,,,22.4,0.8,68.3,61.7,222.3,20.9,44.8,48.3,17.6,11.5,71.5,46.6,104.8,40.9,0.1
21,TOTAL,2009,41823.4,,,21.1,1.1,69.3,73.3,246.2,24.1,50.4,40,22.7,6.3,81.6,52.1,105.6,33,0.2
21,TOTAL,2010,41496.6,,,23.3,0.9,67.9,74.4,196.5,23.4,59.4,41,29.5,6.6,81.3,68.7,109,34.5,0.2
21,TOTAL,2011,42459.0,,,21.5,0.8,74.5,74.8,199.3,24.2,60,44.1,21.8,10.8,84.1,71.6,112.9,38.7,0.3
21,TOTAL,2012,45891.7,,,19.4,1,76.1,70.9,284.9,23.8,64.2,45.1,19.1,11.9,78.3,57,125.8,38.9,0.4
21,TOTAL,2013,46934.8,,,21.0,1,77,68.6,308,23.4,50.3,44.9,23.3,12.6,83.1,55.1,125.2,37.6,0.5
21,TOTAL,2014,47674.9,,,26.3,1.2,72.4,81.7,287.2,25.5,53.5,62,23.8,12.4,91.2,56.1,126.5,34.1,0.6
21,TOTAL,2015,47390.7,54493000000.0,53880000000.0,25.1,1,80.1,81.3,293.7,27.6,47.6,67.7,25.6,11.1,52.7,59.7,131,32.8,0.6
21,TOTAL,2016,46368.8,55003000000.0,51878000000.0,18.1,0.9,79.5,77.7,273.5,27.5,48,73.6,27.1,11.4,50.6,60.8,131,35.7,0.7
21,TOTAL,2017,46892.5,62469000000.0,59711000000.0,24.0,0.9,87.6,78.1,253.3,27.9,48.8,78.4,26,14,46.4,64.8,132.6,36.4,0.7
21,TOTAL,2018,43395.5,66585000000.0,63682000000.0,21.4,1,80.4,72,231.6,27.5,49.1,68.4,25,11.5,43.9,64.8,134.3,37,1
21,TOTAL,2019,45157.6,65851000000.0,65054000000.0,30.2,1.6,84.7,74.8,235.3,27,51.6,67.6,29,12.1,50.1,66.3,138.1,36.9,0.9
21,TOTAL,2020,39532.8,59768000000.0,57440000000.0,31.3,1.5,89.4,63.4,103.7,17,52.2,72.6,29.1,9.9,47.7,67,143.8,38.4,1.1
21,TOTAL,2021,44250.6,72936000000.0,68908000000.0,29.3,1.7,94.3,73.5,137.5,28.8,58.9,84.4,29.1,11.7,55.5,72.8,154.1,54,1.3
21,TOTAL,2022,48912.8,92469000000.0,81885000000.0,21.7,1.7,83,76.5,218.9,33.7,53.9,109.4,29.7,13.9,64,77,166.3,15.6,1.1
21,TOTAL,2023,,76849000000.0,76362000000.0,26.4,,,,,,,,,,,,,,
21,TOTAL,2024,,74557000000.0,72104000000.0,,,,,,,,,,,,,,,
WHOLE COUNTRY,TOTAL,2000,,,,4030.0,283,7344,11034,7356,1534,5735,3936,4454,2159,7039,5992,8761,2862,56
WHOLE COUNTRY,TOTAL,2001,,,,3998.0,330,7464,12018,7949,1831,6858,4214,4950,2418,7365,6340,9461,3086,53
WHOLE COUNTRY,TOTAL,2002,,,,3968.0,350,7254,12563,7997,1882,7324,3726,5020,2646,7593,6696,9991,3221,58
WHOLE COUNTRY,TOTAL,2003,,,,3848.0,375,7652,12735,7949,1927,7196,3503,5248,2796,7938,6993,10515,3352,78
WHOLE COUNTRY,TOTAL,2004,,,,3778.0,388,8329,13618,8026,2152,7811,3769,5640,3122,8277,7328,11092,3524,109
WHOLE COUNTRY,TOTAL,2005,,,,3752.0,385,9256,14127,8193,2271,7190,4127,5947,3507,8637,7661,11791,3720,123
WHOLE COUNTRY,TOTAL,2006,,,,3460.0,523,9904,14100,8057,2391,7139,4499,6370,3907,8957,7841,12313,3989,125
WHOLE COUNTRY,TOTAL,2007,,,,4453.0,564,11040,15319,8649,2577,7933,5174,7142,4433,9345,8204,13072,4227,129
WHOLE COUNTRY,TOTAL,2008,,,,4284.0,669,11824,16696,8835,2696,8219,4939,7654,5293,9888,8703,14133,4547,148
WHOLE COUNTRY,TOTAL,2009,,,,4096.0,623,10733,15291,8136,2594,8087,4911,7525,5032,10075,9042,14799,4764,161
WHOLE COUNTRY,TOTAL,2010,,,,4453.0,774,10724,15427,8462,2673,8208,4676,7755,5315,10258,9431,15241,4943,181
WHOLE COUNTRY,TOTAL,2011,,,,4465.0,772,11068,16773,8769,2800,8573,4897,8397,5647,10599,9772,16133,5148,197
WHOLE COUNTRY,TOTAL,2012,,,,4385.0,771,11406,17543,9054,2948,8949,4984,8774,5831,10897,10125,17121,5247,227
WHOLE COUNTRY,TOTAL,2013,,,,4501.0,556,11327,17306,8943,2754,9295,4863,8950,5849,11118,10228,17474,5310,262
WHOLE COUNTRY,TOTAL,2014,,,,4565.0,504,11085,16805,8885,2799,9820,5759,8893,5970,11128,10275,17676,5292,313
WHOLE COUNTRY,TOTAL,2015,,,,4331.0,602,11472,16857,8983,2915,10285,5832,9164,5927,10354,10531,18586,5376,321
WHOLE COUNTRY,TOTAL,2016,,,,4508.0,636,12534,16803,8912,3076,10679,6173,9258,6347,10199,10445,18951,5495,316
WHOLE COUNTRY,TOTAL,2017,,,,4647.0,902,13637,17534,9217,3350,11332,6516,9809,6970,10019,10288,18903,5628,320
WHOLE COUNTRY,TOTAL,2018,,,,4903.0,949,14546,17777,9250,3478,11711,6536,10439,7581,10319,10479,19585,5805,310
WHOLE COUNTRY,TOTAL,2019,,,,5223.0,819,14966,17939,9638,3649,12305,6028,10861,8137,10529,10861,20277,6101,307
WHOLE COUNTRY,TOTAL,2020,,,,5296.0,964,15368,18421,7835,2550,12670,6175,11018,7540,10635,11012,20747,5723,328
WHOLE COUNTRY,TOTAL,2021,,,,5371.0,1049,14924,19070,8250,2562,13796,7046,11745,7788,11161,11560,22151,5982,322
WHOLE COUNTRY,TOTAL,2022,,,,5961.0,1100,15411,19557,9524,3571,14036,8100,12374,8381,11742,12052,23189,6366,317
WHOLE COUNTRY,TOTAL,2023,,,,6323.0,,,,,,,,,,,,,,
