Region,Year,"A Agriculture, forestry and fishing (TP)",B Mining and quarrying (TP),C Manufacturing (TP),Children aged 0 to 14 (PT),"D Electricity, gas, steam and air conditioning supply (TP)","E Water supply; sewerage, waste management and remediation activities (TP)",Employed (PT),F Construction (TP),G Wholesale and retail trade; repair of motor vehicles and motorcycles (TP),H Transportation and storage (TP),I Accommodation and food service activities (TP),"Inhabitants, total (PT)",J Information and communication (TP),K Financial and insurance activities (TP),L Real estate activities (TP),"M Professional, scientific and technical activities (TP)",N Administrative and support service activities (TP),O Public administration and defence; compulsory social security (TP),Others (PT),P Education (TP),Pensioners (PT),Primary production (TP),Processing (TP),Q Human health and social work activities (TP),"R Arts, entertainment and recreation (TP)",S Other service activities (TP),Services (TP),Students (PT),T Activities of households as employers; undifferentiated goods- and services-producing activities of households for own use (TP),U Activities of extraterritorial organisations and bodies (TP),Unemployed (PT),"Workplaces, total (TP)",X Industry unknown (TP)
01,2010,3192,327,65439,227717,4276,2336,666292,39210,102012,47234,26213,1352414,47107,24671,7389,54362,27267,41014,54318,45046,250558,3192,111588,90206,15036,22093,549909,102151,23,236,51349,664728,7
01,2011,3062,247,64598,229572,4427,2433,675755,41838,102626,47534,26938,1367559,48799,24955,7518,56697,27798,40712,54483,46184,257004,3062,113543,91821,15483,22876,560193,100983,20,232,49739,676836,8
01,2012,3186,174,63248,231952,4362,2290,677658,42438,103505,47974,28192,1384069,49106,24520,7957,57732,28662,40878,54648,46791,262445,3186,112512,96146,16095,23546,571369,101850,24,241,55469,687102,11
01,2013,3153,232,59868,235090,4503,2207,671826,43012,101067,46488,28124,1400589,48062,23987,8000,57635,28688,39985,52628,46367,268738,3153,109822,97192,16275,23627,565767,103704,20,250,68563,678774,3
01,2014,3028,255,57208,238213,4417,2302,667124,42715,94737,47131,27809,1416300,48495,23152,7548,57185,30113,39407,52040,45242,273544,3028,106897,96373,16539,23216,557266,105672,24,295,79675,667218,5
01,2015,3113,158,56272,240830,4221,2443,667905,43286,92478,45929,28089,1432376,48985,23569,7852,58264,32561,37725,52175,45627,278783,3113,106380,94971,16925,22557,555828,106905,27,269,85736,665355,7
01,2016,2858,173,55166,242963,4626,2540,677579,45717,91865,45429,29214,1449263,50780,23991,7946,60076,33698,37641,53810,44877,284843,2858,108222,96466,17037,22324,561703,107133,46,313,82901,672813,12
01,2017,2930,254,56148,244913,4670,2595,695116,48268,92879,46670,30820,1465829,52725,24767,8336,62395,33943,38349,56016,45201,291938,2930,111935,98977,17741,22637,575589,105987,82,67,71822,690483,9
01,2018,2784,253,57223,245577,4665,2651,714795,50599,93835,47510,30051,1481026,55602,25086,8692,65595,35178,38785,56326,45609,295990,2784,115391,100913,18197,22830,588057,104569,101,73,63732,706265,23
01,2019,2689,201,57216,246156,4828,2559,724609,48985,88998,46803,29668,1499851,56326,25052,8697,64857,34541,39985,58237,48500,297705,2689,113789,101296,17803,21973,584836,109554,19,318,63552,701347,21
01,2020,2593,303,55718,246470,4997,2593,689134,50140,89438,39976,21459,1513248,60207,25398,8911,65753,35110,42875,56744,49010,300176,2593,113751,101968,15842,21909,578326,119591,5,465,101096,694688,9
01,2021,2711,287,60629,245780,5218,2622,720106,52411,92835,42783,25007,1523737,64464,25856,9798,69327,37792,42475,58362,50057,301157,2711,121167,103645,17638,22951,605067,118886,13,426,79424,728973,17
01,2022,2688,284,62800,245152,5026,2640,741630,53517,94608,44728,29581,1540610,68194,27046,10162,71909,40193,43431,59976,51263,302600,2688,124267,104591,18568,23376,628072,117172,13,409,74061,755059,25
01,2023,2703,290,63041,245500,5343,2767,745965,50044,93445,45333,30750,1565122,67814,28353,10568,72107,40654,44809,63423,52994,303454,2703,121485,108204,18677,23834,637982,122267,6,434,84481,762227,44
02,2010,4705,271,30718,68274,498,728,189686,12207,21007,10952,5659,432373,4241,3255,1460,9429,7243,8308,13553,12733,104546,4705,44422,30413,2873,4856,122440,34385,11,0,21863,171606,5
02,2011,4624,285,31949,68117,477,736,192359,12817,20999,11315,5766,434252,4183,3275,1579,9664,7150,8309,13309,13395,106326,4624,46264,31569,2969,4964,125148,33587,11,0,20487,176051,3
02,2012,4561,276,29508,67974,538,750,189488,13009,21540,11362,6042,436071,4383,3314,1542,9672,7165,8304,12938,13872,107877,4561,44081,32915,3120,5134,128377,34229,12,0,23497,177045,2
02,2013,4580,278,27598,68056,505,754,186220,12151,20903,10960,5965,437984,4554,3254,1630,9666,7172,8037,12639,11118,109915,4580,41286,33288,3088,4987,124632,34301,10,0,26804,170532,1
02,2014,4318,254,27081,68231,420,773,184200,11659,20056,10031,6171,440881,4636,3243,1601,9191,6976,7863,12482,10357,111868,4318,40187,33744,3034,4795,121709,34552,11,0,29500,166239,1
02,2015,4448,237,26613,67863,390,715,183100,11755,20660,10292,6310,441875,4551,3328,1809,9237,6877,7620,12404,10191,113981,4448,39710,33801,2880,4735,122309,34205,18,0,30282,166479,2
02,2016,4167,230,26474,67398,388,771,185039,12885,20553,10342,6491,442952,4841,3413,1707,9612,7265,7612,12548,9974,115649,4167,40748,33670,2808,4660,122959,33567,11,0,28718,167905,8
02,2017,4183,231,29368,67318,378,829,191220,13588,20608,10290,6705,445190,4967,3398,1789,9921,7854,7516,12781,10005,117561,4183,44394,34477,3028,4690,125270,33028,22,0,23245,173876,5
02,2018,4090,220,30387,66857,375,838,195267,13838,20752,10509,6934,446489,5180,3484,1738,10474,8095,7693,12813,13063,118825,4090,45658,34923,3112,4559,130536,32758,20,0,19937,180316,5
02,2019,3958,220,28564,66029,385,819,195470,13021,20314,10273,6803,447839,5388,3448,1781,10438,7802,7787,13189,13531,119520,3958,43009,35183,3049,4559,130368,33625,12,0,19974,177349,3
02,2020,4012,244,25720,65618,483,851,187833,12945,20630,9111,5749,450239,5493,3252,1756,9922,8157,8010,13245,13715,120089,4012,40243,36033,2806,4519,129154,35145,1,0,28275,173445,4
02,2021,4055,248,30174,65343,477,883,197328,13629,20839,9450,6206,452434,5835,3341,1869,10604,8631,7511,13144,14062,120605,4055,45411,36800,3112,4646,132911,35393,5,0,20585,182406,7
02,2022,3921,249,30209,64805,458,962,201564,14072,21061,9578,6820,454738,6197,3446,1867,10738,8848,7752,13547,14506,120431,3921,45950,37485,3203,4666,136172,34737,5,0,19616,186072,6
02,2023,3900,290,29778,64579,486,949,202974,13113,20668,9573,7095,459611,6153,3559,1988,10842,8975,8165,14142,15201,120433,3900,44616,37924,3197,4758,138113,35639,4,11,21809,186672,1
04,2010,2118,183,16883,29710,1367,535,79118,5310,7872,4645,2245,192840,1354,919,530,3188,2749,2833,5332,4183,53962,2118,24278,12919,1212,2011,46664,14201,4,0,10517,73076,1
04,2011,2047,178,16863,29470,1368,555,79664,5378,7860,4637,2387,192587,1263,925,527,3217,2831,2774,5169,4447,54457,2047,24342,13254,1173,2094,47391,13938,2,0,9889,73801,4
04,2012,2035,176,16393,29415,1413,612,78695,5312,8142,4695,2642,192420,1260,893,531,3125,2940,2810,5074,4238,54956,2035,23906,13587,1097,1938,47901,13631,3,0,10649,73864,9
04,2013,2095,182,15894,29359,1417,646,77431,5046,7902,4721,2703,192300,1335,903,514,2700,2700,2754,4747,4442,55577,2095,23185,13991,1283,1924,47875,13484,3,0,11702,73164,2
04,2014,1968,153,14678,29228,501,509,75699,4932,7916,4460,2544,191912,1258,895,501,2646,2833,2769,4776,4452,55732,1968,20773,13861,1291,1925,47353,13462,2,0,13015,70128,0
04,2015,2018,151,14147,29059,1270,573,73752,4977,7617,4397,2543,191354,1261,894,573,2686,2911,2656,5234,4158,56557,2018,21118,13598,1167,1880,46343,13139,2,0,13613,69506,1
04,2016,1869,189,13723,28805,1242,533,73201,5132,7900,4247,2467,190222,1284,858,562,2668,2936,2564,5248,4073,56922,1869,20819,13244,1082,1771,45744,12751,88,0,13295,68464,4
04,2017,1947,163,14599,28436,1286,484,75889,5379,7630,4269,2668,189236,1240,829,534,2734,3163,2758,5208,4015,57549,1947,21911,13681,1164,1780,46468,12208,3,0,9946,70366,4
04,2018,1897,152,14645,27983,1277,501,76210,5443,7654,4287,2570,187922,1254,765,539,2902,3356,2702,5376,4103,57779,1897,22018,13729,1151,1812,46826,11777,2,0,8797,70770,3
04,2019,1920,143,14160,27316,1375,530,75074,5023,7334,3996,2562,186546,1236,714,557,2895,3183,2768,5350,4313,57731,1920,21231,13721,1101,1716,46098,11917,2,0,9158,69284,6
04,2020,1866,127,12854,26845,1373,570,72507,5205,7224,3936,2108,185586,1169,698,525,2749,3354,2621,6278,4345,57509,1866,20129,14219,970,1630,45548,11158,0,0,11289,67592,6
04,2021,1885,125,14161,26196,1366,606,75106,5593,7283,3783,2365,184576,1198,661,518,2903,3585,2263,5388,4363,57458,1885,21851,14590,1005,1667,46184,12169,0,0,8259,69965,7
04,2022,1861,132,13952,25542,1366,625,75244,5671,7285,3882,2487,183195,1212,671,540,2910,3561,2365,5352,4527,57153,1861,21746,14925,1043,1637,47045,11645,0,0,8259,70692,6
04,2023,1815,126,14004,25128,1428,648,74651,5141,7132,3818,2476,182698,1222,664,509,2899,4028,2484,5426,4588,56726,1815,21347,14515,1063,1640,47038,11802,0,0,8965,70257,7
05,2010,1126,18,4347,11639,51,219,28174,1701,2329,1135,794,66465,320,236,140,1211,758,1041,1764,1586,17145,1126,6336,3147,226,490,13413,4348,0,0,3393,20876,0
05,2011,1062,20,4626,11465,51,211,28501,1727,2304,1073,853,66489,300,243,152,1175,707,1149,1796,1551,17426,1062,6635,3194,258,498,13457,4260,0,0,3040,21154,0
05,2012,1084,18,4730,11297,55,219,28149,1789,2412,1130,858,66298,317,219,131,1090,773,1170,1856,1587,17688,1084,6811,3401,269,533,13891,4150,1,0,3158,21797,2
05,2013,1049,17,4438,11113,45,226,27304,1601,2323,1131,901,65970,303,224,117,1123,754,1153,1704,1541,17990,1049,6327,3377,284,534,13766,4225,1,0,3633,21142,0
05,2014,1007,22,4158,10934,45,221,26778,1547,2161,1127,836,65606,271,221,119,1085,746,1076,1790,1543,18131,1007,5993,3289,264,518,13258,4188,2,0,3785,20258,0
05,2015,994,19,4273,10668,43,216,26258,1548,2269,1038,797,65180,185,210,123,1047,783,1084,1803,1561,18424,994,6099,3318,271,521,13208,4235,1,0,3792,20301,0
05,2016,939,26,4409,10412,49,214,26121,1573,2209,1060,764,64637,181,195,125,899,801,1083,1806,1481,18744,939,6271,3220,264,520,12803,3979,1,0,3574,20013,0
05,2017,944,30,4664,10163,45,204,26195,1664,2203,1045,753,63997,172,175,119,905,789,1105,1875,1476,19064,944,6607,3193,267,502,12710,3942,6,0,2758,20261,0
05,2018,899,32,4656,9816,44,218,26149,1650,2165,1015,806,63134,163,158,121,915,849,1051,1816,1512,19184,899,6600,3228,270,467,12721,3785,1,0,2384,20228,0
05,2019,882,35,4137,9565,48,229,25922,1510,2067,968,730,62728,170,155,129,939,835,1063,1891,1572,19276,882,5959,3307,279,452,12669,3709,3,0,2365,19510,0
05,2020,876,22,4074,9307,43,239,25223,1574,2032,950,595,62409,187,138,167,902,818,1118,1783,1607,19278,876,5952,3307,266,461,12548,3790,0,0,3028,19377,1
05,2021,887,27,4372,9089,53,238,25719,1623,2138,945,656,62127,201,139,208,959,826,1075,1738,1648,19327,887,6313,3342,297,456,12892,3837,2,0,2417,20092,0
05,2022,903,23,4335,8792,49,263,25960,1606,2089,944,698,61715,193,140,215,949,898,1028,1674,1662,19363,903,6276,3477,270,433,12998,3721,2,0,2205,20179,0
05,2023,909,25,3814,8556,37,274,25285,1548,2118,900,690,61385,167,147,211,920,882,977,1764,1716,19286,909,5698,3419,265,446,12858,3816,0,0,2678,19467,0
06,2010,3236,165,34486,63567,718,456,175075,10589,19409,8761,5858,406304,8169,2472,1577,9602,6640,7001,13345,12802,96340,3236,46414,27481,3098,4321,117199,34055,8,0,23898,166907,0
06,2011,3196,150,34173,63962,716,454,178997,11307,19691,8711,6150,409251,8897,2540,1657,10205,6201,6530,13408,13466,97700,3196,46800,27981,3180,4340,119557,33075,8,0,22060,169626,1
06,2012,3163,127,32417,64529,766,496,177720,11151,20065,8801,6685,412325,8820,2696,1588,10920,6322,7081,13191,13438,99118,3163,44957,29304,3257,4469,123454,32926,8,0,24762,171629,3
06,2013,3198,131,29993,65243,732,524,173779,10718,19655,8512,6536,415579,8578,2631,1572,10806,6423,7644,12464,13010,100617,3198,42098,29729,3314,4422,122838,33399,6,0,30025,168174,0
06,2014,2982,151,28298,65581,758,623,171749,10193,20035,8157,6210,417864,8334,2556,1598,10823,6365,6532,12861,13048,101490,2982,40023,30887,3315,4250,122115,33483,5,0,32649,165194,1
06,2015,3069,146,27832,65635,678,589,171017,10396,19301,7548,6267,420058,8452,2584,1597,10795,6486,6674,13226,12795,103031,3069,39641,31091,3581,4183,121363,33610,9,0,33485,164153,1
06,2016,2781,189,27073,65640,645,657,172658,10889,19429,7486,6605,422211,8823,2695,1602,11118,6647,6223,12908,12373,104727,2781,39453,31379,3696,4151,122232,33999,5,0,32227,164557,7
06,2017,2750,171,28068,65784,659,692,179904,11897,19540,7427,6733,424893,9785,2780,1652,11310,6999,6554,13577,13172,107634,2750,41487,32132,3960,4199,126249,33300,6,0,24645,170564,1
06,2018,2757,189,29007,65495,689,731,185665,11913,19787,7721,6584,427793,10517,2955,1648,12059,7727,6545,15315,13630,108616,2757,42529,33459,3881,4286,130805,32986,6,0,19671,176191,2
06,2019,2685,181,28368,64738,658,748,186018,11112,19092,7444,6725,430099,10718,2873,1880,12166,7319,6927,14798,13671,109092,2685,41067,32908,3581,4180,129489,34507,5,0,20876,173319,2
06,2020,2604,165,25878,64003,664,811,181426,11044,19184,7429,5973,433672,11264,3032,1947,12210,8314,7354,14150,14099,109407,2604,38562,34028,3195,4109,132139,36796,1,0,27824,173404,0
06,2021,2629,180,28749,63546,642,837,192182,11893,19747,7594,6873,438033,11776,3061,2125,13363,8939,6783,14507,14618,109853,2629,42301,35329,3511,4299,138024,37460,6,0,20423,183043,0
06,2022,2620,165,29468,62939,681,865,198528,12312,19999,7740,7414,443142,12715,3221,2155,14175,9387,7071,15142,14890,110164,2620,43491,36068,3714,4266,142818,37130,3,0,19175,188990,0
06,2023,2636,142,28521,62530,894,942,199194,11053,20141,7794,7633,449487,12927,3459,2158,14127,9568,7745,15032,14876,110045,2636,41552,36824,3772,4364,145390,38178,2,0,24444,189655,0
07,2010,1961,33,15154,30745,306,430,81195,5827,9163,3757,2433,197687,1437,944,727,2764,3294,2792,6624,5102,52351,1961,21750,12097,1216,2032,47758,14560,0,0,12212,71499,1
07,2011,1896,33,14793,30569,318,452,82252,5811,9288,3870,2731,198184,1482,1036,727,2835,3134,3147,6552,5103,53410,1896,21407,12523,1317,1993,49188,13995,2,0,11406,72520,1
07,2012,1857,28,14240,30493,342,522,81494,5778,9147,3911,2831,198477,1399,974,712,2965,3037,3084,6385,5240,54012,1857,20910,13167,1322,2051,49840,13749,0,0,12344,72632,0
07,2013,1884,20,13419,30408,330,494,79033,5534,8892,3701,2878,198402,1368,941,699,2986,2937,2962,5855,4972,55053,1884,19797,13943,1500,2042,49821,14021,0,0,14032,71536,0
07,2014,1768,18,12744,30361,301,514,76914,5317,8486,3660,2612,198340,1415,941,680,2998,2931,2595,5293,4776,55899,1768,18894,13635,1419,1993,48141,13807,0,0,16066,68836,0
07,2015,1772,21,12533,30006,298,486,76297,5389,8185,3495,2710,197828,1403,945,649,2993,3238,2170,5342,4580,56782,1772,18727,13999,1330,1939,47637,13699,1,0,15702,68159,1
07,2016,1653,25,13038,29794,269,498,77024,5687,8382,3518,2783,197901,1456,904,629,3072,3300,2103,5339,4303,57715,1653,19517,14000,1371,1898,47765,13340,46,0,14689,68956,2
07,2017,1626,40,13248,29588,282,518,77561,5871,8196,3310,2554,197610,1610,802,620,3081,3272,2177,5317,4392,58852,1626,19959,13655,1423,1857,46997,13252,48,0,13040,68596,2
07,2018,1620,47,13253,29199,289,518,78226,5889,8121,3391,2940,196999,1633,762,650,3045,3271,2161,5793,4355,59627,1620,19996,13854,1360,1768,47312,12552,1,0,11602,68952,4
07,2019,1558,45,12687,28526,294,533,77684,5703,8026,3489,2937,196124,1674,711,689,3022,3111,2166,6262,4560,60046,1558,19262,13720,1267,1765,47137,12640,0,0,10966,67996,2
07,2020,1482,56,11841,27974,292,551,74316,5631,8056,3342,2352,195740,1647,633,653,2963,2810,2217,5885,4500,60075,1482,18371,13584,1137,1587,45481,13093,0,0,14397,65365,0
07,2021,1535,53,12652,27638,277,574,77096,5995,8184,3258,2605,195270,1642,612,724,3186,3057,1993,5779,4636,60069,1535,19551,13976,1288,1692,46853,13080,0,0,11608,67964,0
07,2022,1490,58,12742,26941,273,582,77985,6003,8125,3247,2739,194604,1677,622,704,3316,3229,2052,5771,4650,59973,1490,19658,14423,1354,1683,47821,12972,0,0,10962,69009,0
07,2023,1531,58,12047,26412,285,560,77047,5421,8054,3190,2807,194558,1671,611,712,3244,3255,2281,6002,4830,59842,1531,18371,14712,1365,1646,48378,13297,0,0,11958,68327,1
08,2010,1631,136,9617,24597,340,409,66173,4799,6763,6317,2132,166744,832,697,440,2446,2958,4367,5885,3454,48405,1631,15301,10074,909,1740,43129,11388,0,0,10296,60095,2
08,2011,1593,142,9299,24232,363,436,65740,4700,6789,6059,2076,166193,801,643,452,2546,3120,4755,5758,3465,48831,1593,14940,10679,934,1703,44025,11256,3,0,10376,60576,0
08,2012,1457,150,8426,24161,320,444,64673,4226,7220,5948,2312,165777,837,642,532,2560,3087,4604,5948,3721,49289,1457,13566,11519,989,1721,45694,10811,2,0,10895,60767,2
08,2013,1434,142,7925,23873,320,446,63025,4124,7131,5763,2158,165103,844,620,457,2451,2905,4742,5687,3647,49842,1434,12957,11439,1022,1633,44814,10367,2,0,12309,59245,1
08,2014,1369,124,7452,23557,269,453,61471,3995,6705,4984,2092,164181,887,575,499,2457,2997,4795,5027,3631,50204,1369,12293,11130,1050,1655,43457,10810,0,0,13112,57158,0
08,2015,1393,114,7980,23138,280,438,59668,3826,6427,4733,2135,162967,861,589,447,2424,2829,4626,4958,3466,50711,1393,12638,11165,1017,1646,42374,10871,9,0,13621,56457,1
08,2016,1328,101,7799,22684,258,438,59494,3897,6267,4669,2176,161923,817,545,449,2462,2773,4489,4911,3340,51188,1328,12493,11151,990,1722,41850,10580,0,0,13066,55700,0
08,2017,1269,95,8158,22097,245,446,60311,4034,6174,4836,2158,160061,742,506,448,2386,2865,4640,4810,3190,51671,1269,12978,11546,1031,1593,42125,10190,10,0,10953,56392,0
08,2018,1227,89,8686,21427,247,420,61147,3931,6045,4719,2238,158179,770,469,439,2446,2972,4668,4691,3195,51872,1227,13373,11906,1075,1585,42532,9573,5,0,9443,57166,1
08,2019,1165,87,8161,20722,268,417,59985,3695,5953,4723,2227,156209,719,431,470,2519,2881,4698,4787,3244,51932,1165,12628,11313,885,1529,41605,9627,13,0,9130,55439,1
08,2020,1089,67,7781,20086,294,458,57947,3699,5842,4598,2014,154649,707,416,455,2414,2928,4715,4415,3238,51636,1089,12299,11026,817,1482,40652,9780,0,0,10759,54098,3
08,2021,1131,70,8290,19618,290,474,59069,3810,5842,4574,2030,153251,711,383,539,2499,3179,3968,4690,3636,51568,1131,12934,11407,907,1511,41193,9660,7,0,8622,55306,2
08,2022,1108,84,8184,18928,323,485,59362,3880,5893,4664,2039,151427,685,385,576,2491,3242,4118,4693,3678,51248,1108,12956,11671,939,1458,41842,9312,3,0,7862,55957,2
08,2023,1112,67,7547,18370,334,515,58185,3626,5672,4587,1989,150565,698,394,553,2422,3215,4104,4745,3587,51008,1112,12089,11982,934,1441,41581,9227,3,0,9011,54836,3
09,2010,1456,106,7967,17654,260,198,48881,3260,5389,3022,1847,122355,1095,548,360,2046,1671,2286,3872,3446,34824,1456,11791,7638,716,1257,31322,9558,1,0,7543,44588,1
09,2011,1450,112,7964,17489,287,172,49627,3559,5521,2999,1916,122125,1067,566,368,2180,2022,2651,3652,3589,35058,1450,12094,7405,676,1325,32287,9182,2,0,7096,45853,2
09,2012,1418,136,7989,17389,296,187,49319,3570,5750,2989,1963,122153,1026,588,406,1912,2253,2459,3522,3586,35310,1418,12178,7794,729,1316,32772,9032,1,0,7561,46379,0
09,2013,1293,161,7754,17413,274,178,48656,3439,5842,2948,1953,122257,988,549,400,1880,2207,2553,3494,3659,35657,1293,11806,7687,734,1289,32689,8997,0,0,8021,45811,0
09,2014,1185,144,6276,17328,256,174,47674,3511,5735,2661,1976,122207,999,546,412,2005,2177,2637,3460,3632,35817,1185,10361,7404,757,1261,32202,8958,0,0,8952,43779,0
09,2015,1222,117,7019,17296,264,178,46357,3121,5316,2615,2054,121642,1036,549,413,1899,2168,2831,3581,3454,36124,1222,10699,7429,707,1242,31713,8742,0,0,9523,43649,2
09,2016,1100,96,7043,16991,247,193,46113,3327,5237,2552,1986,120844,982,519,420,1797,2218,2817,3429,3353,36366,1100,10906,7367,730,1157,31135,8749,0,0,9177,43170,2
09,2017,1082,112,6976,16807,236,185,46701,3353,5477,2644,1987,120391,958,473,397,1880,2230,2705,3516,3374,36790,1082,10862,7628,765,1156,31675,8854,1,0,7704,43648,1
09,2018,1030,83,7250,16434,245,178,47181,3246,5284,2594,2060,119456,973,451,455,1912,2507,2760,3926,3474,37121,1030,11002,7828,720,1108,32126,8438,0,0,6339,44198,1
09,2019,1008,83,6791,16054,230,194,46189,2823,5096,2498,2019,118624,970,414,430,1905,2510,2737,3955,3439,37235,1008,10121,7738,646,1059,31461,8598,0,0,6579,42633,0
09,2020,986,104,6550,15630,198,204,44650,2724,4585,2503,1683,118343,1008,392,426,1850,2546,2843,3951,3513,37058,986,9780,7859,633,1026,30867,8955,0,0,8088,41676,1
09,2021,943,119,7164,15244,284,188,45892,2871,4524,2360,1794,117608,1012,396,406,1834,2478,2604,4132,3603,37071,943,10626,8431,640,1065,31147,9087,0,0,6170,42768,0
09,2022,913,123,7375,14859,271,229,45827,2925,4459,2301,1792,116624,1032,411,390,1897,2484,2538,3858,3718,37010,913,10923,8420,654,1106,31202,9044,0,0,5986,43070,1
09,2023,903,102,6995,14564,233,252,44976,2686,4284,2211,1780,116477,1067,438,397,1848,2461,2601,4016,3760,36689,903,10268,8606,690,1115,31258,9186,0,0,7006,42470,0
10,2010,2732,56,5776,16484,216,197,45937,2600,4628,2143,1630,116950,756,532,351,1641,1198,2243,3318,3434,35879,2732,8845,8707,856,1461,29581,8734,1,0,6580,41205,2
10,2011,2702,53,5955,16193,225,219,45914,2610,4684,2100,1673,116379,757,555,370,1703,1198,2541,3206,3348,36262,2702,9062,8723,789,1472,29914,8382,1,0,6376,41726,0
10,2012,2628,41,5780,15902,223,227,45312,2585,4853,2099,1739,115809,791,525,360,1774,1252,2466,3010,3419,36524,2628,8856,8891,811,1484,30468,8389,4,0,6648,41989,0
10,2013,2734,48,5386,15708,227,242,44266,2509,4730,2102,1696,115286,775,520,356,1678,1214,2630,2873,3315,36783,2734,8412,8874,821,1403,30117,8283,3,0,7343,41285,0
10,2014,2514,45,5352,15490,224,239,43524,2424,4735,1952,1701,114744,761,488,370,1646,1209,2544,2751,3242,36959,2514,8284,8781,773,1313,29519,8143,4,0,7831,40345,1
10,2015,2515,42,5084,15296,220,256,42075,2297,4528,1907,1715,113828,793,474,366,1626,1264,2521,2808,3193,37124,2515,7899,8523,764,1245,28936,8145,17,0,8340,39391,0
10,2016,2232,45,5529,14976,221,240,42398,2320,4538,1916,1633,112797,764,475,369,1537,1144,2511,2636,3112,37307,2232,8355,8675,781,1257,28894,7783,182,0,7650,39540,1
10,2017,2330,53,5573,14677,227,257,42298,2390,4292,1990,1581,111554,659,439,357,1574,1083,2361,2791,3015,37766,2330,8500,8933,782,1228,28479,7663,185,0,6340,39360,3
10,2018,2229,61,5592,14190,204,263,42217,2380,4224,2042,1564,109587,643,363,337,1515,1275,2179,2886,2956,37804,2229,8500,9168,768,1190,28492,6986,268,0,5486,39260,0
10,2019,2186,56,5379,13715,185,268,41026,2249,4086,1877,1495,107858,621,351,336,1499,1215,2074,2962,2855,37978,2186,8137,9020,704,1114,27252,7001,5,0,5159,37627,0
10,2020,2133,53,4756,13371,181,269,39519,2191,3978,1834,1298,106741,587,346,326,1446,1418,2251,2705,2833,37791,2133,7450,9116,654,1079,27166,6985,0,0,6352,36815,3
10,2021,2219,53,5379,12961,170,249,40435,2283,3947,1736,1490,105823,586,326,335,1510,1468,2049,2722,2916,37788,2219,8134,9335,711,1080,27492,6778,3,0,5096,37900,2
10,2022,2128,54,5481,12611,182,282,40676,2204,3930,1684,1425,104761,617,323,355,1488,1506,2048,2748,2915,37467,2128,8203,9817,716,1054,27881,6486,3,0,4729,38287,3
10,2023,2126,41,5288,12377,187,286,39817,2011,3739,1647,1366,104219,643,343,360,1433,1607,1997,2771,2933,37402,2126,7813,9564,723,1041,27397,6369,1,0,5462,37404,3
11,2010,4631,155,9977,31765,328,448,84055,5110,8895,4653,2762,211705,1789,1364,847,3659,2870,3382,6194,6629,59994,4631,16018,16732,1165,2351,57105,17597,7,0,12033,77785,2
11,2011,4607,156,10155,31542,304,423,85330,5573,9027,4622,2738,211732,1774,1397,904,3759,2826,3433,6197,6796,60308,4607,16611,17042,1116,2337,57781,17139,10,0,11147,79037,0
11,2012,4583,174,10079,31427,244,431,85127,5596,9345,4712,2936,211967,1812,1417,848,3775,2959,3439,6135,7000,60490,4583,16524,17966,1231,2369,59812,16780,3,0,11942,80959,1
11,2013,4582,171,8924,31332,242,437,83703,5521,9199,4735,3057,212224,1829,1356,825,3794,3460,3417,5973,6716,61127,4582,15295,17550,1353,2376,59669,16784,2,0,13242,79611,1
11,2014,4227,178,8414,31115,252,451,82403,5266,9036,4484,2842,212160,1849,1355,828,3695,3488,3594,6014,6642,61452,4227,14561,17366,1306,2338,58823,16568,0,0,14546,77695,0
11,2015,4204,177,8618,31025,241,448,81497,4996,8940,4429,2844,211877,1844,1258,849,3703,3487,3327,5974,6462,61895,4204,14480,17463,1312,2258,58179,16524,3,0,14911,76922,1
11,2016,3885,177,8768,30701,254,465,82259,5374,8908,4227,2808,211245,1836,1278,866,3759,3439,3282,5784,6375,62305,3885,15038,17735,1353,2196,58063,16531,1,0,13615,77040,1
11,2017,3874,197,8811,30397,217,445,83360,5826,8773,4152,2864,210248,1903,1249,876,3740,3505,3385,5177,6304,63244,3874,15496,18110,1437,2175,58478,16213,5,0,11810,77932,4
11,2018,3696,204,8723,29976,227,468,84167,5894,8614,4151,2871,209349,1952,1311,752,3865,3965,3398,5253,6478,63768,3696,15516,18347,1400,2125,59231,15637,2,0,10507,78527,4
11,2019,3542,201,8658,29420,248,479,84188,5810,8533,4159,2772,208811,1885,1318,747,4210,3990,3467,5147,6426,63798,3542,15396,18344,1312,2004,59171,15743,4,0,10472,78227,3
11,2020,3582,196,8245,28862,199,467,81611,5644,8193,3964,2438,208464,1960,1318,836,4124,4146,3510,5003,6532,63883,3582,14751,18427,1201,1952,58601,16099,0,0,12962,77052,3
11,2021,3660,143,8886,28507,481,469,84581,6069,8569,3967,2554,208624,2032,1325,836,4417,4414,3366,5022,6590,64178,3660,16048,18737,1286,1974,60068,16188,1,0,10106,79887,3
11,2022,3626,121,9147,28030,282,483,85478,6121,8549,3913,2684,208145,2179,1349,870,4566,4606,3414,5195,6604,64016,3626,16154,19228,1333,1992,61287,15575,0,0,9783,81178,2
11,2023,3613,133,8716,27762,274,511,84767,5346,8509,3908,2731,208698,2291,1385,781,4506,4743,3500,5206,6782,63996,3613,14980,19342,1311,2059,61848,15655,0,0,11245,80549,2
12,2010,2892,167,9059,22888,226,248,58596,3685,5484,2463,1791,152060,1029,689,391,2050,1485,3279,4637,5049,41885,2892,13385,10421,994,1904,37038,14223,9,0,9772,53419,0
12,2011,2839,219,9110,22938,231,260,58773,3721,5592,2479,1832,152148,1028,649,425,2238,1569,3282,4696,5194,42182,2839,13541,10457,1041,1920,37715,13496,9,0,10003,54199,0
12,2012,2852,213,8751,22783,263,297,58144,3667,5810,2511,1894,152118,1262,664,410,2209,1618,3246,4678,4936,42499,2852,13191,11085,969,1851,38473,13352,8,0,10601,54634,2
12,2013,2740,199,8414,22701,256,335,57281,3680,5719,2531,1841,151953,1209,646,432,2192,1604,3170,4513,4890,43000,2740,12884,11166,1034,1738,38227,13110,15,40,11262,53962,1
12,2014,2512,161,8270,22566,253,277,56732,3604,5679,2488,1755,152003,1167,626,440,1846,1809,3233,4435,4725,43278,2512,12565,11358,1024,1775,37970,13142,12,33,11769,53173,0
12,2015,2438,157,8158,22369,231,261,55582,3528,5409,2502,1896,151703,1171,603,452,1830,1790,3175,4574,4588,43739,2438,12335,11130,976,1592,37160,13019,15,31,12336,52064,2
12,2016,2289,160,8308,22148,213,270,55524,3488,5439,2474,1871,151183,1142,610,447,1819,1843,3072,4365,4553,44177,2289,12439,11334,963,1625,37230,12801,10,28,12077,52119,1
12,2017,2246,152,8694,21758,201,276,56514,3726,5503,2492,1993,150259,1212,594,435,1928,1993,3003,4156,4546,44801,2246,13049,11137,1034,1629,37540,12309,13,28,10631,53010,1
12,2018,2241,135,9021,21368,139,277,57103,3709,5539,2452,2036,149658,1249,542,493,1954,2276,3007,4301,4574,45354,2241,13281,11409,1063,1535,38161,12452,6,26,8996,53825,0
12,2019,2035,126,8596,20956,139,309,56350,3402,5366,2384,2073,148889,1166,572,463,2084,2095,3144,4196,4533,45411,2035,12572,11348,920,1523,37703,12709,6,26,9189,52483,1
12,2020,2025,102,7965,20529,199,284,54658,3295,5370,2236,1779,148191,1352,564,458,1986,2244,3308,3762,4581,45187,2025,11845,11117,907,1479,37407,13006,0,26,10920,51449,1
12,2021,2111,119,8978,20189,187,299,56405,3606,5367,2251,1966,148081,1439,548,476,2025,2475,3036,3762,4846,45519,2111,13189,11139,957,1482,38039,13227,4,28,8854,53513,1
12,2022,2060,134,8992,19801,189,301,57026,3528,5424,2243,1984,147568,1524,552,492,2043,2458,3049,3735,5067,45524,2060,13144,11661,964,1463,38953,12753,2,27,8575,54380,0
12,2023,2002,136,8396,19519,183,310,56765,3176,5428,2188,2084,147480,1480,559,478,1994,2428,3128,3746,5052,45270,2002,12201,12288,938,1479,39558,12429,1,33,9604,53978,0
13,2010,2137,72,4078,13769,70,85,30199,1573,2115,1403,790,78454,125,249,139,629,555,1161,2390,1639,22702,2137,5878,4586,214,633,14247,5193,9,0,4192,22300,2
13,2011,2116,75,4128,13771,63,96,30251,1605,2102,1427,842,78235,133,233,124,600,579,1195,2267,1653,22824,2116,5967,4335,232,634,14098,4889,9,0,4226,22212,3
13,2012,2060,76,3901,13682,71,103,29666,1595,2120,1431,863,77987,156,239,134,647,587,1181,2262,1688,22999,2060,5746,4436,244,705,14444,4862,13,0,4508,22291,1
13,2013,2141,71,3717,13608,96,121,28739,1553,2091,1428,840,77543,120,202,129,652,626,1173,2081,1644,23102,2141,5558,4504,214,720,14352,4757,9,0,5247,22084,0
13,2014,1952,63,3478,13671,80,132,28116,1479,2225,1375,750,77052,124,198,149,657,647,1115,1983,1576,23043,1952,5232,4424,229,713,14191,4565,9,0,5651,21428,0
13,2015,1965,50,3462,13584,88,121,27584,1514,2085,1350,742,76750,126,177,139,650,590,899,2041,1563,23300,1965,5235,4360,202,699,13615,4654,33,0,5562,20854,0
13,2016,1819,56,3585,13570,90,118,27954,1523,2155,1378,762,76477,131,165,132,673,568,882,1955,1555,23481,1819,5372,4554,232,696,13924,4501,41,0,4992,21185,1
13,2017,1831,69,3812,13435,80,117,28289,1686,2085,1357,792,75848,133,144,128,618,628,900,1952,1546,23793,1831,5764,4552,235,660,13816,4284,38,0,4054,21491,1
13,2018,1834,68,3820,13193,81,98,28377,1665,2080,1338,838,75017,120,123,128,609,673,823,1931,1531,23863,1834,5732,4429,250,648,13650,4125,60,0,3488,21265,2
13,2019,1750,66,3854,12897,64,97,27941,1647,2089,1178,730,74240,92,121,124,550,674,867,1939,1612,23855,1750,5728,4391,240,610,13289,4177,11,0,3393,20819,1
13,2020,1718,57,3756,12616,45,86,27132,1635,2134,1127,667,73632,79,113,118,581,737,845,1800,1551,23744,1718,5579,4412,216,600,13184,4180,4,0,4125,20552,0
13,2021,1766,60,4046,12360,43,77,27788,1706,2080,1085,753,73263,85,102,129,593,687,659,1851,1568,23821,1766,5932,4483,267,585,13084,4159,8,0,3255,20831,0
13,2022,1740,68,4014,12022,42,129,27822,1682,2037,1111,750,72483,91,95,130,641,721,616,1752,1600,23668,1740,5935,4512,272,551,13134,4038,7,0,3153,20883,0
13,2023,1709,53,3766,11763,41,121,27098,1510,2043,1104,743,71931,94,90,113,603,673,580,1771,1694,23556,1709,5491,4619,261,563,13186,4030,6,0,3658,20483,1
14,2010,4169,225,8650,18821,79,174,45266,2237,4025,2062,912,112083,339,522,209,906,822,1323,3199,3071,32158,4169,11365,5667,303,1079,21245,8123,5,0,4516,36835,1
14,2011,4043,227,8666,18774,79,165,45347,2300,4083,2007,925,111617,328,516,248,947,791,1356,3109,2959,32323,4043,11437,5994,323,1045,21526,7731,4,0,4333,37067,4
14,2012,3970,191,8288,18826,84,175,44632,2360,4262,1987,999,111299,343,516,213,997,777,1303,3158,2991,32501,3970,11098,6499,329,1090,22312,7479,6,0,4703,37441,2
14,2013,3921,203,7672,18694,95,182,43733,2320,4190,1902,950,110606,346,494,241,972,712,1380,2908,2772,32820,3921,10472,6634,348,1030,21972,7224,1,0,5227,36408,1
14,2014,3898,200,7679,18540,96,160,42672,2167,4171,1877,812,109709,316,456,234,936,735,1318,2794,2779,32880,3898,10302,6629,329,1016,21609,7078,1,0,5745,35875,1
14,2015,3932,173,7441,18322,90,185,41550,2190,4090,1840,847,108662,260,435,211,984,762,1007,2770,2599,33296,3932,10079,6524,338,1007,20909,6809,5,0,5915,34967,1
14,2016,3624,197,7619,18047,86,186,41393,2272,3917,1813,818,107641,260,428,193,968,707,944,2785,2490,33477,3624,10360,6503,382,976,20400,6692,1,0,5247,34449,2
14,2017,3582,185,7636,17692,87,169,41522,2237,3890,1798,876,106243,260,396,184,973,727,981,2809,2418,33652,3582,10314,6555,371,974,20403,6415,0,0,4153,34350,1
14,2018,3483,195,7915,17262,81,228,41508,2254,3867,1966,922,104809,240,399,203,960,788,935,2758,2430,33704,3483,10673,6512,362,893,20477,6106,0,0,3471,34720,23
14,2019,3445,157,6998,16798,84,235,40878,2085,3790,1820,878,103674,231,365,219,904,801,902,2723,2474,33700,3445,9559,6623,355,870,20232,6001,0,0,3574,33297,0
14,2020,3325,158,6822,16292,95,234,39587,2049,3589,1703,890,102661,217,340,192,904,772,996,2629,2487,33465,3325,9358,6956,298,833,20177,6124,0,0,4564,32908,2
14,2021,3361,152,7567,15952,95,207,40361,2122,3669,1724,939,101816,189,342,181,863,893,790,2578,2473,33623,3361,10143,6779,386,824,20052,6074,0,0,3228,33589,0
14,2022,3278,175,7560,15497,93,249,40360,2093,3569,1627,891,100606,179,343,200,890,916,742,2584,2531,33238,3278,10170,6938,403,767,19996,5694,0,0,3233,33476,0
14,2023,3197,174,7384,15092,100,241,39708,1942,3457,1581,938,99778,163,336,196,821,884,773,2791,2523,32816,3197,9841,7044,415,791,19922,5787,0,0,3584,33018,3
15,2010,2185,16,15746,24737,395,319,64473,3352,5884,2702,1537,144016,1809,1041,367,2849,1821,3008,4182,5039,33986,2185,19828,10924,807,1487,39277,11755,2,0,4880,61293,1
15,2011,2164,26,16009,24889,461,358,65667,3599,5968,2740,1716,145165,1766,989,371,2768,1997,3033,4154,5286,34366,2164,20453,11816,817,1535,40808,11429,6,0,4657,63428,0
15,2012,2128,16,15889,25075,462,381,65629,3637,6031,2670,1713,145940,1852,1038,419,2735,2234,3093,4121,5215,34770,2128,20385,12196,765,1593,41564,11455,10,0,4886,64081,1
15,2013,2156,5,15502,25345,434,383,65229,3716,5974,2651,1778,146789,1862,1027,412,2821,2144,3104,3945,5084,35135,2156,20040,12311,883,1618,41675,11234,6,0,5897,63879,0
15,2014,2106,4,15169,25523,440,388,64496,3713,5780,2440,1749,147399,1829,922,401,2934,1994,3121,3798,4932,35458,2106,19714,12205,845,1618,40800,11496,30,0,6627,62633,0
15,2015,2162,2,14901,25553,421,395,63657,3587,5698,2390,1892,147990,1818,1024,421,2871,1999,3146,4093,4886,36016,2162,19306,12256,853,1647,40941,11632,38,2,7039,62425,1
15,2016,1916,3,14398,25566,394,408,63138,3817,5643,2335,1976,147780,1747,1012,444,2852,2069,3177,3975,4807,36492,1916,19020,12091,878,1618,40686,11586,35,2,7023,61643,1
15,2017,1964,5,15077,25409,389,395,64156,3910,5597,2390,2092,147307,1732,1007,414,2929,2142,3208,4026,4799,36861,1964,19776,11952,942,1614,40858,11350,36,4,5505,62614,4
15,2018,1826,3,15515,25177,385,412,65041,3815,5410,2420,2198,147290,1657,992,398,3058,2671,3073,4148,4713,37271,1826,20130,11887,965,1603,41120,10994,73,2,4659,63090,0
15,2019,1777,7,15203,24964,403,404,64710,3851,5288,2358,2094,147212,1723,908,420,3153,2665,3048,4247,4923,37224,1777,19868,12102,897,1578,41163,11408,6,0,4659,62831,1
15,2020,1754,7,14002,24607,411,420,61368,3883,5183,2091,1724,147030,1796,917,417,3078,2798,2999,4065,4871,37359,1754,18723,11828,758,1568,40034,12130,3,3,7501,60525,0
15,2021,1750,22,15574,24373,427,399,65145,3933,5375,2158,2023,147203,2024,921,455,3334,3110,2744,4208,5205,37326,1750,20355,12574,847,1586,42363,11827,7,0,4324,64499,0
15,2022,1674,38,15965,24063,442,386,66218,3984,5556,2210,2130,147452,2031,988,471,3302,3238,2524,4304,5298,37253,1674,20815,12922,893,1636,43203,11650,4,0,3964,65722,0
15,2023,1689,38,16095,23891,457,428,66475,3760,5406,2172,2225,148632,2007,1015,403,3311,3201,2891,4470,5467,37027,1689,20778,12924,912,1713,43654,11902,7,0,4867,66150,0
16,2010,1926,22,4252,12678,271,120,28168,1669,3265,1794,653,67344,566,376,127,914,842,1006,2159,2182,16361,1926,6334,4809,360,788,17682,5327,0,0,2651,25948,0
16,2011,1906,27,4250,12710,228,122,28281,1625,3285,1808,679,67475,552,369,146,928,865,1002,1971,2241,16558,1906,6252,4945,372,796,17988,5252,0,0,2703,26160,1
16,2012,1913,25,4333,12764,215,137,28239,1570,3313,1843,667,67619,525,364,140,978,884,980,1977,2271,16684,1913,6280,5163,407,832,18367,5217,0,0,2738,26565,0
16,2013,1728,35,4295,12856,220,142,27905,1540,3310,1725,654,67715,546,365,134,921,843,1023,1856,2213,16901,1728,6232,5262,376,823,18195,5190,0,0,3007,26172,1
16,2014,1708,37,3906,12957,211,149,27549,1518,2955,1677,629,67861,577,347,130,920,849,994,1841,2118,17102,1708,5821,5372,364,778,17710,4925,0,0,3487,25252,1
16,2015,1725,41,4078,13051,213,159,27304,1500,3205,1614,602,68057,574,345,139,930,793,1056,1890,2124,17313,1725,5991,5430,370,755,17938,4914,1,0,3585,25668,0
16,2016,1582,37,4156,13030,195,156,27109,1539,3172,1628,584,68020,548,355,151,878,854,1076,1890,2085,17604,1582,6083,5427,364,749,17872,4925,1,0,3462,25544,0
16,2017,1521,51,4193,12928,177,145,27643,1647,3118,1611,633,67778,534,319,165,914,860,873,1921,2081,17807,1521,6213,5798,388,781,18076,4768,1,0,2711,25819,0
16,2018,1503,62,4284,12809,174,146,27967,1691,3218,1698,665,67459,556,301,158,927,889,866,1861,2086,17911,1503,6357,6074,358,729,18526,4562,1,0,2320,26392,0
16,2019,1423,46,4279,12688,172,156,27548,1476,3124,1564,676,67177,571,282,158,910,944,822,1818,2200,18129,1423,6129,5852,391,676,18171,4556,1,0,2409,25732,0
16,2020,1328,47,4211,12499,183,152,27038,1537,3051,1675,661,67000,604,256,153,893,896,898,1732,2225,18000,1328,6130,5926,345,686,18270,4669,1,0,3035,25746,0
16,2021,1337,36,4503,12346,169,163,27494,1571,2987,1685,748,66894,564,253,141,955,1103,729,1681,2290,18203,1337,6442,5874,336,698,18364,4751,1,0,2393,26152,0
16,2022,1300,37,4601,12115,203,169,27784,1580,3093,1644,759,66729,594,251,169,946,1139,804,1666,2326,18094,1300,6590,6223,351,694,18994,4578,1,0,2467,26897,0
16,2023,1257,48,4467,11916,200,168,27416,1624,2987,1599,771,66617,595,257,162,942,1149,824,1709,2386,18048,1257,6507,6090,329,715,18807,4679,1,0,2824,26585,1
17,2010,4734,510,21607,72315,719,641,144018,9985,13959,7317,4030,353262,4186,1820,1092,7123,5146,6210,10931,11910,72958,4734,33462,24614,1858,3607,92877,33708,5,0,19332,131127,1
17,2011,4754,639,21414,73043,646,681,146671,9849,14249,7369,4335,356160,4656,1849,1104,7673,5006,6565,10648,12287,74205,4754,33229,25261,1869,3745,95974,32583,6,0,19010,133994,5
17,2012,4716,648,20017,73661,624,747,145025,9952,14701,7119,4280,358962,4459,2020,1090,7975,4883,6371,10523,12597,75306,4716,31988,26287,1948,3776,97511,33002,5,0,21445,134269,2
17,2013,4604,576,19356,74326,569,875,143257,9817,14636,6996,4199,361759,4149,1918,1079,8130,5081,6720,9635,12551,76677,4604,31193,26465,2043,3833,97805,33139,5,0,24725,133656,1
17,2014,4371,490,19055,74613,600,693,141653,9441,14403,6896,4083,364079,4174,1902,1098,7670,5285,6703,9350,12213,77931,4371,30279,26377,2036,3785,96628,33280,3,0,27250,131321,2
17,2015,4391,443,19481,74465,596,676,141851,9804,14305,6873,4155,365726,4273,1871,1064,7584,5566,6320,9758,12234,79654,4391,31000,25930,2035,3653,95866,32991,3,0,27006,131318,0
17,2016,4067,446,19383,74078,585,715,143437,10630,14777,6714,4333,366728,4637,1904,1151,7549,5298,6516,9755,11948,81740,4067,31759,26899,2030,3653,97411,32078,2,0,25639,133293,2
17,2017,4096,506,19877,73566,570,736,147372,12033,14705,6810,4613,367709,4829,1921,1130,8096,5555,6282,9849,11991,83477,4096,33722,27330,2028,3694,98985,32027,1,0,21417,136856,0
17,2018,4063,589,20570,72356,580,764,151576,12190,14644,7149,4714,368285,5203,1943,1223,8502,5797,6312,10412,12277,84759,4063,34693,28315,2109,3673,101868,31154,7,0,18028,140674,3
17,2019,4053,499,19642,71043,570,750,151374,11706,14213,7138,4664,369593,5426,2050,1256,8267,5443,6410,10264,10961,86202,4053,33167,28548,1965,3739,100086,32029,6,0,18662,137353,1
17,2020,3960,581,19327,69970,558,749,149388,11602,14340,6856,4013,371164,5512,2101,1255,8440,5948,6883,9425,12469,86382,3960,32817,29929,1893,3629,103269,33226,1,0,22752,140101,1
17,2021,4083,723,20599,68786,550,760,154991,12219,14736,7047,4323,373175,5833,2085,1229,8988,6371,5375,9685,13340,87293,4083,34851,30852,2228,3684,106092,34162,1,0,18234,145083,1
17,2022,4066,565,21196,67373,557,885,157713,12701,14744,7019,4608,374481,6377,2159,1377,9186,6894,5044,9534,13553,87787,4066,35904,31987,2257,3704,108912,33354,3,0,18720,148946,0
17,2023,4048,576,20304,65830,631,940,156369,11489,14887,7041,4782,376216,6396,2261,1419,8765,6352,5724,9820,13721,88159,4048,33940,32381,2376,3720,109828,34308,3,0,21730,147880,6
18,2010,1646,535,2530,11425,160,150,28945,1755,2820,1392,883,76662,407,290,248,835,1406,2060,2355,1894,22802,1646,5130,4967,501,1221,18925,6125,1,0,4985,25763,1
18,2011,1629,608,2389,11183,154,169,29121,1676,2857,1339,886,75956,418,264,239,907,1294,2121,2365,2086,22848,1629,4996,5168,535,1168,19284,5847,2,0,4566,25992,2
18,2012,1600,727,2059,11088,148,162,28645,1694,3003,1394,977,75454,410,299,203,934,1223,2048,2244,2034,22983,1600,4790,5201,499,1337,19563,5586,1,0,4882,26022,0
18,2013,1565,699,1977,10962,144,176,27362,1288,2656,1274,970,74849,407,297,193,1017,1096,1971,1963,1970,23197,1565,4284,5238,546,1179,18814,5260,0,0,6078,24733,0
18,2014,1422,574,2120,10856,146,157,26744,1336,2534,1208,893,74187,396,277,205,1021,1139,1983,1834,1858,23225,1422,4333,5102,483,964,18065,5110,2,0,6386,23892,0
18,2015,1384,679,2106,10602,134,157,26555,1307,2572,1193,979,73395,418,264,199,978,1242,2009,1868,1803,23451,1384,4383,5161,483,872,18173,4980,0,0,5904,24011,0
18,2016,1360,787,2176,10481,133,109,26960,1469,2583,1182,974,72800,429,287,190,1058,1341,2023,1831,1773,23657,1360,4674,5192,503,841,18376,4858,0,0,4976,24472,0
18,2017,1305,795,2212,10308,114,123,26735,1506,2506,1197,991,71927,498,253,185,1052,1384,1995,1690,1664,23846,1305,4750,5233,535,730,18223,4737,0,0,4575,24345,0
18,2018,1329,823,2264,9997,82,119,27178,1645,2481,1168,996,70998,509,247,173,1080,1390,1990,1695,1691,23979,1329,4933,5379,508,743,18355,4479,0,0,3637,24692,0
18,2019,1331,917,2117,9841,80,146,26683,1546,2397,1141,990,70190,532,238,177,962,1398,1917,1704,1721,24035,1331,4806,5348,517,695,18035,4405,2,0,3461,24246,0
18,2020,1263,1075,2194,9562,91,145,26447,1720,2395,1056,822,69606,560,238,230,921,1298,1952,1645,1779,23707,1263,5225,5584,470,671,17977,4517,1,0,3695,24528,1
18,2021,1277,1068,2244,9431,99,150,26721,1768,2414,1019,873,69216,598,244,256,916,1508,1958,1742,1776,23642,1277,5329,5901,489,662,18615,4424,1,0,3197,25271,1
18,2022,1210,988,2288,9181,83,148,26585,1891,2390,1018,903,68543,610,244,239,976,1505,2040,1793,1845,23560,1210,5398,5664,516,634,18585,4388,1,0,2978,25252,1
18,2023,1206,1037,2229,9013,79,156,26292,1766,2336,1031,916,68149,608,259,204,967,1506,2096,1904,1842,23355,1206,5267,5596,485,660,18506,4381,0,0,3150,25053,0
19,2010,2031,359,7017,25018,598,255,61253,3835,5964,3521,2115,157253,1025,629,559,2360,2235,3853,5141,4974,41689,2031,12064,10759,1181,1431,40609,14247,3,0,9766,54913,1
19,2011,1966,328,7248,24953,578,267,61544,3980,6073,3406,2214,157066,990,635,550,2327,2135,3739,5106,5087,42151,1966,12401,10863,1116,1413,40549,13847,1,0,9316,55155,0
19,2012,1940,317,6970,24798,559,294,60907,3723,6222,3436,2380,156574,923,598,545,2257,2177,3811,4936,5064,42307,1940,11863,11291,1123,1500,41330,13413,3,0,10101,55398,3
19,2013,2017,338,6431,24721,573,292,59239,3499,6088,3395,2450,155948,876,564,561,2430,2167,3973,4440,4893,42696,2017,11133,11347,1102,1462,41312,12735,4,0,11943,54692,0
19,2014,1842,375,5840,24569,409,279,58970,3548,5885,3195,2381,155243,857,537,560,2425,2224,3851,4008,4728,42775,1842,10451,11405,1077,1512,40644,12540,7,0,12214,53232,1
19,2015,1842,365,6020,24182,480,225,58333,3350,5878,3173,2515,154546,881,534,558,2264,2387,3385,4047,4575,43430,1842,10440,11572,1150,1510,40394,12164,12,0,12215,52955,2
19,2016,1754,434,6058,23947,474,232,59034,3647,5803,3160,2636,153849,825,492,595,2289,2462,3482,3714,4344,43955,1754,10845,11786,1251,1468,40633,11877,40,0,11149,53537,0
19,2017,1706,460,6161,23710,475,232,60086,3829,5771,3185,2794,152984,824,458,627,2310,2627,3503,3697,4424,44550,1706,11157,11988,1219,1510,41275,11388,35,0,9370,54467,0
19,2018,1688,554,6295,23498,403,245,61054,4197,5849,3218,2830,152417,769,443,590,2289,2827,3465,3783,4388,45054,1688,11694,12269,1265,1475,41730,10790,53,0,8076,55414,1
19,2019,1632,614,6365,23069,400,269,61220,3846,5728,3133,2986,151331,777,437,607,2318,2841,3509,3596,4495,45051,1632,11494,12332,1201,1430,41809,10531,15,0,7682,55260,1
19,2020,1568,661,6099,22830,407,316,58396,3743,5568,2772,2220,151007,780,392,551,2304,2666,3762,3588,4591,45055,1568,11226,12696,1185,1425,40913,10881,1,0,10082,53979,0
19,2021,1545,672,5898,22580,404,295,60671,4124,5685,2904,2857,150832,800,418,560,2449,3129,3306,3728,4667,45297,1545,11393,12892,1255,1456,42380,10720,2,0,7635,55607,2
19,2022,1535,535,5800,22105,394,345,61805,4304,5838,2993,3165,149979,836,401,589,2562,3365,3434,3661,4724,45161,1535,11378,13286,1224,1456,43875,10034,2,0,7044,57079,3
19,2023,1524,652,5674,21666,396,402,62235,4027,5865,2980,3399,149958,882,414,573,2570,3471,3863,3887,4749,45074,1524,11151,13786,1279,1522,45355,10124,2,0,6833,58332,2
21,2010,252,11,609,3672,81,93,11054,654,961,3177,425,22331,483,438,50,353,232,877,1295,818,4592,252,1448,2024,282,349,10469,1374,0,0,344,12175,0
21,2011,246,13,622,3736,72,99,11343,708,1044,2944,496,22628,520,440,58,376,252,903,1217,700,4734,246,1514,2241,353,370,10697,1265,0,0,333,12467,0
21,2012,213,15,538,3760,84,95,11319,645,963,2864,444,22822,507,423,53,379,220,632,1213,466,4798,213,1377,1830,256,337,9374,1294,0,0,438,10966,0
21,2013,215,15,575,3764,82,89,11341,635,991,2734,488,23006,504,432,62,347,262,791,1212,574,4910,215,1396,1917,319,357,9778,1295,0,0,484,11391,0
21,2014,232,11,528,3823,96,66,11807,637,952,2694,495,23247,536,456,68,329,270,756,857,494,5003,232,1338,1739,246,350,9385,1224,0,0,533,10957,0
21,2015,218,10,536,3825,101,74,11797,665,942,2608,495,23293,562,453,52,307,311,620,840,534,5116,218,1386,1829,245,356,9314,1202,0,0,513,10927,0
21,2016,213,8,538,3914,99,78,11885,702,909,2483,525,23466,524,513,95,329,300,665,862,493,5186,213,1425,1842,332,384,9394,1172,0,0,447,11037,0
21,2017,222,10,528,3985,103,60,12032,716,913,2509,552,23776,529,529,106,348,285,713,826,499,5355,222,1417,1864,419,365,9631,1107,0,0,471,11275,0
21,2018,238,11,549,4083,101,55,12181,722,938,2444,550,24017,529,513,123,374,323,787,849,537,5386,238,1438,2084,402,389,9993,1073,0,0,445,11674,0
21,2019,239,10,490,4074,109,54,11924,723,852,2421,445,24090,527,519,129,411,318,725,862,589,5489,239,1386,1985,387,380,9688,1282,0,0,459,11316,0
21,2020,218,12,507,4094,105,53,11192,705,844,1398,288,24293,557,549,128,397,319,722,901,709,5549,218,1382,2122,356,352,8741,1412,0,0,1145,10344,0
21,2021,229,11,615,4095,107,54,11566,828,886,1649,432,24487,584,548,115,393,359,716,1056,738,5754,229,1615,2187,340,366,9314,1352,0,1,664,11162,0
21,2022,242,12,623,4059,111,47,11876,848,1093,2293,564,24608,594,562,132,425,387,792,982,880,5826,242,1641,2564,357,378,11026,1331,0,5,534,12911,0
21,2023,224,12,606,4021,118,48,11823,803,1056,2322,526,24756,623,594,134,392,386,813,1029,891,5940,224,1587,2671,341,373,11123,1401,0,1,542,12939,0
